{
  "best_params": {
    "k": 27.00203773569785
  },
  "best_metrics": {
    "accuracy": 0.6123335934071292,
    "accuracy_without_draws": 0.6127087028316311,
    "log_loss": 0.6494737557638733,
    "brier_score": 0.22828577186841556,
    "duration": 0.4066030979156494
  }
}