{
  "best_params": {
    "initial_rd": 123.36537371532519,
    "initial_sigma": 0.01998857088735469,
    "tau": 1.0989235452350448
  },
  "best_metrics": {
    "accuracy": 0.6166735748768714,
    "accuracy_without_draws": 0.6170631765641246,
    "log_loss": 0.6462833434527405,
    "brier_score": 0.22686265458232066,
    "duration": 4.357642412185669
  }
}