{
  "best_params": {
    "initial_rating_dev": 96.8902078918919,
    "c": 3.1869247825884885
  },
  "best_metrics": {
    "accuracy": 0.6149058857950943,
    "accuracy_without_draws": 0.6152895847348786,
    "log_loss": 0.6467351173518956,
    "brier_score": 0.22711585395752912,
    "duration": 3.4226186275482178
  }
}