{
  "best_params": {
    "initial_sigma": 14.864215124171157,
    "beta": 30.203407907808945,
    "tau": 0.5387238347335329
  },
  "best_metrics": {
    "accuracy": 0.6150826547032721,
    "accuracy_without_draws": 0.6154669439178032,
    "log_loss": 0.6470803915625101,
    "brier_score": 0.22718489355836896,
    "duration": 3.7455215454101562
  }
}