{
  "best_params": {
    "initial_sigma": 1.8266873312394365,
    "sigma_reduction_factor": 0.35262645702340684,
    "sigma_lower_bound": 0.44038309985542734,
    "b": 0.4340964001211022
  },
  "best_metrics": {
    "accuracy": 0.6172709318769201,
    "accuracy_without_draws": 0.6176625282857318,
    "log_loss": 0.648192054658719,
    "brier_score": 0.22749820179742836,
    "duration": 1.9899351596832275
  }
}