{
  "best_params": {
    "v_0": 5.198331223509244,
    "beta": 0.9993428219581569,
    "s": 8.893921289708457,
    "epsilon": 0.035095362661386256
  },
  "best_metrics": {
    "accuracy": 0.6068293753352514,
    "accuracy_without_draws": 0.6071861048253929,
    "log_loss": 0.6545432028332843,
    "brier_score": 0.230506646667264,
    "duration": 2.180171012878418
  }
}