{
  "best_params": {
    "v_0": 7.775441461272931,
    "beta": 0.9996186175579751,
    "s": 6.870585220427713,
    "epsilon": 0.02071699648504712
  },
  "best_metrics": {
    "accuracy": 0.6104257082947286,
    "accuracy_without_draws": 0.6107944468228242,
    "log_loss": 0.6513326022893463,
    "brier_score": 0.22907538565011565,
    "duration": 4.33226466178894
  }
}