{
  "best_params": {
    "initial_sigma": 37.14002168250927,
    "beta": 31.358443836284444,
    "kappa": 0.0009617740056495432
  },
  "best_metrics": {
    "accuracy": 0.6153081874481884,
    "accuracy_without_draws": 0.6156932297718793,
    "log_loss": 0.647867827816449,
    "brier_score": 0.2274906132075335,
    "duration": 3.6018545627593994
  }
}