{
  "best_params": {
    "initial_sigma": 18.271877753602734,
    "beta": 32.627966838897976,
    "kappa": 0.0006534082044682953
  },
  "best_metrics": {
    "accuracy": 0.6161127907543765,
    "accuracy_without_draws": 0.616500519845881,
    "log_loss": 0.6470533147157519,
    "brier_score": 0.22711753832959147,
    "duration": 5.0845160484313965
  }
}