{
  "best_params": {
    "initial_rd": 256.5119452446727,
    "initial_sigma": 0.13968255601797144,
    "tau": 1.372463895975006
  },
  "best_metrics": {
    "accuracy": 0.7268754767250734,
    "log_loss": 0.522324085775018,
    "brier_score": 0.17481931237817083,
    "duration": 11.782868146896362
  }
}