{
  "best_params": {
    "initial_sigma": 6.652556913183289,
    "beta": 7.5828634892060744,
    "tau": 0.772172697717898
  },
  "best_metrics": {
    "accuracy": 0.7236525466519128,
    "log_loss": 0.5267723259536549,
    "brier_score": 0.17597043420475655,
    "duration": 8.36985182762146
  }
}