{
  "best_params": {
    "v_0": 9.180712610898347,
    "beta": 0.9990981443953374,
    "s": 4.796752208798022,
    "epsilon": 0.09625837794631242
  },
  "best_metrics": {
    "accuracy": 0.7197340008379618,
    "log_loss": 0.5309920179624875,
    "brier_score": 0.1780374621106177,
    "duration": 3.244304895401001
  }
}