{
  "best_params": {
    "initial_sigma": 39.77531946384007,
    "beta": 41.526975129904464,
    "kappa": 0.0006449326907186346
  },
  "best_metrics": {
    "accuracy": 0.7166775888185812,
    "log_loss": 0.5331204092498988,
    "brier_score": 0.17931252111951002,
    "duration": 8.03200364112854
  }
}