{
  "best_params": {
    "k": 38.94988681023111
  },
  "best_metrics": {
    "accuracy": 0.6106247042120209,
    "log_loss": 0.6418307296503286,
    "brier_score": 0.2257940994792421,
    "duration": 0.017351388931274414
  }
}