{
  "best_params": {
    "sigma": 95.2660033355344
  },
  "best_metrics": {
    "accuracy": 0.6120444865120681,
    "log_loss": 0.6413931257831881,
    "brier_score": 0.2256332604591542,
    "duration": 0.035741567611694336
  }
}