{
  "best_params": {
    "initial_rd": 96.57066629499175,
    "initial_sigma": 0.13139941051996737,
    "tau": 0.25021362063137215
  },
  "best_metrics": {
    "accuracy": 0.6138192143871273,
    "log_loss": 0.6411809745344038,
    "brier_score": 0.225538701563855,
    "duration": 0.25557684898376465
  }
}