{
  "best_params": {
    "dimension": 1,
    "eta_r": 43.845280683205154,
    "eta_c": 0.33120727981430076
  },
  "best_metrics": {
    "accuracy": 0.6133459536204449,
    "log_loss": 0.6417189050074887,
    "brier_score": 0.22570184046676592,
    "duration": 0.20506763458251953
  }
}