{
  "best_params": {
    "initial_sigma": 0.30532168530348375,
    "sigma_reduction_factor": 0.2746542148260101,
    "sigma_lower_bound": 1.1728296629876327,
    "b": 0.4319157424158428
  },
  "best_metrics": {
    "accuracy": 0.6093232371036441,
    "log_loss": 0.6423266031910123,
    "brier_score": 0.22602898302744748,
    "duration": 0.05396842956542969
  }
}