{
  "best_params": {
    "v_0": 3.956966166496096,
    "beta": 0.999607363839203,
    "s": 7.89246541303144,
    "epsilon": 0.049492073233881634
  },
  "best_metrics": {
    "accuracy": 0.6097964978703265,
    "log_loss": 0.6438816531523435,
    "brier_score": 0.22671555460804338,
    "duration": 0.05340218544006348
  }
}