{
  "best_params": {
    "v_0": 5.581898350386851,
    "beta": 1.0028366695781157,
    "s": 5.692691761590949,
    "epsilon": 0.034261088799257225
  },
  "best_metrics": {
    "accuracy": 0.6119261713203975,
    "log_loss": 0.6455197369044847,
    "brier_score": 0.22711465751461754,
    "duration": 0.06229758262634277
  }
}