{
  "best_params": {
    "initial_sigma": 44.866086372696955,
    "beta": 41.31483412557376,
    "kappa": 0.0006259774170716291
  },
  "best_metrics": {
    "accuracy": 0.6159488878371983,
    "log_loss": 0.643352624237402,
    "brier_score": 0.22640951280795937,
    "duration": 0.2323589324951172
  }
}