{
  "best_params": {
    "initial_rd": 268.1029129097302,
    "initial_sigma": 0.2080770974809782,
    "tau": 0.7528004480721877
  },
  "best_metrics": {
    "accuracy": 0.7262308907104412,
    "accuracy_without_draws": 0.7262308907104412,
    "log_loss": 0.523385024480327,
    "brier_score": 0.17512924916445866,
    "duration": 16.187568187713623
  }
}