{
  "best_params": {
    "initial_sigma": 4.184114816547302,
    "beta": 5.147860788471235,
    "tau": 0.8303933467320773
  },
  "best_metrics": {
    "accuracy": 0.7233383109697796,
    "accuracy_without_draws": 0.7233383109697796,
    "log_loss": 0.5281692451285928,
    "brier_score": 0.17616851033831035,
    "duration": 10.406525611877441
  }
}