{
  "best_params": {
    "initial_sigma": 4.799879758090398,
    "sigma_reduction_factor": 0.10704541300021869,
    "sigma_lower_bound": 0.31182090505645965,
    "b": 0.13329979908389117
  },
  "best_metrics": {
    "accuracy": 0.7155227055423654,
    "accuracy_without_draws": 0.7155227055423654,
    "log_loss": 0.5320070833840602,
    "brier_score": 0.17926156274092367,
    "duration": 6.376784086227417
  }
}