{
  "best_params": {
    "v_0": 3.1717934494925197,
    "beta": 0.9984832804030622,
    "s": 4.126849267397848,
    "epsilon": 0.06873114453275292
  },
  "best_metrics": {
    "accuracy": 0.7202362407743627,
    "accuracy_without_draws": 0.7202362407743627,
    "log_loss": 0.5285862383890866,
    "brier_score": 0.17777720255307278,
    "duration": 3.8708040714263916
  }
}