{
  "best_params": {
    "v_0": 3.22920871371898,
    "beta": 0.996967281258196,
    "s": 2.491209106142384,
    "epsilon": 0.09251695423855955
  },
  "best_metrics": {
    "accuracy": 0.7196104551851573,
    "accuracy_without_draws": 0.7196104551851573,
    "log_loss": 0.5331571809676889,
    "brier_score": 0.1782434573796603,
    "duration": 4.247054815292358
  }
}