{
  "best_params": {
    "initial_sigma": 80.23002918655412,
    "beta": 32.82299619249974,
    "kappa": 0.0007100095680843275
  },
  "best_metrics": {
    "accuracy": 0.7088861553667157,
    "accuracy_without_draws": 0.7088861553667157,
    "log_loss": 0.5398812544763527,
    "brier_score": 0.1825218133810018,
    "duration": 13.923824548721313
  }
}