{
  "best_params": {
    "initial_sigma": 32.82001395756599,
    "beta": 34.377776774966186,
    "kappa": 0.0005334782159013257
  },
  "best_metrics": {
    "accuracy": 0.7157536821976086,
    "accuracy_without_draws": 0.7157536821976086,
    "log_loss": 0.5339423038726214,
    "brier_score": 0.1796587872503051,
    "duration": 16.390522718429565
  }
}