{
  "best_params": {
    "initial_sigma": 17.807565431778468,
    "beta": 19.83942319958554,
    "tau": 0.8949536512366161
  },
  "best_metrics": {
    "accuracy": 0.6278448021065642,
    "log_loss": 0.634970930826945,
    "brier_score": 0.22186010677325446,
    "duration": 0.8695886135101318
  }
}