{
  "best_params": {
    "v_0": 6.527726818554582,
    "beta": 0.9995163114047,
    "s": 5.713865273439791,
    "epsilon": 0.016150692724084655
  },
  "best_metrics": {
    "accuracy": 0.6266222425235779,
    "log_loss": 0.6357582239029276,
    "brier_score": 0.22238283365449507,
    "duration": 0.2877936363220215
  }
}