{
  "best_params": {
    "initial_rd": 204.04090904343363,
    "initial_sigma": 0.054999544075194515,
    "tau": 0.6613931265489728
  },
  "best_metrics": {
    "accuracy": 0.6514316812587719,
    "accuracy_without_draws": 0.6558113033312704,
    "log_loss": 0.6192110083793514,
    "brier_score": 0.20812264791774554,
    "duration": 5.069283485412598
  }
}