{
  "best_params": {
    "dimension": 1,
    "eta_r": 61.71066424562168,
    "eta_c": 0.09124926767810103
  },
  "best_metrics": {
    "accuracy": 0.6464191260013176,
    "accuracy_without_draws": 0.6506537777646793,
    "log_loss": 0.6279425372384099,
    "brier_score": 0.21163296909279133,
    "duration": 3.7408158779144287
  }
}