{
  "best_params": {
    "initial_sigma": 16.61217698068742,
    "beta": 15.838265241258792,
    "tau": 0.7089497241485408
  },
  "best_metrics": {
    "accuracy": 0.6501618339268835,
    "accuracy_without_draws": 0.6545047301877339,
    "log_loss": 0.6217479922226627,
    "brier_score": 0.2089344191013177,
    "duration": 3.5169427394866943
  }
}