{
  "best_params": {
    "initial_sigma": 1.3665209422145799,
    "sigma_reduction_factor": 0.655560061131993,
    "sigma_lower_bound": 0.9052985611995714,
    "b": 0.5900923649178649
  },
  "best_metrics": {
    "accuracy": 0.6452017911530786,
    "accuracy_without_draws": 0.6494012358413643,
    "log_loss": 0.6254646320081775,
    "brier_score": 0.2108995409039336,
    "duration": 2.1190109252929688
  }
}