{
  "best_params": {
    "v_0": 5.973456638422408,
    "beta": 0.9995279753587974,
    "s": 5.056301460992634,
    "epsilon": 0.018577336958578213
  },
  "best_metrics": {
    "accuracy": 0.6506248985554293,
    "accuracy_without_draws": 0.6549811873115047,
    "log_loss": 0.6201759226620138,
    "brier_score": 0.20855165093009848,
    "duration": 2.3240928649902344
  }
}