{
  "best_params": {
    "v_0": 9.136907713383126,
    "beta": 0.9982967070578849,
    "s": 4.451910443137759,
    "epsilon": 0.04476801631708606
  },
  "best_metrics": {
    "accuracy": 0.6482809322398007,
    "accuracy_without_draws": 0.6525694301179845,
    "log_loss": 0.6207456090986005,
    "brier_score": 0.20893353595651193,
    "duration": 2.8563263416290283
  }
}