{
  "best_params": {
    "initial_sigma": 56.263064007657995,
    "beta": 29.798021804615043,
    "kappa": 0.0006225488624974537
  },
  "best_metrics": {
    "accuracy": 0.6404183812788222,
    "accuracy_without_draws": 0.6444794828721032,
    "log_loss": 0.630348956473313,
    "brier_score": 0.2129973511686308,
    "duration": 4.421708583831787
  }
}