{
  "best_params": {
    "initial_sigma": 11.343627816604911,
    "beta": 12.999514289437986,
    "kappa": 0.0002189900678043769
  },
  "best_metrics": {
    "accuracy": 0.6440274210641893,
    "accuracy_without_draws": 0.6481929012800487,
    "log_loss": 0.6269678036944955,
    "brier_score": 0.21141455600452905,
    "duration": 5.500818252563477
  }
}