{
  "best_params": {
    "k": 78.69962759638452
  },
  "best_metrics": {
    "accuracy": 0.6314031180400891,
    "log_loss": 0.6258133013866914,
    "brier_score": 0.2160565191290755,
    "duration": 0.09343338012695312
  }
}