{
  "best_params": {
    "sigma": 176.3407060764299
  },
  "best_metrics": {
    "accuracy": 0.6343461660833598,
    "log_loss": 0.6222249877888696,
    "brier_score": 0.21474256196040245,
    "duration": 0.1631004810333252
  }
}