{
  "best_params": {
    "initial_rating_dev": 251.13677529912437,
    "c": 32.15828972667678
  },
  "best_metrics": {
    "accuracy": 0.6396356983773465,
    "log_loss": 0.6179035474853286,
    "brier_score": 0.2130442480040877,
    "duration": 0.951411247253418
  }
}