{
  "best_params": {
    "initial_rd": 249.67345812334875,
    "initial_sigma": 0.17799459254112154,
    "tau": 0.5009869592584677
  },
  "best_metrics": {
    "accuracy": 0.6392777601018136,
    "log_loss": 0.6178922608319039,
    "brier_score": 0.21305099685130913,
    "duration": 0.973989725112915
  }
}