{
  "best_params": {
    "dimension": 5,
    "eta_r": 75.22257750799517,
    "eta_c": 0.22439718912640091
  },
  "best_metrics": {
    "accuracy": 0.6315622017181037,
    "log_loss": 0.6255811364920919,
    "brier_score": 0.21599271898066755,
    "duration": 1.0116140842437744
  }
}