{
  "best_params": {
    "initial_sigma": 7.063371220973203,
    "beta": 8.013730422820437,
    "tau": 0.6877742643297916
  },
  "best_metrics": {
    "accuracy": 0.6343063951638562,
    "log_loss": 0.621698160238801,
    "brier_score": 0.21477234882934898,
    "duration": 1.0323529243469238
  }
}