{
  "best_params": {
    "initial_sigma": 1.9930398917660912,
    "sigma_reduction_factor": 0.7751146483040694,
    "sigma_lower_bound": 0.8154871046841371,
    "b": 0.6217315838783082
  },
  "best_metrics": {
    "accuracy": 0.6350620426344257,
    "log_loss": 0.625306143972663,
    "brier_score": 0.21598504970795765,
    "duration": 0.3508741855621338
  }
}