{
  "best_params": {
    "v_0": 7.49150944643998,
    "beta": 0.9940330010526633,
    "s": 4.753629417215739,
    "epsilon": 0.09657128894400303
  },
  "best_metrics": {
    "accuracy": 0.6346444479796373,
    "log_loss": 0.6211435356327235,
    "brier_score": 0.2147060948116379,
    "duration": 0.4047524929046631
  }
}