{
  "best_params": {
    "v_0": 3.4496566882532105,
    "beta": 0.9938481686107152,
    "s": 2.282713550041307,
    "epsilon": 0.04156148655678254
  },
  "best_metrics": {
    "accuracy": 0.6331530384982501,
    "log_loss": 0.6224511776532704,
    "brier_score": 0.21525484186267807,
    "duration": 0.5544555187225342
  }
}