{
  "best_params": {
    "initial_sigma": 71.49763781629805,
    "beta": 25.480481655251705,
    "kappa": 0.0008565213836224278
  },
  "best_metrics": {
    "accuracy": 0.631880369074133,
    "log_loss": 0.6261395216326399,
    "brier_score": 0.21627924347652117,
    "duration": 1.1920158863067627
  }
}