{
  "best_params": {
    "initial_sigma": 39.0183667893948,
    "beta": 40.35486113987438,
    "kappa": 0.0006659450113772106
  },
  "best_metrics": {
    "accuracy": 0.6335507476932867,
    "log_loss": 0.6238687050231089,
    "brier_score": 0.21533558319736232,
    "duration": 1.4635837078094482
  }
}