{
  "best_params": {
    "k": 42.46406643178575
  },
  "best_metrics": {
    "accuracy": 0.6191699208493655,
    "accuracy_without_draws": 0.6226164863988682,
    "log_loss": 0.6480629475905036,
    "brier_score": 0.22094540281049313,
    "duration": 0.4308173656463623
  }
}