{
  "best_params": {
    "initial_sigma": 1.3347656527317893,
    "sigma_reduction_factor": 0.5480492610605824,
    "sigma_lower_bound": 0.7952398120652137,
    "b": 0.5608195731066405
  },
  "best_metrics": {
    "accuracy": 0.6192224333330151,
    "accuracy_without_draws": 0.6226705176190898,
    "log_loss": 0.6458299523549064,
    "brier_score": 0.2200536160516222,
    "duration": 1.3498928546905518
  }
}