{
  "best_params": {
    "v_0": 0.6958094987617123,
    "beta": 0.964998535743935,
    "s": 1.4618462742138574,
    "epsilon": 0.05139982994133447
  },
  "best_metrics": {
    "accuracy": 0.6209553452934493,
    "accuracy_without_draws": 0.624453547886397,
    "log_loss": 0.6421430084837753,
    "brier_score": 0.21861887740409594,
    "duration": 0.518423318862915
  }
}