{
  "best_params": {
    "v_0": 1.4525872443762755,
    "beta": 0.9745048372918735,
    "s": 3.1304486948795684,
    "epsilon": 0.08508122227439252
  },
  "best_metrics": {
    "accuracy": 0.6209839884663491,
    "accuracy_without_draws": 0.6244830194610631,
    "log_loss": 0.6416717405921603,
    "brier_score": 0.21847339830889836,
    "duration": 0.7389993667602539
  }
}