{
  "best_params": {
    "initial_sigma": 16.255258345885604,
    "beta": 24.94684202167145,
    "kappa": 0.0002160586450266297
  },
  "best_metrics": {
    "accuracy": 0.6193751969218136,
    "accuracy_without_draws": 0.622827699350643,
    "log_loss": 0.6466385076618699,
    "brier_score": 0.22035306740798616,
    "duration": 1.8683314323425293
  }
}