{
  "best_params": {
    "k": 62.602444342562265
  },
  "best_metrics": {
    "accuracy": 0.6345472938796156,
    "accuracy_without_draws": 0.635185498898865,
    "log_loss": 0.6221117337492765,
    "brier_score": 0.21504220241894337,
    "duration": 0.042226314544677734
  }
}