{
  "best_params": {
    "initial_rd": 224.69630706681858,
    "initial_sigma": 0.24465542236474708,
    "tau": 0.9812706747078099
  },
  "best_metrics": {
    "accuracy": 0.6422188501095937,
    "accuracy_without_draws": 0.6428934440115196,
    "log_loss": 0.6155739583136844,
    "brier_score": 0.2126565616846005,
    "duration": 0.45850491523742676
  }
}