{
  "best_params": {
    "temperature": 0.04998925047076744
  },
  "best_metrics": {
    "accuracy": 0.5048052604957005,
    "accuracy_without_draws": 0.5048280535321024,
    "log_loss": 0.6930907460646122,
    "brier_score": 0.2487915446659785,
    "duration": 0.02256035804748535
  }
}