{
  "best_params": {
    "initial_sigma": 4.184114816547302,
    "beta": 5.147860788471235,
    "tau": 0.8303933467320773
  },
  "best_metrics": {
    "accuracy": 0.6399426740853145,
    "accuracy_without_draws": 0.6406064712857868,
    "log_loss": 0.6182629167625562,
    "brier_score": 0.213765680870955,
    "duration": 0.47153377532958984
  }
}