{
  "best_params": {
    "v_0": 1.6120790098586995,
    "beta": 0.9947986451309826,
    "s": 2.788001254378883,
    "epsilon": 0.06280993825170765
  },
  "best_metrics": {
    "accuracy": 0.6421345472938796,
    "accuracy_without_draws": 0.6428087413179739,
    "log_loss": 0.618031195894045,
    "brier_score": 0.21366933450686285,
    "duration": 0.09013152122497559
  }
}