{
  "best_params": {
    "v_0": 0.7643911327431488,
    "beta": 0.9892317290639532,
    "s": 1.3369899396508167,
    "epsilon": 0.04330756371888409
  },
  "best_metrics": {
    "accuracy": 0.6376664980610353,
    "accuracy_without_draws": 0.6383194985600542,
    "log_loss": 0.619711275452955,
    "brier_score": 0.2140610335927714,
    "duration": 0.2068462371826172
  }
}