{
  "best_params": {
    "temperature": 0.028382263201310803,
    "prior": 42.51692868671344
  },
  "best_metrics": {
    "accuracy": 0.6101416287303996,
    "accuracy_without_draws": 0.6106640691173979,
    "log_loss": 0.6592395149901951,
    "brier_score": 0.23045010772493255,
    "duration": 0.018056392669677734
  }
}