{
  "best_params": {
    "initial_sigma": 53.97771687356077,
    "beta": 20.711587601652433,
    "kappa": 0.0009067371520302336
  },
  "best_metrics": {
    "accuracy": 0.6354746248524701,
    "accuracy_without_draws": 0.6361172285278672,
    "log_loss": 0.6215847527565918,
    "brier_score": 0.21547454908428312,
    "duration": 0.3896474838256836
  }
}