{
  "best_params": {
    "initial_sigma": 35.47521784206947,
    "beta": 41.025469327952266,
    "kappa": 0.0006206296044939622
  },
  "best_metrics": {
    "accuracy": 0.6376664980610353,
    "accuracy_without_draws": 0.6383194985600542,
    "log_loss": 0.6201430034167927,
    "brier_score": 0.21467408324302953,
    "duration": 0.5861444473266602
  }
}