{
  "best_params": {
    "temperature": 0.002899826071827697,
    "prior": 529.6005909397546
  },
  "best_metrics": {
    "accuracy": 0.6901214023675353,
    "accuracy_without_draws": 0.6911479523936271,
    "log_loss": 0.6625958523868867,
    "brier_score": 0.22080644561901333,
    "duration": 0.207777738571167
  }
}