{
  "best_params": {
    "k": 47.213555945278586
  },
  "best_metrics": {
    "accuracy": 0.7116362845580727,
    "accuracy_without_draws": 0.7127790030039165,
    "log_loss": 0.542851900851875,
    "brier_score": 0.18259188728515605,
    "duration": 0.40883636474609375
  }
}