{
  "best_params": {
    "initial_rating_dev": 266.9534170773903,
    "c": 32.59536063269182
  },
  "best_metrics": {
    "accuracy": 0.7222258991717408,
    "accuracy_without_draws": 0.7234257956576295,
    "log_loss": 0.5332809563180888,
    "brier_score": 0.17853875441548567,
    "duration": 2.9284188747406006
  }
}