{
  "best_params": {
    "temperature": 0.00400660037912215
  },
  "best_metrics": {
    "accuracy": 0.49972580462161037,
    "accuracy_without_draws": 0.4997243241187878,
    "log_loss": 0.6931468737850641,
    "brier_score": 0.24865723475936666,
    "duration": 0.22707414627075195
  }
}