{
  "best_params": {
    "initial_sigma": 1.9379868362771493,
    "beta": 2.791185043830569,
    "tau": 0.3787483111336956
  },
  "best_metrics": {
    "accuracy": 0.716784539162664,
    "accuracy_without_draws": 0.7179550553252976,
    "log_loss": 0.5371359007432821,
    "brier_score": 0.1803129134753949,
    "duration": 3.4816274642944336
  }
}