{
  "best_params": {
    "initial_sigma": 4.799879758090398,
    "sigma_reduction_factor": 0.10704541300021869,
    "sigma_lower_bound": 0.31182090505645965,
    "b": 0.13329979908389117
  },
  "best_metrics": {
    "accuracy": 0.7127992511629666,
    "accuracy_without_draws": 0.713948248982851,
    "log_loss": 0.5410705251891937,
    "brier_score": 0.1819009497895216,
    "duration": 1.7973856925964355
  }
}