{
  "best_params": {
    "v_0": 3.22920871371898,
    "beta": 0.996967281258196,
    "s": 2.491209106142384,
    "epsilon": 0.09251695423855955
  },
  "best_metrics": {
    "accuracy": 0.7134280095306531,
    "accuracy_without_draws": 0.7145804022966653,
    "log_loss": 0.5443494679630604,
    "brier_score": 0.1828871076796512,
    "duration": 1.37603759765625
  }
}