{
  "best_params": {
    "v_0": 3.1717934494925197,
    "beta": 0.9984832804030622,
    "s": 4.126849267397848,
    "epsilon": 0.06873114453275292
  },
  "best_metrics": {
    "accuracy": 0.7144018758745887,
    "accuracy_without_draws": 0.7155595269782121,
    "log_loss": 0.5406225198417758,
    "brier_score": 0.18182597067665948,
    "duration": 1.269174337387085
  }
}