{
  "best_params": {
    "initial_sigma": 38.785505844040706,
    "beta": 35.403904750363324,
    "kappa": 0.000747423527126759
  },
  "best_metrics": {
    "accuracy": 0.7157775802730608,
    "accuracy_without_draws": 0.7169426594167079,
    "log_loss": 0.5420681583585459,
    "brier_score": 0.18199656436690864,
    "duration": 3.8220834732055664
  }
}