{
  "best_params": {
    "temperature": 6.141958580155138,
    "prior": 3.973160764102398
  },
  "best_metrics": {
    "accuracy": 0.6978508755342082,
    "accuracy_without_draws": 0.6989191604243508,
    "log_loss": 0.5686646987159586,
    "brier_score": 0.19228303768571994,
    "duration": 0.2067873477935791
  }
}