{
  "best_params": {
    "initial_sigma": 17.747003973807068,
    "beta": 22.011449027934688,
    "tau": 0.8721188254527763
  },
  "best_metrics": {
    "accuracy": 0.7183020687568549,
    "accuracy_without_draws": 0.7194807787368341,
    "log_loss": 0.5353530634783423,
    "brier_score": 0.1795781112338626,
    "duration": 3.8275036811828613
  }
}