{
  "best_params": {
    "initial_sigma": 4.590836217279586,
    "sigma_reduction_factor": 0.08099885274625176,
    "sigma_lower_bound": 0.30332813210936593,
    "b": 0.1641726269831375
  },
  "best_metrics": {
    "accuracy": 0.7165292538103702,
    "accuracy_without_draws": 0.7176983915738241,
    "log_loss": 0.5377913073556392,
    "brier_score": 0.1805927095700204,
    "duration": 1.4514644145965576
  }
}