{
  "best_params": {
    "v_0": 6.527726818554582,
    "beta": 0.9995163114047,
    "s": 5.713865273439791,
    "epsilon": 0.016150692724084655
  },
  "best_metrics": {
    "accuracy": 0.710227487613933,
    "accuracy_without_draws": 0.7113625993383779,
    "log_loss": 0.5455461419667595,
    "brier_score": 0.18380556480233295,
    "duration": 1.9117965698242188
  }
}