{
  "best_params": {
    "v_0": 6.444681612901387,
    "beta": 0.9995163431237442,
    "s": 5.2990268637193605,
    "epsilon": 0.062307939797877854
  },
  "best_metrics": {
    "accuracy": 0.7111635339056768,
    "accuracy_without_draws": 0.7123036997604472,
    "log_loss": 0.5473527552159609,
    "brier_score": 0.18399241381644546,
    "duration": 2.4904987812042236
  }
}