{
  "best_params": {
    "initial_sigma": 86.71976541660206,
    "beta": 27.486044818808317,
    "kappa": 0.0005979124871883436
  },
  "best_metrics": {
    "accuracy": 0.714250595665822,
    "accuracy_without_draws": 0.7154074299403019,
    "log_loss": 0.5457447757641646,
    "brier_score": 0.18319208675575493,
    "duration": 3.733336925506592
  }
}