{
  "best_params": {
    "initial_sigma": 30.49327484732637,
    "beta": 27.10231759521792,
    "kappa": 0.0010678286215416487
  },
  "best_metrics": {
    "accuracy": 0.7169358193714307,
    "accuracy_without_draws": 0.7181071523632078,
    "log_loss": 0.5404014432086395,
    "brier_score": 0.18132262604440952,
    "duration": 4.543929100036621
  }
}