{
  "best_params": {
    "temperature": 0.0021751450396781044,
    "prior": 537.3141495775875
  },
  "best_metrics": {
    "accuracy": 0.6006241771102551,
    "accuracy_without_draws": 0.6009601859213504,
    "log_loss": 0.6754407614628002,
    "brier_score": 0.23985022414358037,
    "duration": 0.485637903213501
  }
}