{
  "best_params": {
    "k": 25.867468697915573
  },
  "best_metrics": {
    "accuracy": 0.6098527332130492,
    "accuracy_without_draws": 0.6102195584367929,
    "log_loss": 0.6506158350670028,
    "brier_score": 0.22883019463000406,
    "duration": 0.6798961162567139
  }
}