{
  "best_params": {
    "initial_sigma": 6.239810605914586,
    "beta": 12.570124940922772,
    "tau": 0.7935854889533734
  },
  "best_metrics": {
    "accuracy": 0.6134185887745648,
    "accuracy_without_draws": 0.6137973212647545,
    "log_loss": 0.6482892750235372,
    "brier_score": 0.22773053402640886,
    "duration": 2.226550817489624
  }
}