{
  "best_params": {
    "initial_sigma": 1.4501777418461834,
    "sigma_reduction_factor": 0.2700717416090095,
    "sigma_lower_bound": 0.5493209374483274,
    "b": 0.4448329264474026
  },
  "best_metrics": {
    "accuracy": 0.6154788608767738,
    "accuracy_without_draws": 0.6158644731209101,
    "log_loss": 0.648124080246019,
    "brier_score": 0.22759059755979963,
    "duration": 0.993316650390625
  }
}