{
  "best_params": {
    "v_0": 3.740445926846425,
    "beta": 0.9990985724785334,
    "s": 6.2194016870020254,
    "epsilon": 0.04085985834212473
  },
  "best_metrics": {
    "accuracy": 0.6132905837031257,
    "accuracy_without_draws": 0.6136688887529814,
    "log_loss": 0.6491941954183605,
    "brier_score": 0.22816032933393576,
    "duration": 0.6925544738769531
  }
}