{
  "best_params": {
    "v_0": 4.481016518663206,
    "beta": 0.9995156511746504,
    "s": 5.205889324724009,
    "epsilon": 0.0500759269696133
  },
  "best_metrics": {
    "accuracy": 0.6129248549275857,
    "accuracy_without_draws": 0.6133019387193444,
    "log_loss": 0.6492361838317132,
    "brier_score": 0.22813598437560612,
    "duration": 0.8516740798950195
  }
}