{
  "best_params": {
    "initial_sigma": 17.372240656579148,
    "beta": 14.935252386928072,
    "kappa": 0.00033484966570359725
  },
  "best_metrics": {
    "accuracy": 0.6138940361827668,
    "accuracy_without_draws": 0.6142743563084827,
    "log_loss": 0.6488426407250427,
    "brier_score": 0.2279299743105076,
    "duration": 2.3596034049987793
  }
}