{
  "best_params": {
    "initial_sigma": 14.227189508512318,
    "beta": 25.843928415490563,
    "kappa": 0.00034028507640401155
  },
  "best_metrics": {
    "accuracy": 0.6142353830399376,
    "accuracy_without_draws": 0.614616843006544,
    "log_loss": 0.6481230200596731,
    "brier_score": 0.22759591741819574,
    "duration": 2.7757441997528076
  }
}