{
  "best_params": {
    "initial_sigma": 52.7636915506891,
    "beta": 48.48856525161344,
    "kappa": 0.000751510646496635
  },
  "best_metrics": {
    "accuracy": 0.6159488878371983,
    "log_loss": 0.6433525727899204,
    "brier_score": 0.2264091545953067,
    "duration": 0.11047697067260742
  }
}