{
  "best_params": {
    "k": 63.47864418035325
  },
  "best_metrics": {
    "accuracy": 0.7175585230385785,
    "accuracy_without_draws": 0.7175585230385785,
    "log_loss": 0.5313328123120248,
    "brier_score": 0.17833061490181026,
    "duration": 1.6030921936035156
  }
}