{
  "best_params": {
    "initial_rd": 259.3799064899747,
    "initial_sigma": 0.05354981140552397,
    "tau": 0.42567103228178926
  },
  "best_metrics": {
    "accuracy": 0.7268848769377867,
    "accuracy_without_draws": 0.7268848769377867,
    "log_loss": 0.5222258197641916,
    "brier_score": 0.1747692750579418,
    "duration": 12.391885995864868
  }
}