{
  "best_params": {
    "temperature": 0.0021751450396781044
  },
  "best_metrics": {
    "accuracy": 0.4992291825575024,
    "accuracy_without_draws": 0.4992291825575024,
    "log_loss": 0.6931483997505304,
    "brier_score": 0.2500006095951916,
    "duration": 4.642712354660034
  }
}