{
  "best_params": {
    "initial_sigma": 17.57342660270998,
    "beta": 19.619650593830784,
    "tau": 0.7523469302825996
  },
  "best_metrics": {
    "accuracy": 0.7237720636421259,
    "accuracy_without_draws": 0.7237720636421259,
    "log_loss": 0.5265115533994007,
    "brier_score": 0.1759062975225614,
    "duration": 9.834519386291504
  }
}