{
  "best_params": {
    "initial_sigma": 5.16097297537781,
    "sigma_reduction_factor": 0.1107247559684903,
    "sigma_lower_bound": 0.3504757292511642,
    "b": 0.16482873062906195
  },
  "best_metrics": {
    "accuracy": 0.7203879870653073,
    "accuracy_without_draws": 0.7203879870653073,
    "log_loss": 0.5271053923656971,
    "brier_score": 0.1769725114905035,
    "duration": 5.095666885375977
  }
}