{
  "best_params": {
    "v_0": 5.014904078735,
    "beta": 0.9995161800272212,
    "s": 4.205031216861924,
    "epsilon": 0.014482642841897245
  },
  "best_metrics": {
    "accuracy": 0.7198857471289064,
    "accuracy_without_draws": 0.7198857471289064,
    "log_loss": 0.529996797246869,
    "brier_score": 0.17833581361696768,
    "duration": 3.491114616394043
  }
}