{
  "best_params": {
    "v_0": 6.444681612901387,
    "beta": 0.9995163431237442,
    "s": 5.2990268637193605,
    "epsilon": 0.062307939797877854
  },
  "best_metrics": {
    "accuracy": 0.7198535178281749,
    "accuracy_without_draws": 0.7198535178281749,
    "log_loss": 0.5340834945476942,
    "brier_score": 0.17847062408827236,
    "duration": 4.307707786560059
  }
}