{
  "best_params": {
    "temperature": 0.005007251532784665,
    "prior": 207.94315370325182
  },
  "best_metrics": {
    "accuracy": 0.7113960121611895,
    "accuracy_without_draws": 0.7113960121611895,
    "log_loss": 0.633684634411767,
    "brier_score": 0.21944550587002967,
    "duration": 4.7175867557525635
  }
}