{
  "best_params": {
    "initial_sigma": 50.999127038458795,
    "beta": 20.5840441124084,
    "kappa": 0.0007252644824752902
  },
  "best_metrics": {
    "accuracy": 0.7097764897994263,
    "accuracy_without_draws": 0.7097764897994263,
    "log_loss": 0.5388531815231595,
    "brier_score": 0.18209112167745264,
    "duration": 11.110639810562134
  }
}