{
  "best_params": {
    "initial_sigma": 41.741497483404395,
    "beta": 43.55750087831704,
    "kappa": 0.000662582827565389
  },
  "best_metrics": {
    "accuracy": 0.7168159062342211,
    "accuracy_without_draws": 0.7168159062342211,
    "log_loss": 0.5328986363702033,
    "brier_score": 0.17923414600570903,
    "duration": 12.758889198303223
  }
}