{
  "best_params": {
    "k": 56.46397508977685
  },
  "best_metrics": {
    "accuracy": 0.6403610949330227,
    "log_loss": 0.6331793801506735,
    "brier_score": 0.21400343285574144,
    "duration": 0.35049009323120117
  }
}