{
  "best_params": {
    "sigma": 133.86728580578398
  },
  "best_metrics": {
    "accuracy": 0.6425952624192024,
    "log_loss": 0.6297630593485273,
    "brier_score": 0.21269049834662002,
    "duration": 0.3774900436401367
  }
}