{
  "best_params": {
    "dimension": 5,
    "eta_r": 56.2224205194931,
    "eta_c": 0.049457300954819386
  },
  "best_metrics": {
    "accuracy": 0.6403849642437724,
    "log_loss": 0.63316925903745,
    "brier_score": 0.21400493308038232,
    "duration": 2.3781912326812744
  }
}