{
  "best_params": {
    "temperature": 0.00400660037912215,
    "prior": 192.2148809598511
  },
  "best_metrics": {
    "accuracy": 0.5725780000819974,
    "accuracy_without_draws": 0.5750217193227809,
    "log_loss": 0.6840124261870171,
    "brier_score": 0.23732140691634615,
    "duration": 0.0912163257598877
  }
}