{
  "best_params": {
    "k": 47.213555945278586
  },
  "best_metrics": {
    "accuracy": 0.6024045754581608,
    "accuracy_without_draws": 0.6058525628800882,
    "log_loss": 0.6537065481857315,
    "brier_score": 0.22276541930632263,
    "duration": 0.2458188533782959
  }
}