{
  "best_params": {
    "initial_rd": 160.77948374623296,
    "initial_sigma": 0.2066244837958883,
    "tau": 0.9929029318898597
  },
  "best_metrics": {
    "accuracy": 0.6092001147964413,
    "accuracy_without_draws": 0.612876909711186,
    "log_loss": 0.649058794051411,
    "brier_score": 0.22073238327271938,
    "duration": 2.2410504817962646
  }
}