{
  "best_params": {
    "initial_sigma": 4.184114816547302,
    "beta": 5.147860788471235,
    "tau": 0.8303933467320773
  },
  "best_metrics": {
    "accuracy": 0.6081136484768972,
    "accuracy_without_draws": 0.6117538618015383,
    "log_loss": 0.6504725750491966,
    "brier_score": 0.22125557246219316,
    "duration": 1.3950912952423096
  }
}