{
  "best_params": {
    "initial_sigma": 1.8266873312394365,
    "sigma_reduction_factor": 0.35262645702340684,
    "sigma_lower_bound": 0.44038309985542734,
    "b": 0.4340964001211022
  },
  "best_metrics": {
    "accuracy": 0.606760690418597,
    "accuracy_without_draws": 0.610355349310279,
    "log_loss": 0.6518479716775959,
    "brier_score": 0.2218979361858947,
    "duration": 0.7056162357330322
  }
}