{
  "best_params": {
    "v_0": 1.49210231128286,
    "beta": 0.9948915132016702,
    "s": 3.028297353003043,
    "epsilon": 0.04439170649183649
  },
  "best_metrics": {
    "accuracy": 0.6065761961379197,
    "accuracy_without_draws": 0.610164643061471,
    "log_loss": 0.6505458728515442,
    "brier_score": 0.22144786163115943,
    "duration": 0.5455052852630615
  }
}