{
  "best_params": {
    "v_0": 0.9075313654381735,
    "beta": 0.9870553304310193,
    "s": 1.70695457211663,
    "epsilon": 0.0452792085717937
  },
  "best_metrics": {
    "accuracy": 0.6057357221926121,
    "accuracy_without_draws": 0.6092958701502341,
    "log_loss": 0.6510300833708619,
    "brier_score": 0.22169896968637604,
    "duration": 0.4638838768005371
  }
}