{
  "best_params": {
    "initial_sigma": 7.764288594912927,
    "beta": 4.944322597689286,
    "kappa": 0.00028524779516975147
  },
  "best_metrics": {
    "accuracy": 0.604239268582674,
    "accuracy_without_draws": 0.6077490305765686,
    "log_loss": 0.6516526955166214,
    "brier_score": 0.22191268031985797,
    "duration": 1.710334062576294
  }
}