{
  "best_params": {
    "initial_sigma": 26.99954363342932,
    "beta": 41.03445326975658,
    "kappa": 0.0004126849267397848
  },
  "best_metrics": {
    "accuracy": 0.6057562215571317,
    "accuracy_without_draws": 0.6093170597334351,
    "log_loss": 0.6515883510047265,
    "brier_score": 0.22183423768010407,
    "duration": 1.9123551845550537
  }
}