{
  "best_params": {
    "k": 47.40605868150363
  },
  "best_metrics": {
    "accuracy": 0.7124825082258613,
    "log_loss": 0.5418564363323269,
    "brier_score": 0.18226099516172467,
    "duration": 0.6048858165740967
  }
}