{
  "best_params": {
    "initial_rd": 277.1384176457922,
    "initial_sigma": 0.12879306280732927,
    "tau": 0.43957496132844437
  },
  "best_metrics": {
    "accuracy": 0.7228688400589993,
    "log_loss": 0.5321883161914638,
    "brier_score": 0.17815326379835844,
    "duration": 5.018526554107666
  }
}