{
  "best_params": {
    "initial_rating_dev": 239.05884692819808,
    "c": 24.882189280334895
  },
  "best_metrics": {
    "accuracy": 0.7219517037933513,
    "log_loss": 0.5322886772548457,
    "brier_score": 0.17827714537473982,
    "duration": 3.0535459518432617
  }
}