{
  "best_params": {
    "dimension": 10,
    "eta_r": 48.279623944941264,
    "eta_c": 0.10071836127608579
  },
  "best_metrics": {
    "accuracy": 0.7125676033432926,
    "log_loss": 0.5421573392138891,
    "brier_score": 0.18235269861837314,
    "duration": 5.230986833572388
  }
}