{
  "best_params": {
    "initial_sigma": 7.063371220973203,
    "beta": 8.013730422820437,
    "tau": 0.6877742643297916
  },
  "best_metrics": {
    "accuracy": 0.7172856548542037,
    "log_loss": 0.5365608786963322,
    "brier_score": 0.18014029455779726,
    "duration": 3.9128663539886475
  }
}