{
  "best_params": {
    "v_0": 4.484105036267547,
    "beta": 1.0016359928759424,
    "s": 3.692151041861234,
    "epsilon": 0.03454182045164516
  },
  "best_metrics": {
    "accuracy": 0.7210865700994668,
    "log_loss": 0.5379875649898564,
    "brier_score": 0.17908608406047916,
    "duration": 2.006709098815918
  }
}