{
  "best_params": {
    "v_0": 3.7626668337954885,
    "beta": 1.0000044253463756,
    "s": 3.655522952702227,
    "epsilon": 0.0526504265221193
  },
  "best_metrics": {
    "accuracy": 0.7188740970462539,
    "log_loss": 0.5391462843221562,
    "brier_score": 0.18059046914255666,
    "duration": 1.1802244186401367
  }
}