{
  "best_params": {
    "initial_sigma": 40.91311384693846,
    "beta": 13.071998813425443,
    "kappa": 0.0002813034722331126
  },
  "best_metrics": {
    "accuracy": 0.7131963617109791,
    "log_loss": 0.546295259984512,
    "brier_score": 0.18343009215810985,
    "duration": 4.485589504241943
  }
}