{
  "best_params": {
    "initial_rd": 217.24946825713596,
    "initial_sigma": 0.06285400550552653,
    "tau": 0.8979395447955083
  },
  "best_metrics": {
    "accuracy": 0.6348150426824579,
    "log_loss": 0.6223110462588572,
    "brier_score": 0.21703550770466162,
    "duration": 0.3678932189941406
  }
}