{
  "best_params": {
    "initial_sigma": 12.895069727768801,
    "beta": 13.3349744714809,
    "tau": 0.7052334332870678
  },
  "best_metrics": {
    "accuracy": 0.6319695454895025,
    "log_loss": 0.6235759661513665,
    "brier_score": 0.2175403128203461,
    "duration": 0.30904102325439453
  }
}