{
  "best_params": {
    "v_0": 10.404855236532583,
    "beta": 0.9990416718497748,
    "s": 4.861258036847072,
    "epsilon": 0.03803404668411009
  },
  "best_metrics": {
    "accuracy": 0.6285857109897716,
    "log_loss": 0.6257612308706736,
    "brier_score": 0.21852611645999448,
    "duration": 0.12616276741027832
  }
}