{
  "best_params": {
    "temperature": 0.00400660037912215,
    "prior": 192.2148809598511
  },
  "best_metrics": {
    "accuracy": 0.5909843823946995,
    "accuracy_without_draws": 0.5910059171597634,
    "log_loss": 0.6786552349067788,
    "brier_score": 0.24279053093572064,
    "duration": 0.04798007011413574
  }
}