{
  "best_params": {
    "k": 38.87600924324852
  },
  "best_metrics": {
    "accuracy": 0.6108613345953621,
    "accuracy_without_draws": 0.610887573964497,
    "log_loss": 0.6418312399997739,
    "brier_score": 0.2257945766090521,
    "duration": 0.022907733917236328
  }
}