{
  "best_params": {
    "initial_rd": 98.15419063101554,
    "initial_sigma": 0.14283811993145948,
    "tau": 1.0899970915164612
  },
  "best_metrics": {
    "accuracy": 0.6150023663038334,
    "accuracy_without_draws": 0.6150295857988166,
    "log_loss": 0.6411768854261666,
    "brier_score": 0.22553168323008443,
    "duration": 0.17072725296020508
  }
}