{
  "best_params": {
    "initial_sigma": 6.724273608542054,
    "beta": 12.887933060680872,
    "tau": 0.7734139053529127
  },
  "best_metrics": {
    "accuracy": 0.61239943208708,
    "accuracy_without_draws": 0.6124260355029586,
    "log_loss": 0.643574801430065,
    "brier_score": 0.226561457122929,
    "duration": 0.12939858436584473
  }
}