{
  "best_params": {
    "update_method": "online",
    "variance_increase_method": "match",
    "initial_sigma": 1.9666280009260486,
    "beta": 8.346029143837118,
    "tau": 0.7726658869590945
  },
  "best_metrics": {
    "accuracy": 0.6126579778830964,
    "accuracy_without_draws": 0.612680229113174,
    "log_loss": 0.6409820700770205,
    "brier_score": 0.22551700234116706,
    "duration": 0.5000994205474854
  }
}