{
  "best_params": {
    "v_0": 5.337521406200287,
    "beta": 0.9991631003398695,
    "s": 6.25977417071629,
    "epsilon": 0.06423395087369241
  },
  "best_metrics": {
    "accuracy": 0.6105063890203503,
    "log_loss": 0.6441794673988824,
    "brier_score": 0.22688687990730994,
    "duration": 0.03561758995056152
  }
}