{
  "best_params": {
    "initial_sigma": 44.866086372696955,
    "beta": 41.31483412557376,
    "kappa": 0.0006259774170716291
  },
  "best_metrics": {
    "accuracy": 0.6159488878371983,
    "accuracy_without_draws": 0.6159763313609468,
    "log_loss": 0.6433526242374019,
    "brier_score": 0.22640951280795937,
    "duration": 0.13552522659301758
  }
}