{
  "best_params": {
    "initial_sigma": 10.647533314161734,
    "beta": 19.94896554729495,
    "kappa": 0.0007394556452944488
  },
  "best_metrics": {
    "accuracy": 0.6147657359204922,
    "log_loss": 0.6423155274966169,
    "brier_score": 0.2259950822133752,
    "duration": 0.15098953247070312
  }
}