{
  "best_params": {
    "k": 47.213555945278586
  },
  "best_metrics": {
    "accuracy": 0.7127141560455353,
    "accuracy_without_draws": 0.7138626943990266,
    "log_loss": 0.5415748626936117,
    "brier_score": 0.18216860720598788,
    "duration": 0.9592430591583252
  }
}