{
  "best_params": {
    "initial_rd": 261.83321873961444,
    "initial_sigma": 0.052720451923232145,
    "tau": 0.37949301682389786
  },
  "best_metrics": {
    "accuracy": 0.722675012291517,
    "accuracy_without_draws": 0.7238773337389255,
    "log_loss": 0.5318076098570226,
    "brier_score": 0.1780489700754972,
    "duration": 4.085510015487671
  }
}