{
  "best_params": {
    "temperature": 0.028382263201310803
  },
  "best_metrics": {
    "accuracy": 0.5021179229227336,
    "accuracy_without_draws": 0.5021293585307426,
    "log_loss": 0.6931427128475827,
    "brier_score": 0.24865515415477568,
    "duration": 0.6732542514801025
  }
}