{
  "best_params": {
    "initial_sigma": 17.303354775403808,
    "beta": 18.906948674709508,
    "tau": 0.7385967009716192
  },
  "best_metrics": {
    "accuracy": 0.7184628039786695,
    "accuracy_without_draws": 0.7196423818396137,
    "log_loss": 0.5354644968089117,
    "brier_score": 0.17957776113296695,
    "duration": 3.861065149307251
  }
}