{
  "best_params": {
    "initial_sigma": 4.799879758090398,
    "sigma_reduction_factor": 0.10704541300021869,
    "sigma_lower_bound": 0.31182090505645965,
    "b": 0.13329979908389117
  },
  "best_metrics": {
    "accuracy": 0.7149975416966076,
    "accuracy_without_draws": 0.7161584090649835,
    "log_loss": 0.539777779324113,
    "brier_score": 0.18137276841557323,
    "duration": 0.8200392723083496
  }
}