{
  "best_params": {
    "v_0": 7.775441461272931,
    "beta": 0.9996186175579751,
    "s": 6.870585220427713,
    "epsilon": 0.02071699648504712
  },
  "best_metrics": {
    "accuracy": 0.711607919518929,
    "accuracy_without_draws": 0.7127504848093084,
    "log_loss": 0.5437263974233489,
    "brier_score": 0.18307459595953218,
    "duration": 1.2455542087554932
  }
}