{
  "best_params": {
    "v_0": 7.676522932182467,
    "beta": 0.9996405017039129,
    "s": 6.371766555602055,
    "epsilon": 0.07992433462982136
  },
  "best_metrics": {
    "accuracy": 0.7122035853409477,
    "accuracy_without_draws": 0.7133493668960798,
    "log_loss": 0.5454371396386258,
    "brier_score": 0.18317381828664087,
    "duration": 2.0092878341674805
  }
}