{
  "best_params": {
    "temperature": 0.002899826071827697,
    "prior": 529.6005909397546
  },
  "best_metrics": {
    "accuracy": 0.7001295336787565,
    "accuracy_without_draws": 0.7012101220578729,
    "log_loss": 0.6448507340980798,
    "brier_score": 0.22137164552858976,
    "duration": 0.6226396560668945
  }
}