{
  "best_params": {
    "initial_sigma": 74.21311102393916,
    "beta": 23.54618962450799,
    "kappa": 0.0005395525043312519
  },
  "best_metrics": {
    "accuracy": 0.714250595665822,
    "accuracy_without_draws": 0.7154074299403019,
    "log_loss": 0.5457447810944056,
    "brier_score": 0.18319324717353583,
    "duration": 2.132110595703125
  }
}