{
  "best_params": {
    "initial_sigma": 27.79716469979733,
    "beta": 24.62830472845215,
    "kappa": 0.0009166755612541621
  },
  "best_metrics": {
    "accuracy": 0.7169358193714307,
    "accuracy_without_draws": 0.7181071523632078,
    "log_loss": 0.5404015501615462,
    "brier_score": 0.1813185325997921,
    "duration": 2.5516669750213623
  }
}