{
  "best_params": {
    "temperature": 0.002899826071827697,
    "prior": 529.6005909397546
  },
  "best_metrics": {
    "accuracy": 0.5765566108849691,
    "accuracy_without_draws": 0.5831178184437097,
    "log_loss": 0.7124923542765977,
    "brier_score": 0.2329792023045482,
    "duration": 0.07137203216552734
  }
}