{
  "best_params": {
    "k": 30.23537960372271
  },
  "best_metrics": {
    "accuracy": 0.6149329112015679,
    "accuracy_without_draws": 0.6247831210920876,
    "log_loss": 0.6496521809670253,
    "brier_score": 0.20911266811260953,
    "duration": 0.331157922744751
  }
}