{
  "best_params": {
    "initial_rd": 150.43566073197314,
    "initial_sigma": 0.12138265543973516,
    "tau": 0.5815111673655653
  },
  "best_metrics": {
    "accuracy": 0.62106135986733,
    "accuracy_without_draws": 0.6314368023046453,
    "log_loss": 0.6449013480399525,
    "brier_score": 0.20702286210437834,
    "duration": 2.9736764430999756
  }
}