{
  "best_params": {
    "temperature": 0.002899826071827697
  },
  "best_metrics": {
    "accuracy": 0.49805517865219356,
    "accuracy_without_draws": 0.49788849968900384,
    "log_loss": 0.6931507905525383,
    "brier_score": 0.23026714496251485,
    "duration": 0.07948899269104004
  }
}