{
  "best_params": {
    "initial_sigma": 1.9379868362771493,
    "beta": 2.791185043830569,
    "tau": 0.3787483111336956
  },
  "best_metrics": {
    "accuracy": 0.6199909543193125,
    "accuracy_without_draws": 0.6302746587226241,
    "log_loss": 0.6470397995959867,
    "brier_score": 0.20771636494394966,
    "duration": 2.9396517276763916
  }
}