{
  "best_params": {
    "initial_sigma": 4.799879758090398,
    "sigma_reduction_factor": 0.10704541300021869,
    "sigma_lower_bound": 0.31182090505645965,
    "b": 0.13329979908389117
  },
  "best_metrics": {
    "accuracy": 0.6176692296095281,
    "accuracy_without_draws": 0.6277539529250008,
    "log_loss": 0.6488551018384945,
    "brier_score": 0.20862252235400675,
    "duration": 0.952925443649292
  }
}