{
  "best_params": {
    "v_0": 1.6120790098586995,
    "beta": 0.9947986451309826,
    "s": 2.788001254378883,
    "epsilon": 0.06280993825170765
  },
  "best_metrics": {
    "accuracy": 0.6179707522991105,
    "accuracy_without_draws": 0.6280813173143025,
    "log_loss": 0.6459984922574188,
    "brier_score": 0.20766354377014454,
    "duration": 1.0024833679199219
  }
}