{
  "best_params": {
    "v_0": 1.49210231128286,
    "beta": 0.9948915132016702,
    "s": 3.028297353003043,
    "epsilon": 0.04439170649183649
  },
  "best_metrics": {
    "accuracy": 0.6198552691090005,
    "accuracy_without_draws": 0.6301273447474384,
    "log_loss": 0.6460940928429586,
    "brier_score": 0.2076080664262712,
    "duration": 0.6563880443572998
  }
}