{
  "best_params": {
    "temperature": 0.002899826071827697,
    "prior": 529.6005909397546
  },
  "best_metrics": {
    "accuracy": 0.5857379767827529,
    "accuracy_without_draws": 0.5930860640979474,
    "log_loss": 0.6874714985950884,
    "brier_score": 0.2263872278500818,
    "duration": 0.0837709903717041
  }
}