{
  "best_params": {
    "initial_sigma": 6.634983842823713,
    "beta": 11.536174705646836,
    "kappa": 0.0007634379484486661
  },
  "best_metrics": {
    "accuracy": 0.6164932911201568,
    "accuracy_without_draws": 0.6264772318067241,
    "log_loss": 0.6483603655113124,
    "brier_score": 0.20861008725771976,
    "duration": 2.873267650604248
  }
}