{
  "best_params": {
    "initial_rd": 208.45537206185705,
    "initial_sigma": 0.048160553062353895,
    "tau": 1.162457340399843
  },
  "best_metrics": {
    "accuracy": 0.6351887401129493,
    "accuracy_without_draws": 0.6356165149783854,
    "log_loss": 0.6288374936968194,
    "brier_score": 0.2190710020452018,
    "duration": 7.079808235168457
  }
}