{
  "best_params": {
    "dimension": 1,
    "eta_r": 52.332656683950106,
    "eta_c": 0.15477923342260103
  },
  "best_metrics": {
    "accuracy": 0.6263710441840644,
    "accuracy_without_draws": 0.6267709174011362,
    "log_loss": 0.6372610501007591,
    "brier_score": 0.22264282982809105,
    "duration": 3.4703402519226074
  }
}