{
  "best_params": {
    "initial_sigma": 19.21285821936006,
    "beta": 18.65078133066055,
    "tau": 0.6382341728295972
  },
  "best_metrics": {
    "accuracy": 0.6333009407135404,
    "accuracy_without_draws": 0.633722742055343,
    "log_loss": 0.6302055829588118,
    "brier_score": 0.2196438297445418,
    "duration": 4.47222900390625
  }
}