{
  "best_params": {
    "initial_sigma": 1.8266873312394365,
    "sigma_reduction_factor": 0.35262645702340684,
    "sigma_lower_bound": 0.44038309985542734,
    "b": 0.4340964001211022
  },
  "best_metrics": {
    "accuracy": 0.6286650788972703,
    "accuracy_without_draws": 0.6290722110797702,
    "log_loss": 0.6331066203584325,
    "brier_score": 0.22103201912573828,
    "duration": 2.4663960933685303
  }
}