{
  "best_params": {
    "v_0": 5.973456638422408,
    "beta": 0.9995279753587974,
    "s": 5.056301460992634,
    "epsilon": 0.018577336958578213
  },
  "best_metrics": {
    "accuracy": 0.628270791680938,
    "accuracy_without_draws": 0.628676676228755,
    "log_loss": 0.6329105212310785,
    "brier_score": 0.22104027873889398,
    "duration": 3.034153938293457
  }
}