{
  "best_params": {
    "v_0": 7.775441461272931,
    "beta": 0.9996186175579751,
    "s": 6.870585220427713,
    "epsilon": 0.02071699648504712
  },
  "best_metrics": {
    "accuracy": 0.6316082935727201,
    "accuracy_without_draws": 0.6320247389070454,
    "log_loss": 0.6310864735804053,
    "brier_score": 0.2201865523178159,
    "duration": 2.9677019119262695
  }
}