{
  "best_params": {
    "temperature": 0.00400660037912215,
    "prior": 192.2148809598511
  },
  "best_metrics": {
    "accuracy": 0.605473821718455,
    "accuracy_without_draws": 0.6058075702973303,
    "log_loss": 0.6802330903204368,
    "brier_score": 0.24279042278506985,
    "duration": 0.2575702667236328
  }
}