{
  "best_params": {
    "k": 47.94690922624682
  },
  "best_metrics": {
    "accuracy": 0.6299073167055986,
    "accuracy_without_draws": 0.6303986082747145,
    "log_loss": 0.6394127453250577,
    "brier_score": 0.22305615270267903,
    "duration": 0.06041145324707031
  }
}