{
  "best_params": {
    "sigma": 113.11963540813558
  },
  "best_metrics": {
    "accuracy": 0.6299073167055986,
    "accuracy_without_draws": 0.6303986082747145,
    "log_loss": 0.6379404015055421,
    "brier_score": 0.22254074033626695,
    "duration": 0.07248902320861816
  }
}