{
  "best_params": {
    "initial_rating_dev": 173.2150803512218,
    "c": 8.16732741009527
  },
  "best_metrics": {
    "accuracy": 0.634541481425665,
    "accuracy_without_draws": 0.6350502987671129,
    "log_loss": 0.6337042184101235,
    "brier_score": 0.22070368378314625,
    "duration": 0.35724568367004395
  }
}