{
  "best_params": {
    "initial_rd": 173.44704034936507,
    "initial_sigma": 0.05650406321475389,
    "tau": 1.0929596489092908
  },
  "best_metrics": {
    "accuracy": 0.63491824278502,
    "accuracy_without_draws": 0.6354284849860071,
    "log_loss": 0.6336816932225546,
    "brier_score": 0.22063122094708815,
    "duration": 0.5465736389160156
  }
}