{
  "best_params": {
    "initial_sigma": 16.83992473871427,
    "beta": 20.2413843480705,
    "tau": 0.6974226019912569
  },
  "best_metrics": {
    "accuracy": 0.6354080325521815,
    "accuracy_without_draws": 0.6359201270705696,
    "log_loss": 0.6351958052565051,
    "brier_score": 0.22124326290803684,
    "duration": 0.5647814273834229
  }
}