{
  "best_params": {
    "initial_sigma": 4.799879758090398,
    "sigma_reduction_factor": 0.10704541300021869,
    "sigma_lower_bound": 0.31182090505645965,
    "b": 0.13329979908389117
  },
  "best_metrics": {
    "accuracy": 0.6315650666867606,
    "accuracy_without_draws": 0.6320626276378489,
    "log_loss": 0.6372168506265188,
    "brier_score": 0.22227280676751943,
    "duration": 0.18895411491394043
  }
}