{
  "best_params": {
    "v_0": 5.973456638422408,
    "beta": 0.9995279753587974,
    "s": 5.056301460992634,
    "epsilon": 0.018577336958578213
  },
  "best_metrics": {
    "accuracy": 0.6318287996383091,
    "accuracy_without_draws": 0.6323273579910748,
    "log_loss": 0.6356957100117124,
    "brier_score": 0.22170777583801637,
    "duration": 0.3486213684082031
  }
}