{
  "best_params": {
    "v_0": 7.775441461272931,
    "beta": 0.9996186175579751,
    "s": 6.870585220427713,
    "epsilon": 0.02071699648504712
  },
  "best_metrics": {
    "accuracy": 0.6325069700851481,
    "accuracy_without_draws": 0.6330080931850843,
    "log_loss": 0.6347428060768427,
    "brier_score": 0.22123605227961501,
    "duration": 0.2079334259033203
  }
}