{
  "best_params": {
    "temperature": 0.00400660037912215,
    "prior": 192.2148809598511
  },
  "best_metrics": {
    "accuracy": 0.6141963680204958,
    "accuracy_without_draws": 0.614628242946827,
    "log_loss": 0.6755986150117276,
    "brier_score": 0.2403670145814026,
    "duration": 0.30203866958618164
  }
}