{
  "best_params": {
    "initial_sigma": 61.54456844370333,
    "beta": 35.07375132117121,
    "kappa": 8.269953950328124e-05
  },
  "best_metrics": {
    "accuracy": 0.6261397031120488,
    "accuracy_without_draws": 0.6266167460857727,
    "log_loss": 0.6401599568859688,
    "brier_score": 0.22352454280135883,
    "duration": 0.26773786544799805
  }
}