{
  "best_params": {
    "initial_sigma": 31.307944880507073,
    "beta": 40.02048217737051,
    "kappa": 0.0007068013867832871
  },
  "best_metrics": {
    "accuracy": 0.6281742144525657,
    "accuracy_without_draws": 0.6286589516678013,
    "log_loss": 0.6373292604812156,
    "brier_score": 0.22221712108078365,
    "duration": 0.6325318813323975
  }
}