{
  "best_params": {
    "k": 63.31275134852571
  },
  "best_metrics": {
    "accuracy": 0.717500080574983,
    "log_loss": 0.5314656584001404,
    "brier_score": 0.17837840657606677,
    "duration": 1.539893388748169
  }
}