{
  "best_params": {
    "k": 187.01448482248122,
    "kappa": 1.4776714965690423,
    "sigma": 588.2848945686831
  },
  "best_metrics": {
    "accuracy": 0.7180587337909993,
    "log_loss": 0.5305454860829305,
    "brier_score": 0.17827495128220988,
    "duration": 2.8022429943084717
  }
}