{
  "best_params": {
    "b": 0.009762034811034246,
    "sigma": 78.22802532185466,
    "use_approx": true
  },
  "best_metrics": {
    "accuracy": 0.7178223805073001,
    "log_loss": 0.5309019579890877,
    "brier_score": 0.1785004930033734,
    "duration": 2.236452341079712
  }
}