{
  "best_params": {
    "initial_rd": 239.05884692819808,
    "initial_sigma": 0.1537555798831776,
    "tau": 1.1569603754693585
  },
  "best_metrics": {
    "accuracy": 0.7268481215285612,
    "log_loss": 0.5225660305505702,
    "brier_score": 0.17482312965309205,
    "duration": 14.059152126312256
  }
}