{
  "best_params": {
    "initial_rating_dev": 239.05884692819808,
    "c": 24.882189280334895
  },
  "best_metrics": {
    "accuracy": 0.7264613616097807,
    "log_loss": 0.522509359152376,
    "brier_score": 0.17489810314437307,
    "duration": 8.483016014099121
  }
}