{
  "best_params": {
    "dimension": 20,
    "eta_r": 64.86837536579921,
    "eta_c": 0.2102231485224075
  },
  "best_metrics": {
    "accuracy": 0.7176061709693707,
    "log_loss": 0.5313948059182992,
    "brier_score": 0.17828243628681176,
    "duration": 14.362348318099976
  }
}