{
  "best_params": {
    "initial_sigma": 7.063371220973203,
    "beta": 8.013730422820437,
    "tau": 0.6877742643297916
  },
  "best_metrics": {
    "accuracy": 0.7224917007767429,
    "log_loss": 0.5272862660059282,
    "brier_score": 0.17658500052886614,
    "duration": 11.276761054992676
  }
}