{
  "best_params": {
    "v_0": 3.7626668337954885,
    "beta": 1.0000044253463756,
    "s": 3.655522952702227,
    "epsilon": 0.0526504265221193
  },
  "best_metrics": {
    "accuracy": 0.7252742235257464,
    "log_loss": 0.5298909795602081,
    "brier_score": 0.1767119751902826,
    "duration": 3.048517942428589
  }
}