{
  "best_params": {
    "initial_sigma": 2.1410904225489147,
    "beta": 1.3392725461925339,
    "kappa": 0.0009121645287315866
  },
  "best_metrics": {
    "accuracy": 0.7154333322590002,
    "log_loss": 0.5324847553318154,
    "brier_score": 0.17954860038253928,
    "duration": 12.658133506774902
  }
}