{
  "best_params": {
    "initial_sigma": 1.9379868362771493,
    "beta": 2.791185043830569,
    "kappa": 0.0004546798452985542
  },
  "best_metrics": {
    "accuracy": 0.7184763807866267,
    "log_loss": 0.5301180397330946,
    "brier_score": 0.17803221759570864,
    "duration": 13.959119081497192
  }
}