{
  "best_params": {
    "v_0": 5.337521406200287,
    "beta": 0.9991631003398695,
    "s": 6.25977417071629,
    "epsilon": 0.06423395087369241
  },
  "best_metrics": {
    "accuracy": 0.6128882820500317,
    "log_loss": 0.6491983211480213,
    "brier_score": 0.22810677596543097,
    "duration": 0.6428794860839844
  }
}