{
  "best_params": {
    "temperature": 0.005007251532784665,
    "prior": 207.94315370325182
  },
  "best_metrics": {
    "accuracy": 0.5818395007750705,
    "accuracy_without_draws": 0.5825813179320579,
    "log_loss": 0.6829030091342436,
    "brier_score": 0.2426731988803981,
    "duration": 0.025147438049316406
  }
}