{
  "best_params": {
    "initial_sigma": 3.555029682485641,
    "beta": 3.9659829955022525,
    "tau": 0.8027681145091553
  },
  "best_metrics": {
    "accuracy": 0.6185460471401883,
    "accuracy_without_draws": 0.6196205831628765,
    "log_loss": 0.6355219803023888,
    "brier_score": 0.2206914886920299,
    "duration": 0.34931230545043945
  }
}