{
  "best_params": {
    "initial_sigma": 1.6771246570946086,
    "sigma_reduction_factor": 0.5361056900641439,
    "sigma_lower_bound": 1.0814394480720393,
    "b": 0.5211018432702361
  },
  "best_metrics": {
    "accuracy": 0.6157438689932032,
    "accuracy_without_draws": 0.616793005254081,
    "log_loss": 0.6380012489492546,
    "brier_score": 0.221742428406241,
    "duration": 0.18697905540466309
  }
}