{
  "best_params": {
    "v_0": 0.7537990992676835,
    "beta": 0.9864916391767783,
    "s": 1.5119480518661224,
    "epsilon": 0.04809428060010164
  },
  "best_metrics": {
    "accuracy": 0.6171350212647562,
    "accuracy_without_draws": 0.6181967673364617,
    "log_loss": 0.6361922970095291,
    "brier_score": 0.22121978234441544,
    "duration": 0.1329028606414795
  }
}