{
  "best_params": {
    "v_0": 0.24713820961704813,
    "beta": 0.9759921037513098,
    "s": 1.1968672070022839,
    "epsilon": 0.025864780047050593
  },
  "best_metrics": {
    "accuracy": 0.6175324933423427,
    "accuracy_without_draws": 0.618597842217142,
    "log_loss": 0.6352370626074156,
    "brier_score": 0.22091921722264235,
    "duration": 0.10901260375976562
  }
}