{
  "best_params": {
    "initial_sigma": 47.815573488466626,
    "beta": 22.10518992174203,
    "kappa": 0.000528442565663143
  },
  "best_metrics": {
    "accuracy": 0.6163202035057037,
    "accuracy_without_draws": 0.6173745638310673,
    "log_loss": 0.6395765195668929,
    "brier_score": 0.2223256986485716,
    "duration": 0.392378568649292
  }
}