{
  "best_params": {
    "temperature": 4.094363656233979,
    "prior": 5.9477401992838885
  },
  "best_metrics": {
    "accuracy": 0.6083508883500934,
    "accuracy_without_draws": 0.6093330124734287,
    "log_loss": 0.6474717661511336,
    "brier_score": 0.22605835212570335,
    "duration": 0.02612757682800293
  }
}