{
  "best_params": {
    "temperature": 0.002899826071827697,
    "prior": 529.6005909397546
  },
  "best_metrics": {
    "accuracy": 0.6894500964411331,
    "accuracy_without_draws": 0.6904730217879007,
    "log_loss": 0.6628328219509234,
    "brier_score": 0.22096703071042342,
    "duration": 0.1582198143005371
  }
}