{
  "best_params": {
    "k": 45.998572791099875
  },
  "best_metrics": {
    "accuracy": 0.7094238115048599,
    "accuracy_without_draws": 0.71055458382448,
    "log_loss": 0.5450346657510405,
    "brier_score": 0.18351552653164716,
    "duration": 0.21374011039733887
  }
}