{
  "best_params": {
    "sigma": 105.22943969666967
  },
  "best_metrics": {
    "accuracy": 0.7091496161264702,
    "accuracy_without_draws": 0.7102789079432678,
    "log_loss": 0.5447164965578022,
    "brier_score": 0.1834519946986169,
    "duration": 0.5741636753082275
  }
}