{
  "best_params": {
    "initial_sigma": 4.184114816547302,
    "beta": 5.147860788471235,
    "tau": 0.8303933467320773
  },
  "best_metrics": {
    "accuracy": 0.7136454748307552,
    "accuracy_without_draws": 0.7147990417886612,
    "log_loss": 0.5406673922898436,
    "brier_score": 0.18180512620121758,
    "duration": 2.869197368621826
  }
}