{
  "best_params": {
    "v_0": 1.6120790098586995,
    "beta": 0.9947986451309826,
    "s": 2.788001254378883,
    "epsilon": 0.06280993825170765
  },
  "best_metrics": {
    "accuracy": 0.7106955107598049,
    "accuracy_without_draws": 0.7118331495494126,
    "log_loss": 0.5455528438167847,
    "brier_score": 0.18384418285370857,
    "duration": 0.8008091449737549
  }
}