{
  "best_params": {
    "v_0": 3.22920871371898,
    "beta": 0.996967281258196,
    "s": 2.491209106142384,
    "epsilon": 0.09251695423855955
  },
  "best_metrics": {
    "accuracy": 0.7108657009946674,
    "accuracy_without_draws": 0.7120042587170615,
    "log_loss": 0.5462150889012479,
    "brier_score": 0.18397396137540042,
    "duration": 1.1506707668304443
  }
}