{
  "best_params": {
    "temperature": 0.002899826071827697,
    "prior": 529.6005909397546
  },
  "best_metrics": {
    "accuracy": 0.6986640066563292,
    "accuracy_without_draws": 0.699736682003118,
    "log_loss": 0.6454856505572516,
    "brier_score": 0.2217029079664266,
    "duration": 0.1506047248840332
  }
}