{
  "best_params": {
    "initial_sigma": 60.3537071544891,
    "beta": 21.211722101986208,
    "kappa": 0.0002874349339275207
  },
  "best_metrics": {
    "accuracy": 0.7092772588026172,
    "accuracy_without_draws": 0.7104072398190046,
    "log_loss": 0.5502402000936009,
    "brier_score": 0.18513991817587105,
    "duration": 3.451005697250366
  }
}