{
  "best_params": {
    "initial_sigma": 19.21285821936006,
    "beta": 18.65078133066055,
    "kappa": 0.000766187482388472
  },
  "best_metrics": {
    "accuracy": 0.7130403539956885,
    "accuracy_without_draws": 0.7141906536370204,
    "log_loss": 0.5447021717856361,
    "brier_score": 0.18314045644714258,
    "duration": 5.008242607116699
  }
}