{
  "best_params": {
    "initial_rd": 187.66097194825275,
    "initial_sigma": 0.12434626616762391,
    "tau": 1.134955611491105
  },
  "best_metrics": {
    "accuracy": 0.6302087257930826,
    "log_loss": 0.6379529482323606,
    "brier_score": 0.22246124209640106,
    "duration": 0.4029715061187744
  }
}