{
  "best_params": {
    "dimension": 1,
    "eta_r": 43.079260111263665,
    "eta_c": 0.06187888196819711
  },
  "best_metrics": {
    "accuracy": 0.6247833622183708,
    "log_loss": 0.6438040960411902,
    "brier_score": 0.225017251867871,
    "duration": 0.3222348690032959
  }
}