{
  "best_params": {
    "initial_sigma": 60.32709750754528,
    "beta": 37.17482461603195,
    "kappa": 0.000713519106644657
  },
  "best_metrics": {
    "accuracy": 0.6234646974606285,
    "log_loss": 0.6433816608012801,
    "brier_score": 0.22499230974356657,
    "duration": 0.3687586784362793
  }
}