{
  "best_params": {
    "initial_sigma": 21.338488059965712,
    "beta": 28.756227267423352,
    "kappa": 0.0007928702095332098
  },
  "best_metrics": {
    "accuracy": 0.6254238565292743,
    "log_loss": 0.6409881500240389,
    "brier_score": 0.22384548308357172,
    "duration": 0.4599876403808594
  }
}