{
  "best_params": {
    "temperature": 0.005007251532784665,
    "prior": 207.94315370325182
  },
  "best_metrics": {
    "accuracy": 0.5838268611630033,
    "accuracy_without_draws": 0.584586692335459,
    "log_loss": 0.6827424445287791,
    "brier_score": 0.24259343005294035,
    "duration": 0.02728128433227539
  }
}