{
  "best_params": {
    "k": 70.42954984999389
  },
  "best_metrics": {
    "accuracy": 0.6226797567470885,
    "accuracy_without_draws": 0.6237917619219508,
    "log_loss": 0.632611520661128,
    "brier_score": 0.21909771241558576,
    "duration": 0.051157474517822266
  }
}