{
  "best_params": {
    "initial_rd": 213.8989527606949,
    "initial_sigma": 0.21875528299172525,
    "tau": 0.9381316662658334
  },
  "best_metrics": {
    "accuracy": 0.6284828490798522,
    "accuracy_without_draws": 0.6296474551798821,
    "log_loss": 0.6258045562927343,
    "brier_score": 0.2164654708382612,
    "duration": 0.49906015396118164
  }
}