{
  "best_params": {
    "temperature": 0.005007251532784665
  },
  "best_metrics": {
    "accuracy": 0.49874796295560236,
    "accuracy_without_draws": 0.4987366141258573,
    "log_loss": 0.6931457473673823,
    "brier_score": 0.2477535661673426,
    "duration": 0.02502584457397461
  }
}