{
  "best_params": {
    "initial_sigma": 4.556080067444956,
    "beta": 4.680339055174744,
    "tau": 0.7627566215293988
  },
  "best_metrics": {
    "accuracy": 0.6262768790492468,
    "accuracy_without_draws": 0.6274214895921069,
    "log_loss": 0.6274146856072679,
    "brier_score": 0.21705771128648996,
    "duration": 0.47950029373168945
  }
}