{
  "best_params": {
    "v_0": 1.3389991264854113,
    "beta": 0.9867937071339057,
    "s": 2.4694934089144818,
    "epsilon": 0.06671492038035458
  },
  "best_metrics": {
    "accuracy": 0.6250447156087285,
    "accuracy_without_draws": 0.6261781574619981,
    "log_loss": 0.627524387994794,
    "brier_score": 0.21750132927097277,
    "duration": 0.11920833587646484
  }
}