{
  "best_params": {
    "v_0": 0.9524955168876359,
    "beta": 0.9873653535458692,
    "s": 1.5041700251571384,
    "epsilon": 0.035230956304398424
  },
  "best_metrics": {
    "accuracy": 0.623494574506141,
    "accuracy_without_draws": 0.6246139654273453,
    "log_loss": 0.6284210899655797,
    "brier_score": 0.217878952512283,
    "duration": 0.14890813827514648
  }
}