{
  "best_params": {
    "initial_sigma": 42.15216093907371,
    "beta": 16.97187132931506,
    "kappa": 0.0009075606951390005
  },
  "best_metrics": {
    "accuracy": 0.6237728049604515,
    "accuracy_without_draws": 0.6248947178438214,
    "log_loss": 0.6322397116594637,
    "brier_score": 0.21898539352303495,
    "duration": 0.4055650234222412
  }
}