{
  "best_params": {
    "initial_sigma": 7.2096182642903415,
    "beta": 8.192333405307375,
    "kappa": 0.0007664450841619681
  },
  "best_metrics": {
    "accuracy": 0.625680670932867,
    "accuracy_without_draws": 0.6268198772710865,
    "log_loss": 0.6307563222156156,
    "brier_score": 0.21835436950122364,
    "duration": 0.45910215377807617
  }
}