{
  "best_params": {
    "initial_rd": 262.0870892561492,
    "initial_sigma": 0.13305094512576943,
    "tau": 0.5385928912328403
  },
  "best_metrics": {
    "accuracy": 0.7227364698763284,
    "log_loss": 0.5321608079427567,
    "brier_score": 0.17818295123229466,
    "duration": 3.0927608013153076
  }
}