{
  "best_params": {
    "v_0": 6.797775917598865,
    "beta": 0.9995151924235643,
    "s": 3.739542740437237,
    "epsilon": 0.06533278305631522
  },
  "best_metrics": {
    "accuracy": 0.7155553874664347,
    "log_loss": 0.5404276185270539,
    "brier_score": 0.18150746642734134,
    "duration": 1.1004836559295654
  }
}