{
  "best_params": {
    "k": 63.35892163953424
  },
  "best_metrics": {
    "accuracy": 0.7175115219750116,
    "log_loss": 0.5315087961582038,
    "brier_score": 0.17839061053101735,
    "duration": 1.5081183910369873
  }
}