{
  "best_params": {
    "initial_rating_dev": 239.05884692819808,
    "c": 24.882189280334895
  },
  "best_metrics": {
    "accuracy": 0.7264484384903795,
    "log_loss": 0.5225427554714008,
    "brier_score": 0.1749090255236246,
    "duration": 10.737304925918579
  }
}