{
  "best_params": {
    "initial_rd": 239.05884692819808,
    "initial_sigma": 0.1537555798831776,
    "tau": 1.1569603754693585
  },
  "best_metrics": {
    "accuracy": 0.7268566762996466,
    "log_loss": 0.5225986034058274,
    "brier_score": 0.17483396187821906,
    "duration": 16.127511739730835
  }
}