{
  "best_params": {
    "dimension": 1,
    "eta_r": 67.52818030740467,
    "eta_c": 0.1339460695745059
  },
  "best_metrics": {
    "accuracy": 0.717998990148577,
    "log_loss": 0.5315693653018947,
    "brier_score": 0.1782561577423643,
    "duration": 16.32108974456787
  }
}