{
  "best_params": {
    "initial_sigma": 4.799879758090398,
    "sigma_reduction_factor": 0.10704541300021869,
    "sigma_lower_bound": 0.31182090505645965,
    "b": 0.13329979908389117
  },
  "best_metrics": {
    "accuracy": 0.7164895845643136,
    "log_loss": 0.5311985886284724,
    "brier_score": 0.1789235520976268,
    "duration": 7.136894464492798
  }
}