{
  "best_params": {
    "v_0": 3.7626668337954885,
    "beta": 1.0000044253463756,
    "s": 3.655522952702227,
    "epsilon": 0.0526504265221193
  },
  "best_metrics": {
    "accuracy": 0.7253069840894686,
    "log_loss": 0.529920697177296,
    "brier_score": 0.17672011512977803,
    "duration": 3.6720035076141357
  }
}