{
  "best_params": {
    "v_0": 3.7626668337954885,
    "beta": 1.0000044253463756,
    "s": 3.655522952702227,
    "epsilon": 0.0526504265221193
  },
  "best_metrics": {
    "accuracy": 0.7217913045346626,
    "log_loss": 0.5305471390560409,
    "brier_score": 0.17714387604485723,
    "duration": 4.404744863510132
  }
}