{
  "best_params": {
    "k": 24.559834649416604
  },
  "best_metrics": {
    "accuracy": 0.5723170378941279,
    "accuracy_without_draws": 0.5767483268864739,
    "log_loss": 0.6741751966025028,
    "brier_score": 0.22621092586801286,
    "duration": 0.06548118591308594
  }
}