{
  "best_params": {
    "initial_sigma": 3.6039991303023013,
    "beta": 7.998575795139762,
    "tau": 0.2900109490922755
  },
  "best_metrics": {
    "accuracy": 0.5737633786520104,
    "accuracy_without_draws": 0.5782832934242034,
    "log_loss": 0.674234418983735,
    "brier_score": 0.22624747837350295,
    "duration": 0.5128006935119629
  }
}