{
  "best_params": {
    "initial_sigma": 0.34407032237330987,
    "sigma_reduction_factor": 0.8885643446417193,
    "sigma_lower_bound": 7.069650520288252,
    "b": 0.05964916174492037
  },
  "best_metrics": {
    "accuracy": 0.5706682094301417,
    "accuracy_without_draws": 0.5749984650334623,
    "log_loss": 0.6747594157818045,
    "brier_score": 0.2264462347765339,
    "duration": 0.353212833404541
  }
}