{
  "best_params": {
    "v_0": 2.771209617248689,
    "beta": 0.9791325665706428,
    "s": 6.502562259314431,
    "epsilon": 0.09737772027540167
  },
  "best_metrics": {
    "accuracy": 0.5743129881400058,
    "accuracy_without_draws": 0.5788665807085406,
    "log_loss": 0.6727063899613723,
    "brier_score": 0.22558727235927584,
    "duration": 0.131972074508667
  }
}