{
  "best_params": {
    "v_0": 3.8773331549703927,
    "beta": 0.9823433004431404,
    "s": 5.3347821590132565,
    "epsilon": 0.09988520830065832
  },
  "best_metrics": {
    "accuracy": 0.5747179635522129,
    "accuracy_without_draws": 0.5792963713391048,
    "log_loss": 0.6727314086957364,
    "brier_score": 0.2255964849337305,
    "duration": 0.19609332084655762
  }
}