{
  "best_params": {
    "temperature": 0.00400660037912215,
    "prior": 192.2148809598511
  },
  "best_metrics": {
    "accuracy": 0.5797512293896442,
    "accuracy_without_draws": 0.5846380548904034,
    "log_loss": 0.686715290016091,
    "brier_score": 0.2323609206059099,
    "duration": 0.023813962936401367
  }
}