{
  "best_params": {
    "initial_sigma": 19.573051846445168,
    "beta": 27.7249930436837,
    "kappa": 0.00022395928788533816
  },
  "best_metrics": {
    "accuracy": 0.5719988429273937,
    "accuracy_without_draws": 0.5764106342481734,
    "log_loss": 0.6739924961454353,
    "brier_score": 0.22614202465036493,
    "duration": 0.534404993057251
  }
}