{
  "best_params": {
    "initial_sigma": 10.052125994710648,
    "beta": 26.268449050482715,
    "kappa": 2.8278659986537212e-05
  },
  "best_metrics": {
    "accuracy": 0.5713045993636101,
    "accuracy_without_draws": 0.5756738503100632,
    "log_loss": 0.674068688057819,
    "brier_score": 0.22615842800464198,
    "duration": 0.6922297477722168
  }
}