{
  "best_params": {
    "k": 79.37112017419868
  },
  "best_metrics": {
    "accuracy": 0.6599645928174,
    "log_loss": 0.6029523730111984,
    "brier_score": 0.20616494363431903,
    "duration": 0.0814206600189209
  }
}