{
  "best_params": {
    "dimension": 5,
    "eta_r": 75.22257750799517,
    "eta_c": 0.22439718912640091
  },
  "best_metrics": {
    "accuracy": 0.6608919237902546,
    "log_loss": 0.6027444767265205,
    "brier_score": 0.20621550097680721,
    "duration": 0.6758172512054443
  }
}