{
  "best_params": {
    "initial_sigma": 1.9930398917660912,
    "sigma_reduction_factor": 0.7751146483040694,
    "sigma_lower_bound": 0.8154871046841371,
    "b": 0.6217315838783082
  },
  "best_metrics": {
    "accuracy": 0.6638003709323892,
    "log_loss": 0.5984606401808744,
    "brier_score": 0.20511518859255393,
    "duration": 0.1600356101989746
  }
}