{
  "best_params": {
    "v_0": 7.49150944643998,
    "beta": 0.9940330010526633,
    "s": 4.753629417215739,
    "epsilon": 0.09657128894400303
  },
  "best_metrics": {
    "accuracy": 0.663463159669533,
    "log_loss": 0.5981926934242177,
    "brier_score": 0.20521387612316178,
    "duration": 0.14452290534973145
  }
}