{
  "best_params": {
    "initial_sigma": 69.89923603659118,
    "beta": 20.60710727436189,
    "kappa": 7.670817743593315e-05
  },
  "best_metrics": {
    "accuracy": 0.6583206879109762,
    "log_loss": 0.6038508172869482,
    "brier_score": 0.20746475606315967,
    "duration": 0.39923596382141113
  }
}