{
  "best_params": {
    "k": 46.05765165142908
  },
  "best_metrics": {
    "accuracy": 0.6276512594592674,
    "log_loss": 0.6329427976227727,
    "brier_score": 0.2212977216080933,
    "duration": 0.33264923095703125
  }
}