{
  "best_params": {
    "sigma": 107.02662995923069
  },
  "best_metrics": {
    "accuracy": 0.6285749813479234,
    "log_loss": 0.6320566092058832,
    "brier_score": 0.22100058521072533,
    "duration": 0.2937154769897461
  }
}