{
  "best_params": {
    "dimension": 10,
    "eta_r": 48.279623944941264,
    "eta_c": 0.10071836127608579
  },
  "best_metrics": {
    "accuracy": 0.6273670373396809,
    "log_loss": 0.6331155267926025,
    "brier_score": 0.22128733348814683,
    "duration": 2.5856401920318604
  }
}