{
  "best_params": {
    "v_0": 3.7626668337954885,
    "beta": 1.0000044253463756,
    "s": 3.655522952702227,
    "epsilon": 0.0526504265221193
  },
  "best_metrics": {
    "accuracy": 0.6333445837922337,
    "log_loss": 0.6339189715440169,
    "brier_score": 0.2205535967471562,
    "duration": 1.0506916046142578
  }
}