{
  "best_params": {
    "initial_sigma": 68.00407083134041,
    "beta": 40.517944313726936,
    "kappa": 0.00014702410449831023
  },
  "best_metrics": {
    "accuracy": 0.6265943084520553,
    "log_loss": 0.632569533245795,
    "brier_score": 0.22143443857297426,
    "duration": 2.047325849533081
  }
}