{
  "best_params": {
    "k": 46.45695365052073
  },
  "best_metrics": {
    "accuracy": 0.5758222533240028,
    "accuracy_without_draws": 0.5758222533240028,
    "log_loss": 0.6607959259111563,
    "brier_score": 0.2344435463292069,
    "duration": 0.054227590560913086
  }
}