{
  "best_params": {
    "initial_rd": 137.76956170018894,
    "initial_sigma": 0.1442579470709004,
    "tau": 0.5439105859033697
  },
  "best_metrics": {
    "accuracy": 0.5805108467459762,
    "accuracy_without_draws": 0.5805108467459762,
    "log_loss": 0.6593286905277269,
    "brier_score": 0.2338284037131248,
    "duration": 0.5749859809875488
  }
}