{
  "best_params": {
    "initial_sigma": 1.9379868362771493,
    "beta": 2.791185043830569,
    "tau": 0.3787483111336956
  },
  "best_metrics": {
    "accuracy": 0.5799860041987404,
    "accuracy_without_draws": 0.5799860041987404,
    "log_loss": 0.6601344436770427,
    "brier_score": 0.23403510764345734,
    "duration": 0.7035255432128906
  }
}