{
  "best_params": {
    "initial_sigma": 4.799879758090398,
    "sigma_reduction_factor": 0.10704541300021869,
    "sigma_lower_bound": 0.31182090505645965,
    "b": 0.13329979908389117
  },
  "best_metrics": {
    "accuracy": 0.5768019594121764,
    "accuracy_without_draws": 0.5768019594121764,
    "log_loss": 0.660103394380855,
    "brier_score": 0.23410703963366064,
    "duration": 0.24628877639770508
  }
}