{
  "best_params": {
    "v_0": 2.884212855890891,
    "beta": 0.9906685731131256,
    "s": 4.897114453356205,
    "epsilon": 0.0857583187109269
  },
  "best_metrics": {
    "accuracy": 0.5790762771168649,
    "accuracy_without_draws": 0.5790762771168649,
    "log_loss": 0.6598704317795938,
    "brier_score": 0.23412675930664661,
    "duration": 0.12195730209350586
  }
}