{
  "best_params": {
    "v_0": 1.6120790098586995,
    "beta": 0.9947986451309826,
    "s": 2.788001254378883,
    "epsilon": 0.06280993825170765
  },
  "best_metrics": {
    "accuracy": 0.5784464660601819,
    "accuracy_without_draws": 0.5784464660601819,
    "log_loss": 0.6604179699522658,
    "brier_score": 0.2342839098453623,
    "duration": 0.2031722068786621
  }
}