{
  "best_params": {
    "initial_sigma": 49.70128192341064,
    "beta": 34.003925863445154,
    "kappa": 0.0006815706575354168
  },
  "best_metrics": {
    "accuracy": 0.577221833449965,
    "accuracy_without_draws": 0.577221833449965,
    "log_loss": 0.6594416344267089,
    "brier_score": 0.23392630222102312,
    "duration": 0.4877626895904541
  }
}