{
  "best_params": {
    "initial_sigma": 19.737556574217304,
    "beta": 31.75526415595197,
    "kappa": 0.0002936261959989466
  },
  "best_metrics": {
    "accuracy": 0.5790412876137159,
    "accuracy_without_draws": 0.5790412876137159,
    "log_loss": 0.6594097927825718,
    "brier_score": 0.233853298486554,
    "duration": 0.640570878982544
  }
}