{
  "best_params": {
    "temperature": 4.865717812598246,
    "prior": 5.714637802844374
  },
  "best_metrics": {
    "accuracy": 0.5847095871238629,
    "accuracy_without_draws": 0.5847095871238629,
    "log_loss": 0.662258663446947,
    "brier_score": 0.23487343698092966,
    "duration": 0.01979541778564453
  }
}