{
  "best_params": {
    "k": 36.30978093280013
  },
  "best_metrics": {
    "accuracy": 0.6112953055534625,
    "accuracy_without_draws": 0.6117162090613418,
    "log_loss": 0.6514189568717034,
    "brier_score": 0.2286543345220763,
    "duration": 0.026887178421020508
  }
}