{
  "best_params": {
    "initial_sigma": 1.6693735618525767,
    "beta": 2.7103962824563066,
    "tau": 0.4287100878225318
  },
  "best_metrics": {
    "accuracy": 0.6158164418657223,
    "accuracy_without_draws": 0.616254443688072,
    "log_loss": 0.6484574687704299,
    "brier_score": 0.22733696097769576,
    "duration": 0.19101381301879883
  }
}