{
  "best_params": {
    "v_0": 1.3464997896845339,
    "beta": 0.9903346847013963,
    "s": 3.760549751588304,
    "epsilon": 0.0892838025593391
  },
  "best_metrics": {
    "accuracy": 0.6144601009720443,
    "accuracy_without_draws": 0.614892973300053,
    "log_loss": 0.64822418143251,
    "brier_score": 0.2274518309882184,
    "duration": 0.05770754814147949
  }
}