{
  "best_params": {
    "v_0": 0.31436157834314216,
    "beta": 0.9842333033947004,
    "s": 1.3613231162709527,
    "epsilon": 0.030589336242816303
  },
  "best_metrics": {
    "accuracy": 0.6135558737095923,
    "accuracy_without_draws": 0.6139853263747069,
    "log_loss": 0.6487529796689598,
    "brier_score": 0.22767223988755284,
    "duration": 0.07562494277954102
  }
}