{
  "best_params": {
    "initial_sigma": 21.67311396935213,
    "beta": 16.415203397002927,
    "kappa": 0.0005759480408312565
  },
  "best_metrics": {
    "accuracy": 0.611182277145656,
    "accuracy_without_draws": 0.6116027531956736,
    "log_loss": 0.6515069414846668,
    "brier_score": 0.2288144668950157,
    "duration": 0.21079373359680176
  }
}