{
  "best_params": {
    "initial_sigma": 26.08773132135649,
    "beta": 41.35219227582359,
    "kappa": 0.0001338500372249266
  },
  "best_metrics": {
    "accuracy": 0.6134428453017858,
    "accuracy_without_draws": 0.6138718705090387,
    "log_loss": 0.6497897478468734,
    "brier_score": 0.22795854966040038,
    "duration": 0.24407958984375
  }
}