{
  "best_params": {
    "temperature": 0.002899826071827697,
    "prior": 529.6005909397546
  },
  "best_metrics": {
    "accuracy": 0.6711128141498187,
    "accuracy_without_draws": 0.6718826752429806,
    "log_loss": 0.7199150452249192,
    "brier_score": 0.2266223179509499,
    "duration": 15.235586404800415
  }
}