{
  "best_params": {
    "k": 45.998572791099875
  },
  "best_metrics": {
    "accuracy": 0.726449407585821,
    "accuracy_without_draws": 0.7274682359496467,
    "log_loss": 0.5202159310321377,
    "brier_score": 0.17456532560324284,
    "duration": 1.8303375244140625
  }
}