{
  "best_params": {
    "initial_sigma": 1.8316268582841793,
    "beta": 1.3718482764599524,
    "tau": 0.5405121958986298
  },
  "best_metrics": {
    "accuracy": 0.7305148042721943,
    "accuracy_without_draws": 0.7315519234388022,
    "log_loss": 0.5190825078575785,
    "brier_score": 0.17364202441208065,
    "duration": 12.922457218170166
  }
}