{
  "best_params": {
    "initial_sigma": 1.3665209422145799,
    "sigma_reduction_factor": 0.655560061131993,
    "sigma_lower_bound": 0.9052985611995714,
    "b": 0.5900923649178649
  },
  "best_metrics": {
    "accuracy": 0.7263155974016495,
    "accuracy_without_draws": 0.7273338237342646,
    "log_loss": 0.520026671662101,
    "brier_score": 0.17465233685713177,
    "duration": 6.116446018218994
  }
}