{
  "best_params": {
    "v_0": 3.22920871371898,
    "beta": 0.996967281258196,
    "s": 2.491209106142384,
    "epsilon": 0.09251695423855955
  },
  "best_metrics": {
    "accuracy": 0.7265223949590054,
    "accuracy_without_draws": 0.7275415517034916,
    "log_loss": 0.5238773807369745,
    "brier_score": 0.17608480341472232,
    "duration": 3.96138858795166
  }
}