{
  "best_params": {
    "v_0": 3.22920871371898,
    "beta": 0.996967281258196,
    "s": 2.491209106142384,
    "epsilon": 0.09251695423855955
  },
  "best_metrics": {
    "accuracy": 0.7234301632484247,
    "accuracy_without_draws": 0.7244354075989335,
    "log_loss": 0.525315041074703,
    "brier_score": 0.1768074179901245,
    "duration": 3.6405439376831055
  }
}