{
  "best_params": {
    "temperature": 0.002899826071827697,
    "prior": 529.6005909397546
  },
  "best_metrics": {
    "accuracy": 0.6863233827214559,
    "accuracy_without_draws": 0.687161678344237,
    "log_loss": 0.6633925245311473,
    "brier_score": 0.22152653323162738,
    "duration": 14.113799095153809
  }
}