{
  "best_params": {
    "initial_sigma": 30.172186024112282,
    "beta": 6.2480232182313635,
    "kappa": 0.00018769808665565886
  },
  "best_metrics": {
    "accuracy": 0.7266878330048901,
    "accuracy_without_draws": 0.7277077340788731,
    "log_loss": 0.5264692766854812,
    "brier_score": 0.17647487453791677,
    "duration": 13.996722221374512
  }
}