{
  "best_params": {
    "initial_sigma": 19.883610825793106,
    "beta": 14.777385954346938,
    "kappa": 2.4731685891132994e-05
  },
  "best_metrics": {
    "accuracy": 0.7287679731406467,
    "accuracy_without_draws": 0.7297972330634499,
    "log_loss": 0.5222305746280388,
    "brier_score": 0.17504265036805036,
    "duration": 15.487856388092041
  }
}