{
  "best_params": {
    "temperature": 6.141958580155138,
    "prior": 3.973160764102398
  },
  "best_metrics": {
    "accuracy": 0.7072318322263582,
    "accuracy_without_draws": 0.7081641979623108,
    "log_loss": 0.557995121972815,
    "brier_score": 0.18824758849378492,
    "duration": 19.25052833557129
  }
}