{
  "best_params": {
    "sigma": 91.43221172892854
  },
  "best_metrics": {
    "accuracy": 0.6216568671792553,
    "log_loss": 0.644691606665895,
    "brier_score": 0.20691290679103272,
    "duration": 0.24995732307434082
  }
}