{
  "best_params": {
    "k": 57.37959219854956
  },
  "best_metrics": {
    "accuracy": 0.6580032611612211,
    "accuracy_without_draws": 0.6580032611612211,
    "log_loss": 0.6015345709303054,
    "brier_score": 0.20734820614810417,
    "duration": 0.4942913055419922
  }
}