{
  "best_params": {
    "initial_rd": 268.1029129097302,
    "initial_sigma": 0.2080770974809782,
    "tau": 0.7528004480721877
  },
  "best_metrics": {
    "accuracy": 0.668872422547421,
    "accuracy_without_draws": 0.668872422547421,
    "log_loss": 0.593288713539079,
    "brier_score": 0.20409569013281986,
    "duration": 7.624179840087891
  }
}