{
  "best_params": {
    "initial_sigma": 4.184114816547302,
    "beta": 5.147860788471235,
    "tau": 0.8303933467320773
  },
  "best_metrics": {
    "accuracy": 0.6620611364527648,
    "accuracy_without_draws": 0.6620611364527648,
    "log_loss": 0.5970818515054452,
    "brier_score": 0.20590473449175972,
    "duration": 7.432231187820435
  }
}