{
  "best_params": {
    "initial_sigma": 1.8266873312394365,
    "sigma_reduction_factor": 0.35262645702340684,
    "sigma_lower_bound": 0.44038309985542734,
    "b": 0.4340964001211022
  },
  "best_metrics": {
    "accuracy": 0.6610827880864414,
    "accuracy_without_draws": 0.6610827880864414,
    "log_loss": 0.5969079712249444,
    "brier_score": 0.20600952612516224,
    "duration": 4.3445963859558105
  }
}