{
  "best_params": {
    "v_0": 0.7643911327431488,
    "beta": 0.9892317290639532,
    "s": 1.3369899396508167,
    "epsilon": 0.04330756371888409
  },
  "best_metrics": {
    "accuracy": 0.6615182975912816,
    "accuracy_without_draws": 0.6615182975912816,
    "log_loss": 0.598342892760438,
    "brier_score": 0.20635272454176257,
    "duration": 2.873579740524292
  }
}