{
  "best_params": {
    "v_0": 1.6120790098586995,
    "beta": 0.9947986451309826,
    "s": 2.788001254378883,
    "epsilon": 0.06280993825170765
  },
  "best_metrics": {
    "accuracy": 0.6624429812792834,
    "accuracy_without_draws": 0.6624429812792834,
    "log_loss": 0.596879286499878,
    "brier_score": 0.20595201901078067,
    "duration": 2.109628915786743
  }
}