{
  "best_params": {
    "temperature": 0.00400660037912215,
    "prior": 192.2148809598511
  },
  "best_metrics": {
    "accuracy": 0.6594728477367954,
    "accuracy_without_draws": 0.6594728477367954,
    "log_loss": 0.6674233232981989,
    "brier_score": 0.23739713474326443,
    "duration": 7.532382488250732
  }
}