{
  "best_params": {
    "initial_sigma": 63.34342923274453,
    "beta": 25.171457758849943,
    "kappa": 0.000642174310319185
  },
  "best_metrics": {
    "accuracy": 0.6623377159487296,
    "accuracy_without_draws": 0.6623377159487296,
    "log_loss": 0.5958519454514816,
    "brier_score": 0.20540609170110802,
    "duration": 8.199991226196289
  }
}