{
  "best_params": {
    "initial_sigma": 35.47521784206947,
    "beta": 41.025469327952266,
    "kappa": 0.0006206296044939622
  },
  "best_metrics": {
    "accuracy": 0.6639682965592685,
    "accuracy_without_draws": 0.6639682965592685,
    "log_loss": 0.5962387281529905,
    "brier_score": 0.20516581669339254,
    "duration": 10.447039604187012
  }
}