{
  "best_params": {
    "temperature": 6.101484989329872,
    "prior": 5.921761620601499
  },
  "best_metrics": {
    "accuracy": 0.6548184689054469,
    "accuracy_without_draws": 0.6548184689054469,
    "log_loss": 0.6080503528394595,
    "brier_score": 0.21042342039419948,
    "duration": 8.655964612960815
  }
}