{
  "best_params": {
    "k": 27.105791353980006
  },
  "best_metrics": {
    "accuracy": 0.6135790800252048,
    "log_loss": 0.6481240118595474,
    "brier_score": 0.22766164304058595,
    "duration": 0.2667074203491211
  }
}