{
  "best_params": {
    "k": 118.86000644563933,
    "kappa": 1.14220968163867,
    "sigma": 680.1500545372974
  },
  "best_metrics": {
    "accuracy": 0.613994959042218,
    "log_loss": 0.6474174795955285,
    "brier_score": 0.22742938983913485,
    "duration": 0.5034589767456055
  }
}