{
  "best_params": {
    "b": 0.004184694628814178,
    "sigma": 105.23864799899671,
    "use_approx": true
  },
  "best_metrics": {
    "accuracy": 0.6133648393194707,
    "log_loss": 0.6476154342663074,
    "brier_score": 0.22748134270483883,
    "duration": 0.47278690338134766
  }
}