{
  "best_params": {
    "initial_rating_dev": 132.46820240988228,
    "c": 11.048897757774528
  },
  "best_metrics": {
    "accuracy": 0.6183364839319471,
    "log_loss": 0.644688512306975,
    "brier_score": 0.2260652950114506,
    "duration": 2.196824073791504
  }
}