{
  "best_params": {
    "initial_rd": 131.529309603324,
    "initial_sigma": 0.06456604424664072,
    "tau": 0.6603037876615041
  },
  "best_metrics": {
    "accuracy": 0.6182986767485822,
    "log_loss": 0.644682711959477,
    "brier_score": 0.22606161112780856,
    "duration": 2.892435312271118
  }
}