{
  "best_params": {
    "dimension": 20,
    "eta_r": 24.380445145159033,
    "eta_c": 0.2079871373949101
  },
  "best_metrics": {
    "accuracy": 0.6125645872715816,
    "log_loss": 0.6477697371318714,
    "brier_score": 0.2275471064201903,
    "duration": 2.5835235118865967
  }
}