{
  "best_params": {
    "initial_sigma": 6.794945930838586,
    "beta": 12.523122851526882,
    "tau": 0.5387829515840994
  },
  "best_metrics": {
    "accuracy": 0.6166792690611216,
    "log_loss": 0.6455873286735058,
    "brier_score": 0.22649815912335067,
    "duration": 2.203078031539917
  }
}