{
  "best_params": {
    "v_0": 3.956966166496096,
    "beta": 0.999607363839203,
    "s": 7.89246541303144,
    "epsilon": 0.049492073233881634
  },
  "best_metrics": {
    "accuracy": 0.6156710775047259,
    "log_loss": 0.6461546132633491,
    "brier_score": 0.22674263129892303,
    "duration": 0.9085009098052979
  }
}