{
  "best_params": {
    "v_0": 3.956966166496096,
    "beta": 0.999607363839203,
    "s": 7.89246541303144,
    "epsilon": 0.049492073233881634
  },
  "best_metrics": {
    "accuracy": 0.6134026465028355,
    "log_loss": 0.647096252779534,
    "brier_score": 0.22728405347471395,
    "duration": 1.6757514476776123
  }
}