{
  "best_params": {
    "initial_sigma": 1.8316268582841793,
    "beta": 1.3718482764599524,
    "kappa": 0.0006488741847522567
  },
  "best_metrics": {
    "accuracy": 0.6176244486452426,
    "log_loss": 0.6458616143263575,
    "brier_score": 0.22645451275772926,
    "duration": 2.4852488040924072
  }
}