{
  "best_params": {
    "initial_sigma": 6.634983842823713,
    "beta": 11.536174705646836,
    "kappa": 0.0007634379484486661
  },
  "best_metrics": {
    "accuracy": 0.6178260869565217,
    "log_loss": 0.6452852290069129,
    "brier_score": 0.22627341403058066,
    "duration": 3.610910177230835
  }
}