{
  "best_params": {
    "k": 33.2252517048177
  },
  "best_metrics": {
    "accuracy": 0.6205864616312378,
    "log_loss": 0.6460010097043795,
    "brier_score": 0.20744305793560394,
    "duration": 0.2327132225036621
  }
}