{
  "best_params": {
    "v_0": 8.097107949417001,
    "beta": 0.9988465909374568,
    "s": 4.4965790850960214,
    "epsilon": 0.08380439527015636
  },
  "best_metrics": {
    "accuracy": 0.6247693821491533,
    "log_loss": 0.6378432641325326,
    "brier_score": 0.21562548102605475,
    "duration": 0.47357940673828125
  }
}