{
  "best_params": {
    "k": 47.94441152041631
  },
  "best_metrics": {
    "accuracy": 0.6299073167055986,
    "accuracy_without_draws": 0.6303986082747145,
    "log_loss": 0.6394127451961166,
    "brier_score": 0.2230562064705441,
    "duration": 0.17894744873046875
  }
}