{
  "best_params": {
    "initial_sigma": 15.669309375923607,
    "beta": 19.945195889960523,
    "tau": 0.7935045928761915
  },
  "best_metrics": {
    "accuracy": 0.6348805666490844,
    "accuracy_without_draws": 0.6353906663641177,
    "log_loss": 0.6349769539707792,
    "brier_score": 0.22109758024672405,
    "duration": 0.5631327629089355
  }
}