{
  "best_params": {
    "v_0": 6.527726818554582,
    "beta": 0.9995163114047,
    "s": 5.713865273439791,
    "epsilon": 0.016150692724084655
  },
  "best_metrics": {
    "accuracy": 0.6326576746288901,
    "accuracy_without_draws": 0.633159367672642,
    "log_loss": 0.6351177596499715,
    "brier_score": 0.22138162018923613,
    "duration": 0.21727895736694336
  }
}