{
  "best_params": {
    "v_0": 5.014904078735,
    "beta": 0.9995161800272212,
    "s": 4.205031216861924,
    "epsilon": 0.014482642841897245
  },
  "best_metrics": {
    "accuracy": 0.632883731444503,
    "accuracy_without_draws": 0.6333862794039785,
    "log_loss": 0.635587110831574,
    "brier_score": 0.2216101696047342,
    "duration": 0.35351991653442383
  }
}