{
  "best_params": {
    "temperature": 0.005007251532784665,
    "prior": 207.94315370325182
  },
  "best_metrics": {
    "accuracy": 0.6141963680204958,
    "accuracy_without_draws": 0.614628242946827,
    "log_loss": 0.6748519179830303,
    "brier_score": 0.23981898938795246,
    "duration": 0.19390654563903809
  }
}