{
  "best_params": {
    "initial_sigma": 51.92148090268704,
    "beta": 29.563383334257182,
    "kappa": 9.606440209161729e-05
  },
  "best_metrics": {
    "accuracy": 0.6261397031120488,
    "accuracy_without_draws": 0.6266167460857727,
    "log_loss": 0.6401599616274863,
    "brier_score": 0.22352401102959338,
    "duration": 0.48157739639282227
  }
}