{
  "best_params": {
    "initial_sigma": 31.956175623005016,
    "beta": 40.91242352057932,
    "kappa": 0.0006561112982896578
  },
  "best_metrics": {
    "accuracy": 0.6280988621806948,
    "accuracy_without_draws": 0.6285833144240224,
    "log_loss": 0.6373292777908562,
    "brier_score": 0.22221878489521643,
    "duration": 0.6592934131622314
  }
}