{
  "best_params": {
    "temperature": 4.094363656233979,
    "prior": 5.9477401992838885
  },
  "best_metrics": {
    "accuracy": 0.610428754426946,
    "accuracy_without_draws": 0.6108463807578852,
    "log_loss": 0.6468799206376565,
    "brier_score": 0.22694057998206033,
    "duration": 0.12763667106628418
  }
}