{
  "best_params": {
    "temperature": 0.005007251532784665,
    "prior": 207.94315370325182
  },
  "best_metrics": {
    "accuracy": 0.6118276850446805,
    "accuracy_without_draws": 0.612358122988311,
    "log_loss": 0.6708923923258768,
    "brier_score": 0.2378849238015277,
    "duration": 0.03614068031311035
  }
}