{
  "best_params": {
    "k": 79.22181830083696
  },
  "best_metrics": {
    "accuracy": 0.6599645928174,
    "log_loss": 0.602952299736704,
    "brier_score": 0.20617033343430016,
    "duration": 0.041323184967041016
  }
}