{
  "best_params": {
    "dimension": 10,
    "eta_r": 79.00660227221977,
    "eta_c": 0.1895226468883733
  },
  "best_metrics": {
    "accuracy": 0.6619035575788231,
    "accuracy_without_draws": 0.66267152295443,
    "log_loss": 0.6027064224476716,
    "brier_score": 0.2060616280494387,
    "duration": 0.17702507972717285
  }
}