{
  "best_params": {
    "temperature": 0.0021751450396781044
  },
  "best_metrics": {
    "accuracy": 0.49688079581858036,
    "accuracy_without_draws": 0.4968660003388108,
    "log_loss": 0.6931499895364053,
    "brier_score": 0.248821165067862,
    "duration": 0.09163188934326172
  }
}