{
  "best_params": {
    "initial_sigma": 10.446816909651751,
    "beta": 7.898759304693018,
    "tau": 0.8064951443489303
  },
  "best_metrics": {
    "accuracy": 0.6690271455066599,
    "accuracy_without_draws": 0.6698289005590378,
    "log_loss": 0.5963661161169587,
    "brier_score": 0.20405611758813524,
    "duration": 0.18815398216247559
  }
}