{
  "best_params": {
    "initial_sigma": 13.871656071150737,
    "beta": 16.837627514175267,
    "tau": 0.5518365982765311
  },
  "best_metrics": {
    "accuracy": 0.6688751694021985,
    "accuracy_without_draws": 0.669155354449472,
    "log_loss": 0.5951908041926287,
    "brier_score": 0.20415216472350192,
    "duration": 0.6040444374084473
  }
}