{
  "best_params": {
    "initial_sigma": 10.373716942017488,
    "beta": 11.851072735749923,
    "tau": 0.5979163742886577
  },
  "best_metrics": {
    "accuracy": 0.6675575967474778,
    "accuracy_without_draws": 0.6678355957767722,
    "log_loss": 0.5969192477670789,
    "brier_score": 0.20419880161582235,
    "duration": 0.6423594951629639
  }
}