{
  "best_params": {
    "initial_sigma": 1.833408512513156,
    "sigma_reduction_factor": 0.5897391877254904,
    "sigma_lower_bound": 0.859618929425284,
    "b": 0.6439973438157838
  },
  "best_metrics": {
    "accuracy": 0.6651492159838138,
    "accuracy_without_draws": 0.6659325766559376,
    "log_loss": 0.5977691741099302,
    "brier_score": 0.20462316451282692,
    "duration": 0.09100461006164551
  }
}