{
  "best_params": {
    "v_0": 3.098753300313001,
    "beta": 0.9941732942889393,
    "s": 3.033403312175368,
    "epsilon": 0.06048665740927773
  },
  "best_metrics": {
    "accuracy": 0.6647277019052437,
    "log_loss": 0.5974112703723555,
    "brier_score": 0.20466928319355077,
    "duration": 0.09205245971679688
  }
}