{
  "best_params": {
    "initial_rd": 78.48845652148178,
    "initial_sigma": 0.05538179862207451,
    "tau": 0.6382504252372665
  },
  "best_metrics": {
    "accuracy": 0.5758461093433613,
    "accuracy_without_draws": 0.5804936452385338,
    "log_loss": 0.6724403168184986,
    "brier_score": 0.22539157732943194,
    "duration": 0.30707263946533203
  }
}