{
  "best_params": {
    "update_method": "online",
    "variance_increase_method": "match",
    "initial_sigma": 3.6039991303023013,
    "beta": 7.998575795139762,
    "tau": 0.2900109490922755
  },
  "best_metrics": {
    "accuracy": 0.5764080951753808,
    "accuracy_without_draws": 0.5816522799774817,
    "log_loss": 0.6726819405797725,
    "brier_score": 0.2238890115463247,
    "duration": 2.104907751083374
  }
}