{
  "best_params": {
    "update_method": "batched",
    "variance_increase_method": "match",
    "initial_sigma": 10.343433208432282,
    "beta": 26.529593289509823,
    "tau": 0.29856399787076704
  },
  "best_metrics": {
    "accuracy": 0.5749154923394354,
    "accuracy_without_draws": 0.5800572340026271,
    "log_loss": 0.6724444750742616,
    "brier_score": 0.22377817695782476,
    "duration": 0.749164342880249
  }
}