{
  "best_params": {
    "initial_sigma": 0.34407032237330987,
    "sigma_reduction_factor": 0.8885643446417193,
    "sigma_lower_bound": 7.069650520288252,
    "b": 0.05964916174492037
  },
  "best_metrics": {
    "accuracy": 0.5722013306334972,
    "accuracy_without_draws": 0.5766255295634555,
    "log_loss": 0.6735342238092012,
    "brier_score": 0.22588327374792408,
    "duration": 0.13243317604064941
  }
}