{
  "best_params": {
    "v_0": 4.628678628424908,
    "beta": 0.9968355206890663,
    "s": 6.659450113772106,
    "epsilon": 0.032967478714557616
  },
  "best_metrics": {
    "accuracy": 0.5767717674284061,
    "accuracy_without_draws": 0.5814760238226807,
    "log_loss": 0.6715057268682009,
    "brier_score": 0.22501358427473822,
    "duration": 0.11578631401062012
  }
}