{
  "best_params": {
    "initial_sigma": 18.69617026244579,
    "beta": 25.363080233971367,
    "kappa": 0.0004283273110331084
  },
  "best_metrics": {
    "accuracy": 0.5750940121492624,
    "accuracy_without_draws": 0.5796954626389145,
    "log_loss": 0.6726892761106092,
    "brier_score": 0.22551523129583925,
    "duration": 0.2799346446990967
  }
}