{
  "best_params": {
    "k": 62.631803542646
  },
  "best_metrics": {
    "accuracy": 0.6345472938796156,
    "accuracy_without_draws": 0.635185498898865,
    "log_loss": 0.6221117206474133,
    "brier_score": 0.2150411705546716,
    "duration": 0.0245363712310791
  }
}