{
  "best_params": {
    "initial_sigma": 4.664234797127201,
    "beta": 4.5494656576012655,
    "tau": 0.7749295915469281
  },
  "best_metrics": {
    "accuracy": 0.6423874557410217,
    "accuracy_without_draws": 0.6430628493986109,
    "log_loss": 0.6172385136072152,
    "brier_score": 0.21312500807761367,
    "duration": 0.17190241813659668
  }
}