{
  "best_params": {
    "initial_sigma": 1.4818062036448534,
    "sigma_reduction_factor": 0.5280613929177675,
    "sigma_lower_bound": 0.8051329879103741,
    "b": 0.636801028806881
  },
  "best_metrics": {
    "accuracy": 0.6398583712696004,
    "accuracy_without_draws": 0.6405217685922412,
    "log_loss": 0.6184774908688507,
    "brier_score": 0.21385289987604103,
    "duration": 0.09111809730529785
  }
}