{
  "best_params": {
    "v_0": 0.8749402632691697,
    "beta": 0.9837367864965557,
    "s": 1.3539017455466582,
    "epsilon": 0.039497287307474496
  },
  "best_metrics": {
    "accuracy": 0.6369077727196089,
    "accuracy_without_draws": 0.6375571743181433,
    "log_loss": 0.6195297216112221,
    "brier_score": 0.214293922271796,
    "duration": 0.06951785087585449
  }
}