{
  "best_params": {
    "v_0": 1.3161050332452504,
    "beta": 0.9921574716600274,
    "s": 2.3613748546929623,
    "epsilon": 0.04934954029831343
  },
  "best_metrics": {
    "accuracy": 0.6417973360310234,
    "accuracy_without_draws": 0.6424699305437913,
    "log_loss": 0.6178470207669743,
    "brier_score": 0.21360946624062724,
    "duration": 0.05270266532897949
  }
}