{
  "best_params": {
    "initial_sigma": 55.09532505962467,
    "beta": 21.17318926810738,
    "kappa": 0.0008417081533095979
  },
  "best_metrics": {
    "accuracy": 0.6354746248524701,
    "accuracy_without_draws": 0.6361172285278672,
    "log_loss": 0.621584756811666,
    "brier_score": 0.215475407608376,
    "duration": 0.18895435333251953
  }
}