{
  "best_params": {
    "initial_sigma": 29.92832498923991,
    "beta": 34.58003864781815,
    "kappa": 0.0007209279789726502
  },
  "best_metrics": {
    "accuracy": 0.6376664980610353,
    "accuracy_without_draws": 0.6383194985600542,
    "log_loss": 0.620142987136891,
    "brier_score": 0.21467287386846814,
    "duration": 0.21746253967285156
  }
}