{
  "best_params": {
    "v_0": 1.3280471378382548,
    "beta": 0.9969111867062064,
    "s": 2.0201582090345527,
    "epsilon": 0.008067880673730855
  },
  "best_metrics": {
    "accuracy": 0.5842897130860741,
    "log_loss": 0.658037096094609,
    "brier_score": 0.23325408612017037,
    "duration": 0.1526782512664795
  }
}