{
  "best_params": {
    "k": 59.34543138237191
  },
  "best_metrics": {
    "accuracy": 0.6297392909328616,
    "accuracy_without_draws": 0.6297392909328616,
    "log_loss": 0.6305367960221251,
    "brier_score": 0.22032034453338764,
    "duration": 0.1479027271270752
  }
}