{
  "best_params": {
    "initial_rd": 198.06753078067734,
    "initial_sigma": 0.02709203839074825,
    "tau": 0.7116771653147453
  },
  "best_metrics": {
    "accuracy": 0.6333153887564408,
    "accuracy_without_draws": 0.6333153887564408,
    "log_loss": 0.622482966420069,
    "brier_score": 0.2170955216439226,
    "duration": 0.4446094036102295
  }
}