{
  "best_params": {
    "initial_sigma": 32.04752526475866,
    "beta": 34.10055452716102,
    "tau": 0.7128946270259371
  },
  "best_metrics": {
    "accuracy": 0.6314696608474968,
    "accuracy_without_draws": 0.6314696608474968,
    "log_loss": 0.6236590090297818,
    "brier_score": 0.21753564847070483,
    "duration": 0.3753926753997803
  }
}