{
  "best_params": {
    "v_0": 7.775441461272931,
    "beta": 0.9996186175579751,
    "s": 6.870585220427713,
    "epsilon": 0.02071699648504712
  },
  "best_metrics": {
    "accuracy": 0.6327001461201262,
    "accuracy_without_draws": 0.6327001461201262,
    "log_loss": 0.6264334993077952,
    "brier_score": 0.21864973270208296,
    "duration": 0.11251354217529297
  }
}