{
  "best_params": {
    "v_0": 5.973456638422408,
    "beta": 0.9995279753587974,
    "s": 5.056301460992634,
    "epsilon": 0.018577336958578213
  },
  "best_metrics": {
    "accuracy": 0.6303160809044067,
    "accuracy_without_draws": 0.6303160809044067,
    "log_loss": 0.6278534144992103,
    "brier_score": 0.21938901776518022,
    "duration": 0.08674263954162598
  }
}