{
  "best_params": {
    "temperature": 0.028382263201310803,
    "prior": 42.51692868671344
  },
  "best_metrics": {
    "accuracy": 0.6390063831423518,
    "accuracy_without_draws": 0.6390063831423518,
    "log_loss": 0.6533589513448526,
    "brier_score": 0.22889576439647655,
    "duration": 0.06580758094787598
  }
}