{
  "best_params": {
    "initial_sigma": 78.79471490379228,
    "beta": 30.068576107016455,
    "kappa": 0.0007276715830447244
  },
  "best_metrics": {
    "accuracy": 0.6307775128816427,
    "accuracy_without_draws": 0.6307775128816427,
    "log_loss": 0.6259767043070777,
    "brier_score": 0.2186846906200866,
    "duration": 0.21474027633666992
  }
}