{
  "best_params": {
    "initial_sigma": 20.00329903960776,
    "beta": 23.7883392216236,
    "kappa": 0.00038548655747965244
  },
  "best_metrics": {
    "accuracy": 0.6320079981542721,
    "accuracy_without_draws": 0.6320079981542721,
    "log_loss": 0.6260770538449912,
    "brier_score": 0.21852076282059293,
    "duration": 0.4623579978942871
  }
}