{
  "best_params": {
    "temperature": 4.865717812598246,
    "prior": 5.714637802844374
  },
  "best_metrics": {
    "accuracy": 0.6274321310466815,
    "accuracy_without_draws": 0.6274321310466815,
    "log_loss": 0.6312927680575943,
    "brier_score": 0.2207947552519403,
    "duration": 0.2007429599761963
  }
}