{
  "best_params": {
    "v_0": 3.298958995043526,
    "beta": 0.9990053615355108,
    "s": 5.83020142176408,
    "epsilon": 0.035573378569664506
  },
  "best_metrics": {
    "accuracy": 0.584149755073478,
    "log_loss": 0.6574465197832551,
    "brier_score": 0.2329571369871368,
    "duration": 0.11497688293457031
  }
}