{
  "best_params": {
    "temperature": 0.00400660037912215,
    "prior": 192.2148809598511
  },
  "best_metrics": {
    "accuracy": 0.6278851062686407,
    "accuracy_without_draws": 0.6278851062686407,
    "log_loss": 0.6713305720303003,
    "brier_score": 0.23927042557793476,
    "duration": 0.1385195255279541
  }
}