{
  "best_params": {
    "k": 42.93664491731887
  },
  "best_metrics": {
    "accuracy": 0.6206169223741839,
    "accuracy_without_draws": 0.6206169223741839,
    "log_loss": 0.6412373681358268,
    "brier_score": 0.22479736945181872,
    "duration": 0.07797741889953613
  }
}