{
  "best_params": {
    "dimension": 10,
    "eta_r": 43.52626268871497,
    "eta_c": 0.017987426835907386
  },
  "best_metrics": {
    "accuracy": 0.6209393556707956,
    "accuracy_without_draws": 0.6209393556707956,
    "log_loss": 0.6412271892691515,
    "brier_score": 0.2247702739299165,
    "duration": 1.070300817489624
  }
}