{
  "best_params": {
    "initial_sigma": 33.465469692151025,
    "beta": 37.123043710030586,
    "tau": 0.6470007908158258
  },
  "best_metrics": {
    "accuracy": 0.6279388451514093,
    "accuracy_without_draws": 0.6279388451514093,
    "log_loss": 0.6350171193675562,
    "brier_score": 0.22185876769340065,
    "duration": 1.0971360206604004
  }
}