{
  "best_params": {
    "v_0": 7.775441461272931,
    "beta": 0.9996186175579751,
    "s": 6.870585220427713,
    "epsilon": 0.02071699648504712
  },
  "best_metrics": {
    "accuracy": 0.6234516484402289,
    "accuracy_without_draws": 0.6234516484402289,
    "log_loss": 0.6400229692729976,
    "brier_score": 0.22385599499245362,
    "duration": 0.3935697078704834
  }
}