{
  "best_params": {
    "v_0": 7.775441461272931,
    "beta": 0.9996186175579751,
    "s": 6.870585220427713,
    "epsilon": 0.02071699648504712
  },
  "best_metrics": {
    "accuracy": 0.6196093183222721,
    "accuracy_without_draws": 0.6196093183222721,
    "log_loss": 0.6395786697734352,
    "brier_score": 0.22427447450523488,
    "duration": 0.49918031692504883
  }
}