{
  "best_params": {
    "temperature": 0.00400660037912215,
    "prior": 192.2148809598511
  },
  "best_metrics": {
    "accuracy": 0.632372302979821,
    "accuracy_without_draws": 0.632372302979821,
    "log_loss": 0.6762918732048699,
    "brier_score": 0.24166980495987217,
    "duration": 0.19471287727355957
  }
}