{
  "best_params": {
    "initial_sigma": 43.47651522576973,
    "beta": 20.955275407126006,
    "kappa": 0.0007113383666898721
  },
  "best_metrics": {
    "accuracy": 0.6263401133890426,
    "accuracy_without_draws": 0.6263401133890426,
    "log_loss": 0.6349976951637109,
    "brier_score": 0.22201736092359714,
    "duration": 0.6552307605743408
  }
}