{
  "best_params": {
    "initial_sigma": 20.77074888292695,
    "beta": 28.700182683198065,
    "kappa": 0.0005683670434772899
  },
  "best_metrics": {
    "accuracy": 0.6256146384716662,
    "accuracy_without_draws": 0.6256146384716662,
    "log_loss": 0.6362929232145057,
    "brier_score": 0.22235865818892553,
    "duration": 0.7407271862030029
  }
}