{
  "best_params": {
    "temperature": 0.002899826071827697,
    "prior": 529.6005909397546
  },
  "best_metrics": {
    "accuracy": 0.5901966694295833,
    "accuracy_without_draws": 0.5905377808032676,
    "log_loss": 0.6767633732511021,
    "brier_score": 0.2408612595629312,
    "duration": 0.014029264450073242
  }
}