{
  "best_params": {
    "k": 39.720372335273375
  },
  "best_metrics": {
    "accuracy": 0.6178886293421747,
    "accuracy_without_draws": 0.61833446789199,
    "log_loss": 0.6468623360339061,
    "brier_score": 0.22640787538201881,
    "duration": 0.05588483810424805
  }
}