{
  "best_params": {
    "initial_rd": 151.93866933253938,
    "initial_sigma": 0.15043518944229392,
    "tau": 1.035597999189078
  },
  "best_metrics": {
    "accuracy": 0.6239168110918544,
    "accuracy_without_draws": 0.6243854473942969,
    "log_loss": 0.6421361489418104,
    "brier_score": 0.22442561640576922,
    "duration": 0.49472761154174805
  }
}