{
  "best_params": {
    "initial_rating_dev": 149.8340913320213,
    "c": 26.893728560498783
  },
  "best_metrics": {
    "accuracy": 0.6236154020043704,
    "accuracy_without_draws": 0.6240828984191816,
    "log_loss": 0.6421306349025594,
    "brier_score": 0.2244230098169904,
    "duration": 0.6039314270019531
  }
}