{
  "best_params": {
    "temperature": 0.00400660037912215
  },
  "best_metrics": {
    "accuracy": 0.5029764147389044,
    "accuracy_without_draws": 0.502987671129264,
    "log_loss": 0.6931468292825249,
    "brier_score": 0.24905792096212373,
    "duration": 0.01543569564819336
  }
}