{
  "best_params": {
    "initial_sigma": 1.9379868362771493,
    "beta": 2.791185043830569,
    "tau": 0.3787483111336956
  },
  "best_metrics": {
    "accuracy": 0.624029839499661,
    "accuracy_without_draws": 0.6244989032599652,
    "log_loss": 0.6434163742952553,
    "brier_score": 0.22476523699743342,
    "duration": 0.5554699897766113
  }
}