{
  "best_params": {
    "initial_sigma": 4.799879758090398,
    "sigma_reduction_factor": 0.10704541300021869,
    "sigma_lower_bound": 0.31182090505645965,
    "b": 0.13329979908389117
  },
  "best_metrics": {
    "accuracy": 0.6204882827217241,
    "accuracy_without_draws": 0.6209439528023599,
    "log_loss": 0.6446818758916237,
    "brier_score": 0.22548364832787735,
    "duration": 0.2766554355621338
  }
}