{
  "best_params": {
    "v_0": 1.6120790098586995,
    "beta": 0.9947986451309826,
    "s": 2.788001254378883,
    "epsilon": 0.06280993825170765
  },
  "best_metrics": {
    "accuracy": 0.621618566799789,
    "accuracy_without_draws": 0.6220785114590425,
    "log_loss": 0.6436852994580888,
    "brier_score": 0.22518012966267176,
    "duration": 0.15621304512023926
  }
}