{
  "best_params": {
    "v_0": 1.49210231128286,
    "beta": 0.9948915132016702,
    "s": 3.028297353003043,
    "epsilon": 0.04439170649183649
  },
  "best_metrics": {
    "accuracy": 0.621769271343531,
    "accuracy_without_draws": 0.6222297859466001,
    "log_loss": 0.6433602309401089,
    "brier_score": 0.22498494011346776,
    "duration": 0.15960907936096191
  }
}