{
  "best_params": {
    "initial_sigma": 55.931971924598095,
    "beta": 38.05655030334627,
    "kappa": 0.0009465387004284861
  },
  "best_metrics": {
    "accuracy": 0.6173234873031422,
    "accuracy_without_draws": 0.6177671885636488,
    "log_loss": 0.6468611320383492,
    "brier_score": 0.22659292252822627,
    "duration": 0.4760591983795166
  }
}