{
  "best_params": {
    "initial_sigma": 11.563686477415985,
    "beta": 17.154015980826795,
    "kappa": 0.000770725330856683
  },
  "best_metrics": {
    "accuracy": 0.6191319418280461,
    "accuracy_without_draws": 0.6195824824143408,
    "log_loss": 0.6449669526091334,
    "brier_score": 0.22564126585946845,
    "duration": 0.6018016338348389
  }
}