{
  "best_params": {
    "temperature": 4.865717812598246,
    "prior": 5.714637802844374
  },
  "best_metrics": {
    "accuracy": 0.6018385954336524,
    "accuracy_without_draws": 0.6022237349670978,
    "log_loss": 0.6556556835111459,
    "brier_score": 0.23075040813627398,
    "duration": 0.02571415901184082
  }
}