{
  "best_params": {
    "sigma": 103.65351419839821
  },
  "best_metrics": {
    "accuracy": 0.6403916401475268,
    "log_loss": 0.6268896681984752,
    "brier_score": 0.21388182334577197,
    "duration": 0.6135990619659424
  }
}