{
  "best_params": {
    "temperature": 0.005007251532784665,
    "prior": 207.94315370325182
  },
  "best_metrics": {
    "accuracy": 0.5725780000819974,
    "accuracy_without_draws": 0.5750217193227809,
    "log_loss": 0.6828878127497832,
    "brier_score": 0.2367598731149162,
    "duration": 0.0958566665649414
  }
}