{
  "best_params": {
    "k": 47.403925647632
  },
  "best_metrics": {
    "accuracy": 0.6023943257759009,
    "accuracy_without_draws": 0.6058419680884877,
    "log_loss": 0.6537062590800363,
    "brier_score": 0.22276193826375895,
    "duration": 0.09741830825805664
  }
}