{
  "best_params": {
    "initial_rd": 162.13872424248814,
    "initial_sigma": 0.20641651217321713,
    "tau": 1.0963746335301319
  },
  "best_metrics": {
    "accuracy": 0.6092821122545201,
    "accuracy_without_draws": 0.6129616680439895,
    "log_loss": 0.6490582360548932,
    "brier_score": 0.22072824229747512,
    "duration": 0.9841248989105225
  }
}