{
  "best_params": {
    "initial_sigma": 3.5540411010212236,
    "beta": 4.842355554513204,
    "tau": 0.7490654801838669
  },
  "best_metrics": {
    "accuracy": 0.6066991923250379,
    "accuracy_without_draws": 0.6102917805606763,
    "log_loss": 0.6503378791562486,
    "brier_score": 0.2212835994926594,
    "duration": 0.7181766033172607
  }
}