{
  "best_params": {
    "initial_sigma": 1.5441148397804714,
    "sigma_reduction_factor": 0.30635940628791614,
    "sigma_lower_bound": 0.33037057598777547,
    "b": 0.45380703523338584
  },
  "best_metrics": {
    "accuracy": 0.6050182444344225,
    "accuracy_without_draws": 0.6085542347382027,
    "log_loss": 0.6515048738087772,
    "brier_score": 0.2218648845337553,
    "duration": 0.37026071548461914
  }
}