{
  "best_params": {
    "v_0": 0.9585081913341977,
    "beta": 0.9921901597946309,
    "s": 2.030937736544771,
    "epsilon": 0.05331990046937089
  },
  "best_metrics": {
    "accuracy": 0.6050592431634619,
    "accuracy_without_draws": 0.6085966139046045,
    "log_loss": 0.6508006951709806,
    "brier_score": 0.221608183781888,
    "duration": 0.246077299118042
  }
}