{
  "best_params": {
    "v_0": 1.188269602656877,
    "beta": 0.9939226285138061,
    "s": 2.9165745382033172,
    "epsilon": 0.04864665219665271
  },
  "best_metrics": {
    "accuracy": 0.6070886802509122,
    "accuracy_without_draws": 0.6106943826414934,
    "log_loss": 0.650253917522754,
    "brier_score": 0.2213483749290542,
    "duration": 0.20243310928344727
  }
}