{
  "best_params": {
    "temperature": 0.005007251532784665,
    "prior": 207.94315370325182
  },
  "best_metrics": {
    "accuracy": 0.591867902095035,
    "accuracy_without_draws": 0.5949611171148264,
    "log_loss": 0.6837756748609902,
    "brier_score": 0.23720216543258962,
    "duration": 0.09176254272460938
  }
}