{
  "best_params": {
    "initial_sigma": 9.011336631889629,
    "beta": 5.717687868120526,
    "kappa": 0.0003087362932716994
  },
  "best_metrics": {
    "accuracy": 0.6042597679471936,
    "accuracy_without_draws": 0.6077702201597694,
    "log_loss": 0.6516525819672333,
    "brier_score": 0.22191061679774982,
    "duration": 0.7527370452880859
  }
}