{
  "best_params": {
    "initial_sigma": 24.811382163724698,
    "beta": 37.615122325210464,
    "kappa": 0.0004279757707645518
  },
  "best_metrics": {
    "accuracy": 0.6057972202861711,
    "accuracy_without_draws": 0.6093594388998368,
    "log_loss": 0.6515882292626354,
    "brier_score": 0.22183151091202938,
    "duration": 0.8738486766815186
  }
}