{
  "best_params": {
    "temperature": 0.005007251532784665,
    "prior": 207.94315370325182
  },
  "best_metrics": {
    "accuracy": 0.6275492382513368,
    "accuracy_without_draws": 0.6275492382513368,
    "log_loss": 0.6689905235238955,
    "brier_score": 0.23810168634612355,
    "duration": 0.1110079288482666
  }
}