{
  "best_params": {
    "initial_sigma": 12.366978832865886,
    "beta": 13.772263303813357,
    "tau": 0.8503743257150327
  },
  "best_metrics": {
    "accuracy": 0.6277104548996426,
    "accuracy_without_draws": 0.6277104548996426,
    "log_loss": 0.6358882111280905,
    "brier_score": 0.22226611304012453,
    "duration": 0.5280420780181885
  }
}