{
  "best_params": {
    "initial_sigma": 6.29615939818079,
    "sigma_reduction_factor": 0.5192957769930597,
    "sigma_lower_bound": 2.0472065928506966,
    "b": 0.13878067123631735
  },
  "best_metrics": {
    "accuracy": 0.6264744605959642,
    "accuracy_without_draws": 0.6264744605959642,
    "log_loss": 0.6365219636517847,
    "brier_score": 0.22268293908544678,
    "duration": 0.28052234649658203
  }
}