{
  "best_params": {
    "v_0": 6.444681612901387,
    "beta": 0.9995163431237442,
    "s": 5.2990268637193605,
    "epsilon": 0.062307939797877854
  },
  "best_metrics": {
    "accuracy": 0.6234785178816132,
    "accuracy_without_draws": 0.6234785178816132,
    "log_loss": 0.6378238565457282,
    "brier_score": 0.2233254495957169,
    "duration": 0.20883917808532715
  }
}