{
  "best_params": {
    "v_0": 5.597313581020838,
    "beta": 0.9988169756175301,
    "s": 6.261766378936465,
    "epsilon": 0.0538777954718736
  },
  "best_metrics": {
    "accuracy": 0.6252519010129779,
    "accuracy_without_draws": 0.6252519010129779,
    "log_loss": 0.6366575008989543,
    "brier_score": 0.2228707245234394,
    "duration": 0.17359304428100586
  }
}