{
  "best_params": {
    "temperature": 0.005007251532784665,
    "prior": 207.94315370325182
  },
  "best_metrics": {
    "accuracy": 0.6318483488728269,
    "accuracy_without_draws": 0.6318483488728269,
    "log_loss": 0.6735945199091562,
    "brier_score": 0.24036773617226628,
    "duration": 0.14263582229614258
  }
}