{
  "best_params": {
    "initial_sigma": 82.18828013676034,
    "beta": 40.19986569352828,
    "kappa": 0.00048295413337627466
  },
  "best_metrics": {
    "accuracy": 0.6260176800924309,
    "accuracy_without_draws": 0.6260176800924309,
    "log_loss": 0.6358990895789893,
    "brier_score": 0.22241458572403186,
    "duration": 0.5862793922424316
  }
}