{
  "best_params": {
    "initial_sigma": 22.485805793354565,
    "beta": 31.25574805189403,
    "kappa": 0.000497834853666383
  },
  "best_metrics": {
    "accuracy": 0.6252115968509014,
    "accuracy_without_draws": 0.6252115968509014,
    "log_loss": 0.6372024682098351,
    "brier_score": 0.22275235649939484,
    "duration": 0.6695640087127686
  }
}