{
  "best_params": {
    "temperature": 0.00400660037912215,
    "prior": 192.2148809598511
  },
  "best_metrics": {
    "accuracy": 0.5988103568929322,
    "accuracy_without_draws": 0.5988103568929322,
    "log_loss": 0.6829325139048162,
    "brier_score": 0.24492675349026052,
    "duration": 0.05526900291442871
  }
}