{
  "best_params": {
    "initial_rd": 149.6199410747324,
    "initial_sigma": 0.0804247823926788,
    "tau": 0.20037808488215042
  },
  "best_metrics": {
    "accuracy": 0.5856543037088874,
    "accuracy_without_draws": 0.5856543037088874,
    "log_loss": 0.6565870456635201,
    "brier_score": 0.23253366271211992,
    "duration": 0.49310874938964844
  }
}