{
  "best_params": {
    "dimension": 5,
    "eta_r": 48.07586789300491,
    "eta_c": 0.10367364232823348
  },
  "best_metrics": {
    "accuracy": 0.5819104268719384,
    "log_loss": 0.6581085501995192,
    "brier_score": 0.23325098390741913,
    "duration": 0.3473343849182129
  }
}