{
  "best_params": {
    "initial_sigma": 7.873481819931918,
    "beta": 11.459731732177392,
    "tau": 0.545951417333503
  },
  "best_metrics": {
    "accuracy": 0.5851294611616515,
    "accuracy_without_draws": 0.5851294611616515,
    "log_loss": 0.6572376527200855,
    "brier_score": 0.2328600964502099,
    "duration": 0.40614986419677734
  }
}