{
  "best_params": {
    "update_method": "online",
    "variance_increase_method": "match",
    "initial_sigma": 7.063371220973203,
    "beta": 8.013730422820437,
    "tau": 0.6877742643297916
  },
  "best_metrics": {
    "accuracy": 0.5949481157837248,
    "accuracy_without_draws": 0.5949481157837248,
    "log_loss": 0.6513807810350235,
    "brier_score": 0.22995490975446065,
    "duration": 1.8373937606811523
  }
}