{
  "best_params": {
    "initial_sigma": 1.8266873312394365,
    "sigma_reduction_factor": 0.35262645702340684,
    "sigma_lower_bound": 0.44038309985542734,
    "b": 0.4340964001211022
  },
  "best_metrics": {
    "accuracy": 0.585444366689993,
    "log_loss": 0.6568782292913842,
    "brier_score": 0.23267751106133897,
    "duration": 0.1827530860900879
  }
}