{
  "best_params": {
    "initial_sigma": 7.764288594912927,
    "beta": 4.944322597689286,
    "kappa": 0.00028524779516975147
  },
  "best_metrics": {
    "accuracy": 0.5833449965010497,
    "log_loss": 0.6567152694711279,
    "brier_score": 0.23268076453859352,
    "duration": 0.38727521896362305
  }
}