{
  "best_params": {
    "k": 25.479357130728285
  },
  "best_metrics": {
    "accuracy": 0.5744865490309516,
    "log_loss": 0.6728931135509693,
    "brier_score": 0.2256039590522505,
    "duration": 0.06402850151062012
  }
}