{
  "best_params": {
    "v_0": 7.1660786207148535,
    "beta": 0.9949706482362962,
    "s": 5.2988606705151335,
    "epsilon": 0.06767786515549713
  },
  "best_metrics": {
    "accuracy": 0.6269206566674367,
    "log_loss": 0.6345961969833375,
    "brier_score": 0.22177108693477032,
    "duration": 0.9871814250946045
  }
}