{
  "best_params": {
    "initial_rating_dev": 183.65565248523026,
    "c": 23.82500336238263
  },
  "best_metrics": {
    "accuracy": 0.6236787395553715,
    "accuracy_without_draws": 0.6240700935699617,
    "log_loss": 0.6371253889518566,
    "brier_score": 0.22278449833749306,
    "duration": 3.200761079788208
  }
}