{
  "best_params": {
    "initial_sigma": 7.063371220973203,
    "beta": 8.013730422820437,
    "tau": 0.6877742643297916
  },
  "best_metrics": {
    "accuracy": 0.6209227117402005,
    "accuracy_without_draws": 0.6213053449143807,
    "log_loss": 0.6384378364587902,
    "brier_score": 0.22341445296221657,
    "duration": 5.1760358810424805
  }
}