{
  "best_params": {
    "initial_sigma": 1.8266873312394365,
    "sigma_reduction_factor": 0.35262645702340684,
    "sigma_lower_bound": 0.44038309985542734,
    "b": 0.4340964001211022
  },
  "best_metrics": {
    "accuracy": 0.6193614936714911,
    "accuracy_without_draws": 0.6197391867164215,
    "log_loss": 0.6405057946425661,
    "brier_score": 0.22423162106990813,
    "duration": 1.7191669940948486
  }
}