{
  "best_params": {
    "v_0": 3.5367777665164275,
    "beta": 0.9930445786413945,
    "s": 3.357244591043056,
    "epsilon": 0.06329460958740288
  },
  "best_metrics": {
    "accuracy": 0.6183578534844635,
    "accuracy_without_draws": 0.6187323707320191,
    "log_loss": 0.6391986724143524,
    "brier_score": 0.22388332854082046,
    "duration": 1.4051189422607422
  }
}