{
  "best_params": {
    "temperature": 0.00400660037912215,
    "prior": 192.2148809598511
  },
  "best_metrics": {
    "accuracy": 0.5997108560413563,
    "accuracy_without_draws": 0.6000263689900677,
    "log_loss": 0.6806957116879341,
    "brier_score": 0.243019757831704,
    "duration": 1.954127311706543
  }
}