{
  "best_params": {
    "initial_sigma": 76.20977274384265,
    "beta": 40.957504078711686,
    "kappa": 0.00044519104431377596
  },
  "best_metrics": {
    "accuracy": 0.6196243518157125,
    "accuracy_without_draws": 0.6200028766170983,
    "log_loss": 0.6393310247620995,
    "brier_score": 0.22379248929248335,
    "duration": 4.889738082885742
  }
}