{
  "best_params": {
    "initial_sigma": 26.897599879135555,
    "beta": 38.39858221824413,
    "kappa": 5.702188763543014e-05
  },
  "best_metrics": {
    "accuracy": 0.6196163864174028,
    "accuracy_without_draws": 0.6199948860140475,
    "log_loss": 0.6400270900907555,
    "brier_score": 0.2239725740832359,
    "duration": 5.279447555541992
  }
}