{
  "best_params": {
    "temperature": 0.005007251532784665,
    "prior": 207.94315370325182
  },
  "best_metrics": {
    "accuracy": 0.6131343786882482,
    "accuracy_without_draws": 0.6136710147382687,
    "log_loss": 0.670833691469508,
    "brier_score": 0.23785564464415618,
    "duration": 0.1659553050994873
  }
}