{
  "best_params": {
    "k": 85.20386434710954
  },
  "best_metrics": {
    "accuracy": 0.6643904906423874,
    "accuracy_without_draws": 0.6651702524140267,
    "log_loss": 0.5997255915062643,
    "brier_score": 0.20499512427634012,
    "duration": 0.09918642044067383
  }
}