{
  "best_params": {
    "initial_sigma": 14.196569886312492,
    "beta": 10.166408345631329,
    "tau": 0.4639461192890008
  },
  "best_metrics": {
    "accuracy": 0.6713876243466532,
    "accuracy_without_draws": 0.6722005759783161,
    "log_loss": 0.5925485497593658,
    "brier_score": 0.20248735166075185,
    "duration": 0.3870432376861572
  }
}