{
  "best_params": {
    "initial_sigma": 1.8563392296636825,
    "sigma_reduction_factor": 0.5940913185035348,
    "sigma_lower_bound": 0.9572231740021182,
    "b": 0.6493654565379049
  },
  "best_metrics": {
    "accuracy": 0.6689428426909458,
    "accuracy_without_draws": 0.6697441978654921,
    "log_loss": 0.5943570402676817,
    "brier_score": 0.20316998368926095,
    "duration": 0.16348695755004883
  }
}