{
  "best_params": {
    "v_0": 5.014904078735,
    "beta": 0.9995161800272212,
    "s": 4.205031216861924,
    "epsilon": 0.014482642841897245
  },
  "best_metrics": {
    "accuracy": 0.6683527229809476,
    "accuracy_without_draws": 0.6691512790106725,
    "log_loss": 0.5946112713891958,
    "brier_score": 0.20358876773607712,
    "duration": 0.1298971176147461
  }
}