{
  "best_params": {
    "v_0": 10.359664758441376,
    "beta": 0.9990966617779542,
    "s": 4.7491016720405375,
    "epsilon": 0.05142089052328425
  },
  "best_metrics": {
    "accuracy": 0.6657393356938122,
    "accuracy_without_draws": 0.6665254955107572,
    "log_loss": 0.5970787704390339,
    "brier_score": 0.2045620153128497,
    "duration": 0.19554781913757324
  }
}