{
  "best_params": {
    "initial_sigma": 82.44717147179873,
    "beta": 22.41398766142535,
    "kappa": 0.0004513768983732345
  },
  "best_metrics": {
    "accuracy": 0.6612712864609678,
    "accuracy_without_draws": 0.6620362527528375,
    "log_loss": 0.6016248914156198,
    "brier_score": 0.2065339173172139,
    "duration": 0.37580060958862305
  }
}