{
  "best_params": {
    "initial_sigma": 36.802430350374905,
    "beta": 31.430551514412485,
    "kappa": 0.0009252619889674282
  },
  "best_metrics": {
    "accuracy": 0.6682684201652335,
    "accuracy_without_draws": 0.6690665763171268,
    "log_loss": 0.5969844993755025,
    "brier_score": 0.20447430530096997,
    "duration": 0.4718363285064697
  }
}