{
  "best_params": {
    "k": 45.44159550658172
  },
  "best_metrics": {
    "accuracy": 0.6270828152200945,
    "accuracy_without_draws": 0.6270828152200945,
    "log_loss": 0.633756224498826,
    "brier_score": 0.22166975566874209,
    "duration": 0.11933493614196777
  }
}