{
  "best_params": {
    "temperature": 0.040265244483901626
  },
  "best_metrics": {
    "accuracy": 0.5020961381319501,
    "accuracy_without_draws": 0.5020961381319501,
    "log_loss": 0.6931134113554649,
    "brier_score": 0.24998311562405434,
    "duration": 0.3435635566711426
  }
}