{
  "best_params": {
    "initial_sigma": 5.780547467505943,
    "beta": 8.125355456762886,
    "tau": 0.7638724861635395
  },
  "best_metrics": {
    "accuracy": 0.632580736845845,
    "accuracy_without_draws": 0.632580736845845,
    "log_loss": 0.6296920538180548,
    "brier_score": 0.21985552768400002,
    "duration": 0.8073616027832031
  }
}