{
  "best_params": {
    "v_0": 3.5962623078302123,
    "beta": 0.9990971648239519,
    "s": 4.402340749299732,
    "epsilon": 0.07894512532175463
  },
  "best_metrics": {
    "accuracy": 0.6302092585355455,
    "accuracy_without_draws": 0.6302092585355455,
    "log_loss": 0.6312484175150892,
    "brier_score": 0.2206042961109015,
    "duration": 0.31975674629211426
  }
}