{
  "best_params": {
    "temperature": 0.005007251532784665,
    "prior": 207.94315370325182
  },
  "best_metrics": {
    "accuracy": 0.6371460546417025,
    "accuracy_without_draws": 0.6371460546417025,
    "log_loss": 0.6683601225562346,
    "brier_score": 0.23781453927296195,
    "duration": 0.3294856548309326
  }
}