{
  "best_params": {
    "initial_sigma": 37.206029224592946,
    "beta": 22.448257409934424,
    "kappa": 0.0005860013298908423
  },
  "best_metrics": {
    "accuracy": 0.6258304615056667,
    "accuracy_without_draws": 0.6258304615056667,
    "log_loss": 0.6332163457637977,
    "brier_score": 0.2217421374354913,
    "duration": 0.8799762725830078
  }
}