{
  "best_params": {
    "initial_sigma": 17.35345381411216,
    "beta": 23.69586431457952,
    "kappa": 0.0004752661017339479
  },
  "best_metrics": {
    "accuracy": 0.6290990158809109,
    "accuracy_without_draws": 0.6290990158809109,
    "log_loss": 0.6309033312633128,
    "brier_score": 0.22058121347823786,
    "duration": 1.007857322692871
  }
}