{
  "best_params": {
    "temperature": 0.005007251532784665
  },
  "best_metrics": {
    "accuracy": 0.5001911730969454,
    "accuracy_without_draws": 0.5001948452928375,
    "log_loss": 0.6931465326985732,
    "brier_score": 0.2452879945110686,
    "duration": 1.5450935363769531
  }
}