{
  "best_params": {
    "initial_sigma": 16.094704992898425,
    "beta": 16.209150204919826,
    "tau": 0.5425169363652572
  },
  "best_metrics": {
    "accuracy": 0.6492385428492439,
    "accuracy_without_draws": 0.6521052284486119,
    "log_loss": 0.6190865095156727,
    "brier_score": 0.21040212351577361,
    "duration": 5.352758884429932
  }
}