{
  "best_params": {
    "v_0": 6.527726818554582,
    "beta": 0.9995163114047,
    "s": 5.713865273439791,
    "epsilon": 0.016150692724084655
  },
  "best_metrics": {
    "accuracy": 0.6455033146473885,
    "accuracy_without_draws": 0.6482982511885563,
    "log_loss": 0.620601296466272,
    "brier_score": 0.21140077655697231,
    "duration": 3.1450510025024414
  }
}