{
  "best_params": {
    "v_0": 5.014904078735,
    "beta": 0.9995161800272212,
    "s": 4.205031216861924,
    "epsilon": 0.014482642841897245
  },
  "best_metrics": {
    "accuracy": 0.6434857031934731,
    "accuracy_without_draws": 0.6462418839441484,
    "log_loss": 0.6220125903973973,
    "brier_score": 0.21204465287570867,
    "duration": 3.9715287685394287
  }
}