{
  "best_params": {
    "temperature": 0.0021751450396781044,
    "prior": 537.3141495775875
  },
  "best_metrics": {
    "accuracy": 0.6120862573013417,
    "accuracy_without_draws": 0.6142392940005635,
    "log_loss": 0.6817622321969872,
    "brier_score": 0.2393010832086358,
    "duration": 0.5672316551208496
  }
}