{
  "best_params": {
    "initial_sigma": 32.394256167625954,
    "beta": 39.37925072934168,
    "kappa": 0.0005606197053961066
  },
  "best_metrics": {
    "accuracy": 0.6462621247860332,
    "accuracy_without_draws": 0.6490716371201266,
    "log_loss": 0.6208639403946148,
    "brier_score": 0.2113402957624788,
    "duration": 7.113346815109253
  }
}