{
  "best_params": {
    "k": 25.765722173027353
  },
  "best_metrics": {
    "accuracy": 0.6071687019448213,
    "accuracy_without_draws": 0.616353488067568,
    "log_loss": 0.6543944716813545,
    "brier_score": 0.21132668619893816,
    "duration": 0.13384270668029785
  }
}