{
  "best_params": {
    "initial_sigma": 1.9483613696802058,
    "beta": 3.2436395458381053,
    "tau": 0.3713159936225064
  },
  "best_metrics": {
    "accuracy": 0.6116764661540781,
    "accuracy_without_draws": 0.621247585687629,
    "log_loss": 0.651919605111741,
    "brier_score": 0.21021106770185308,
    "duration": 0.9169676303863525
  }
}