{
  "best_params": {
    "initial_sigma": 3.7157443447986918,
    "sigma_reduction_factor": 0.11712259330883282,
    "sigma_lower_bound": 0.29054224251595473,
    "b": 0.1326220229325426
  },
  "best_metrics": {
    "accuracy": 0.6085255540479421,
    "accuracy_without_draws": 0.6178266278194258,
    "log_loss": 0.6530633220139281,
    "brier_score": 0.2108008948264333,
    "duration": 0.4971005916595459
  }
}