{
  "best_params": {
    "v_0": 2.4275788587040004,
    "beta": 0.9929303865140255,
    "s": 4.983908472510658,
    "epsilon": 0.09335865052483049
  },
  "best_metrics": {
    "accuracy": 0.6103120759837177,
    "accuracy_without_draws": 0.6197662618260386,
    "log_loss": 0.651110934492768,
    "brier_score": 0.21003460645405403,
    "duration": 0.267913818359375
  }
}