{
  "best_params": {
    "v_0": 1.3568516328121871,
    "beta": 0.993015595196753,
    "s": 2.8374144009532616,
    "epsilon": 0.06837646962848182
  },
  "best_metrics": {
    "accuracy": 0.6101763907734057,
    "accuracy_without_draws": 0.6196189478508528,
    "log_loss": 0.6513336168669677,
    "brier_score": 0.21011686495680562,
    "duration": 0.3280973434448242
  }
}