{
  "best_params": {
    "initial_sigma": 34.59518388455472,
    "beta": 32.83038680550661,
    "kappa": 0.0002602078135172898
  },
  "best_metrics": {
    "accuracy": 0.6083446404341927,
    "accuracy_without_draws": 0.6176302091858448,
    "log_loss": 0.6531971598349671,
    "brier_score": 0.21095334134673868,
    "duration": 1.0141148567199707
  }
}