{
  "best_params": {
    "initial_sigma": 11.214952947180343,
    "beta": 22.614947560887988,
    "kappa": 0.0005093729328613796
  },
  "best_metrics": {
    "accuracy": 0.6094301221166892,
    "accuracy_without_draws": 0.618808720987331,
    "log_loss": 0.6532758298245985,
    "brier_score": 0.21088135974757602,
    "duration": 1.2167479991912842
  }
}