{
  "best_params": {
    "k": 36.16725623313152
  },
  "best_metrics": {
    "accuracy": 0.6304241689852532,
    "accuracy_without_draws": 0.6329294540135133,
    "log_loss": 0.6359744369300181,
    "brier_score": 0.21777936623003585,
    "duration": 0.7375986576080322
  }
}