{
  "best_params": {
    "sigma": 94.22119917809752
  },
  "best_metrics": {
    "accuracy": 0.6315947365634724,
    "accuracy_without_draws": 0.6341225067296566,
    "log_loss": 0.6345667329990312,
    "brier_score": 0.2172401894176379,
    "duration": 0.6068816184997559
  }
}