{
  "best_params": {
    "initial_sigma": 2.321143089285978,
    "beta": 2.809354416788738,
    "tau": 0.35836151017387924
  },
  "best_metrics": {
    "accuracy": 0.6361828908901608,
    "accuracy_without_draws": 0.6387987937577564,
    "log_loss": 0.6314822302282614,
    "brier_score": 0.21578539146508732,
    "duration": 3.612056016921997
  }
}