{
  "best_params": {
    "v_0": 1.9455301074252083,
    "beta": 0.9956753219119284,
    "s": 2.7037853738353053,
    "epsilon": 0.06099162743764896
  },
  "best_metrics": {
    "accuracy": 0.6335211731557678,
    "accuracy_without_draws": 0.6360859477574805,
    "log_loss": 0.6323405123491291,
    "brier_score": 0.21637881957555913,
    "duration": 1.6148102283477783
  }
}