{
  "best_params": {
    "v_0": 1.188269602656877,
    "beta": 0.9939226285138061,
    "s": 2.9165745382033172,
    "epsilon": 0.04864665219665271
  },
  "best_metrics": {
    "accuracy": 0.634479979765063,
    "accuracy_without_draws": 0.6370631718415578,
    "log_loss": 0.6313392871132152,
    "brier_score": 0.2159838524702421,
    "duration": 0.7282123565673828
  }
}