{
  "best_params": {
    "temperature": 0.0021751450396781044,
    "prior": 537.3141495775875
  },
  "best_metrics": {
    "accuracy": 0.6057481338564613,
    "accuracy_without_draws": 0.6077794231380284,
    "log_loss": 0.6823324688799067,
    "brier_score": 0.23958044193100927,
    "duration": 3.4201748371124268
  }
}