{
  "best_params": {
    "initial_sigma": 13.969519618535962,
    "beta": 8.610526244739306,
    "kappa": 1.205086896570752e-05
  },
  "best_metrics": {
    "accuracy": 0.6327535396434181,
    "accuracy_without_draws": 0.6353035689662409,
    "log_loss": 0.6325809788935345,
    "brier_score": 0.21658381929546655,
    "duration": 3.9410877227783203
  }
}