{
  "best_params": {
    "initial_sigma": 27.40775313703906,
    "beta": 41.16737009649186,
    "kappa": 0.0004786618395456946
  },
  "best_metrics": {
    "accuracy": 0.6338535202319959,
    "accuracy_without_draws": 0.6364246788050288,
    "log_loss": 0.6326606972808413,
    "brier_score": 0.21639002644279398,
    "duration": 5.380131483078003
  }
}