{
  "best_params": {
    "initial_rating_dev": 273.0509880492173,
    "c": 19.782079688584357
  },
  "best_metrics": {
    "accuracy": 0.6730046027781791,
    "accuracy_without_draws": 0.6730046027781791,
    "log_loss": 0.5895793909622341,
    "brier_score": 0.2024368831295689,
    "duration": 6.075488090515137
  }
}