{
  "best_params": {
    "initial_rd": 269.76495353167877,
    "initial_sigma": 0.10412351088382348,
    "tau": 0.6212728283615796
  },
  "best_metrics": {
    "accuracy": 0.6728642490041075,
    "accuracy_without_draws": 0.6728642490041075,
    "log_loss": 0.5895435154744881,
    "brier_score": 0.202489835129403,
    "duration": 9.695053815841675
  }
}