{
  "best_params": {
    "dimension": 1,
    "eta_r": 58.123100069043694,
    "eta_c": 0.018577848765741756
  },
  "best_metrics": {
    "accuracy": 0.6620817767136576,
    "log_loss": 0.5979549468463196,
    "brier_score": 0.2058251692254171,
    "duration": 5.555022478103638
  }
}