{
  "best_params": {
    "initial_sigma": 7.741600378415408,
    "beta": 6.421529335347412,
    "tau": 0.46060243607048296
  },
  "best_metrics": {
    "accuracy": 0.6691820264608145,
    "accuracy_without_draws": 0.6691820264608145,
    "log_loss": 0.5923806065076551,
    "brier_score": 0.20359291315970482,
    "duration": 7.6192307472229
  }
}