{
  "best_params": {
    "update_method": "online",
    "variance_increase_method": "match",
    "initial_sigma": 15.1735509384664,
    "beta": 14.452844346179694,
    "tau": 0.7497538286543098
  },
  "best_metrics": {
    "accuracy": 0.6667079322831234,
    "accuracy_without_draws": 0.6667079322831234,
    "log_loss": 0.5943487074868958,
    "brier_score": 0.20461569844795657,
    "duration": 22.345820665359497
  }
}