{
  "best_params": {
    "v_0": 4.28539665288963,
    "beta": 0.9974689056583792,
    "s": 2.967851882695853,
    "epsilon": 0.0514003772151742
  },
  "best_metrics": {
    "accuracy": 0.665716526656897,
    "accuracy_without_draws": 0.665716526656897,
    "log_loss": 0.5947650129439209,
    "brier_score": 0.204777096680901,
    "duration": 2.839038133621216
  }
}