{
  "best_params": {
    "v_0": 1.3280471378382548,
    "beta": 0.9969111867062064,
    "s": 2.0201582090345527,
    "epsilon": 0.008067880673730855
  },
  "best_metrics": {
    "accuracy": 0.6668930215277921,
    "accuracy_without_draws": 0.6668930215277921,
    "log_loss": 0.5936814946362118,
    "brier_score": 0.2046883843143548,
    "duration": 2.236154556274414
  }
}