{
  "best_params": {
    "temperature": 0.00400660037912215,
    "prior": 192.2148809598511
  },
  "best_metrics": {
    "accuracy": 0.6622035542529258,
    "accuracy_without_draws": 0.6622035542529258,
    "log_loss": 0.666757918080765,
    "brier_score": 0.23707355505267963,
    "duration": 9.499911785125732
  }
}