{
  "best_params": {
    "initial_sigma": 78.79471490379228,
    "beta": 30.068576107016455,
    "kappa": 0.0007276715830447244
  },
  "best_metrics": {
    "accuracy": 0.6665937377448451,
    "accuracy_without_draws": 0.6665937377448451,
    "log_loss": 0.592359999135159,
    "brier_score": 0.2038524091150795,
    "duration": 8.83995532989502
  }
}