{
  "best_params": {
    "initial_sigma": 36.18640349108434,
    "beta": 40.61609063630795,
    "kappa": 0.0002967851882695853
  },
  "best_metrics": {
    "accuracy": 0.6679931474333836,
    "accuracy_without_draws": 0.6679931474333836,
    "log_loss": 0.5926542287436875,
    "brier_score": 0.20356725806325884,
    "duration": 9.505271673202515
  }
}