{
  "best_params": {
    "temperature": 0.02128939373879725,
    "prior": 43.13618181470482
  },
  "best_metrics": {
    "accuracy": 0.6318157348304237,
    "accuracy_without_draws": 0.6318157348304237,
    "log_loss": 0.6561694056952766,
    "brier_score": 0.22958903085520888,
    "duration": 0.04660964012145996
  }
}