{
  "best_params": {
    "initial_rd": 215.67561325732143,
    "initial_sigma": 0.02463157621676254,
    "tau": 0.6537100428024484
  },
  "best_metrics": {
    "accuracy": 0.6356225486426209,
    "accuracy_without_draws": 0.6356225486426209,
    "log_loss": 0.6223297850749971,
    "brier_score": 0.21700402021121967,
    "duration": 0.4164259433746338
  }
}