{
  "best_params": {
    "temperature": 0.0021751450396781044
  },
  "best_metrics": {
    "accuracy": 0.4944243636083981,
    "accuracy_without_draws": 0.4944243636083981,
    "log_loss": 0.6931543388913165,
    "brier_score": 0.2500035791650929,
    "duration": 0.12174606323242188
  }
}