{
  "best_params": {
    "initial_sigma": 31.476685256977845,
    "beta": 32.57017608078793,
    "tau": 0.6606407522439816
  },
  "best_metrics": {
    "accuracy": 0.6322387141428901,
    "accuracy_without_draws": 0.6322387141428901,
    "log_loss": 0.6236490413329061,
    "brier_score": 0.21752921151360224,
    "duration": 0.3497440814971924
  }
}