{
  "best_params": {
    "initial_sigma": 7.647844451540961,
    "sigma_reduction_factor": 0.4727510964335772,
    "sigma_lower_bound": 2.6097565396825244,
    "b": 0.12158730187911573
  },
  "best_metrics": {
    "accuracy": 0.6310851341998001,
    "accuracy_without_draws": 0.6310851341998001,
    "log_loss": 0.6260205958020953,
    "brier_score": 0.21867523340273567,
    "duration": 0.1630547046661377
  }
}