{
  "best_params": {
    "v_0": 5.014904078735,
    "beta": 0.9995161800272212,
    "s": 4.205031216861924,
    "epsilon": 0.014482642841897245
  },
  "best_metrics": {
    "accuracy": 0.6305467968930247,
    "accuracy_without_draws": 0.6305467968930247,
    "log_loss": 0.627503508667366,
    "brier_score": 0.2191455803601541,
    "duration": 0.14573884010314941
  }
}