{
  "best_params": {
    "v_0": 6.527726818554582,
    "beta": 0.9995163114047,
    "s": 5.713865273439791,
    "epsilon": 0.016150692724084655
  },
  "best_metrics": {
    "accuracy": 0.6323156194724294,
    "accuracy_without_draws": 0.6323156194724294,
    "log_loss": 0.6264261637117281,
    "brier_score": 0.2186518209057983,
    "duration": 0.10994553565979004
  }
}