{
  "best_params": {
    "initial_sigma": 80.42615883094705,
    "beta": 30.738718111862994,
    "kappa": 0.000675484734477963
  },
  "best_metrics": {
    "accuracy": 0.6307006075521033,
    "accuracy_without_draws": 0.6307006075521033,
    "log_loss": 0.6259766974453861,
    "brier_score": 0.2186853813949933,
    "duration": 0.21996259689331055
  }
}