{
  "best_params": {
    "initial_sigma": 23.52440308152991,
    "beta": 27.91884471977636,
    "kappa": 0.00046279185818319464
  },
  "best_metrics": {
    "accuracy": 0.6320849034838114,
    "accuracy_without_draws": 0.6320849034838114,
    "log_loss": 0.6260769288731544,
    "brier_score": 0.21851778025331,
    "duration": 0.43207788467407227
  }
}