{
  "best_params": {
    "temperature": 0.0047446785806063915,
    "prior": 158.91255268176306
  },
  "best_metrics": {
    "accuracy": 0.6996981188831473,
    "accuracy_without_draws": 0.6996981188831473,
    "log_loss": 0.6296289113368967,
    "brier_score": 0.21566749152011838,
    "duration": 3.1106748580932617
  }
}