{
  "best_params": {
    "sigma": 132.59477363722164
  },
  "best_metrics": {
    "accuracy": 0.7177935283564131,
    "accuracy_without_draws": 0.7177935283564131,
    "log_loss": 0.5309467014326911,
    "brier_score": 0.1785157562572303,
    "duration": 0.7977688312530518
  }
}