{
  "best_params": {
    "initial_rd": 254.2402743838332,
    "initial_sigma": 0.14001214678180465,
    "tau": 1.024933623155291
  },
  "best_metrics": {
    "accuracy": 0.7268002750233662,
    "accuracy_without_draws": 0.7268002750233662,
    "log_loss": 0.5223776304006107,
    "brier_score": 0.1748404965252133,
    "duration": 6.431222200393677
  }
}