{
  "best_params": {
    "dimension": 1,
    "eta_r": 63.162777708551815,
    "eta_c": 0.1698667590018059
  },
  "best_metrics": {
    "accuracy": 0.7175826950141272,
    "log_loss": 0.5314344416948644,
    "brier_score": 0.17836865620891748,
    "duration": 8.231424570083618
  }
}