{
  "best_params": {
    "initial_sigma": 5.554134860132897,
    "beta": 9.892979145958526,
    "tau": 0.5222463345631705
  },
  "best_metrics": {
    "accuracy": 0.7162974580994724,
    "accuracy_without_draws": 0.7162974580994724,
    "log_loss": 0.538181712130352,
    "brier_score": 0.17991135971055378,
    "duration": 14.049254894256592
  }
}