{
  "best_params": {
    "initial_sigma": 11.904291231776552,
    "beta": 18.51538618694762,
    "tau": 0.4824612273456135
  },
  "best_metrics": {
    "accuracy": 0.7178607074805242,
    "accuracy_without_draws": 0.7178607074805242,
    "log_loss": 0.5325375978716221,
    "brier_score": 0.17873905878451168,
    "duration": 14.669543027877808
  }
}