{
  "best_params": {
    "initial_sigma": 2.0113610442760996,
    "beta": 3.484102125522976,
    "tau": 0.28589262680266697
  },
  "best_metrics": {
    "accuracy": 0.7114521627542224,
    "accuracy_without_draws": 0.7114521627542224,
    "log_loss": 0.558270645701905,
    "brier_score": 0.18412407948950926,
    "duration": 15.518973112106323
  }
}