{
  "best_params": {
    "v_0": 3.6119497665290865,
    "beta": 0.9990422055182597,
    "s": 4.506307892809841,
    "epsilon": 0.05839266009232002
  },
  "best_metrics": {
    "accuracy": 0.7222075996691125,
    "log_loss": 0.5266730305632437,
    "brier_score": 0.17682730675855934,
    "duration": 2.653646945953369
  }
}