{
  "best_params": {
    "temperature": 0.005007251532784665,
    "prior": 207.94315370325182
  },
  "best_metrics": {
    "accuracy": 0.7113060386966471,
    "accuracy_without_draws": 0.7113060386966471,
    "log_loss": 0.6337392961545071,
    "brier_score": 0.2194699308526251,
    "duration": 8.097081422805786
  }
}