{
  "best_params": {
    "k": 59.30233794991402
  },
  "best_metrics": {
    "accuracy": 0.6206663665015759,
    "log_loss": 0.6419372350506176,
    "brier_score": 0.21735770429227463,
    "duration": 0.3108985424041748
  }
}