{
  "best_params": {
    "k": 187.01448482248122,
    "kappa": 1.4776714965690423,
    "sigma": 588.2848945686831
  },
  "best_metrics": {
    "accuracy": 0.6213826695591667,
    "log_loss": 0.6405414716838634,
    "brier_score": 0.21680206673836866,
    "duration": 0.2809717655181885
  }
}