{
  "best_params": {
    "b": 0.00943000652630506,
    "sigma": 82.63839539848682,
    "use_approx": true
  },
  "best_metrics": {
    "accuracy": 0.6223036306332119,
    "log_loss": 0.6397957906026713,
    "brier_score": 0.21649169124335155,
    "duration": 0.18644189834594727
  }
}