{
  "best_params": {
    "initial_rd": 202.66325425491215,
    "initial_sigma": 0.11810016030867854,
    "tau": 0.5199279607893036
  },
  "best_metrics": {
    "accuracy": 0.6283819737219107,
    "log_loss": 0.6350445549674724,
    "brier_score": 0.2144376626391857,
    "duration": 2.0611672401428223
  }
}