{
  "best_params": {
    "initial_rating_dev": 198.71138479997805,
    "c": 23.766229136958177
  },
  "best_metrics": {
    "accuracy": 0.628668494944947,
    "log_loss": 0.6349946152663374,
    "brier_score": 0.21438877990685087,
    "duration": 1.2646450996398926
  }
}