{
  "best_params": {
    "dimension": 20,
    "eta_r": 59.9333227279653,
    "eta_c": 0.30269666870966055
  },
  "best_metrics": {
    "accuracy": 0.6207277639065122,
    "log_loss": 0.641934048355693,
    "brier_score": 0.217344197025778,
    "duration": 1.3250858783721924
  }
}