{
  "best_params": {
    "initial_sigma": 7.063371220973203,
    "beta": 8.013730422820437,
    "tau": 0.6877742643297916
  },
  "best_metrics": {
    "accuracy": 0.6261921329458475,
    "log_loss": 0.63703838882999,
    "brier_score": 0.21532953833002316,
    "duration": 1.3303520679473877
  }
}