{
  "best_params": {
    "initial_sigma": 1.8266873312394365,
    "sigma_reduction_factor": 0.35262645702340684,
    "sigma_lower_bound": 0.44038309985542734,
    "b": 0.4340964001211022
  },
  "best_metrics": {
    "accuracy": 0.6235008800294708,
    "log_loss": 0.6389259416162973,
    "brier_score": 0.21623180976000098,
    "duration": 1.0742945671081543
  }
}