{
  "best_params": {
    "v_0": 3.7626668337954885,
    "beta": 1.0000044253463756,
    "s": 3.655522952702227,
    "epsilon": 0.0526504265221193
  },
  "best_metrics": {
    "accuracy": 0.6248516229380705,
    "log_loss": 0.6381170073483916,
    "brier_score": 0.2157727901109057,
    "duration": 0.5036647319793701
  }
}