{
  "best_params": {
    "v_0": 9.782874481263056,
    "beta": 0.996014453832502,
    "s": 6.464514014977,
    "epsilon": 0.08447305782187306
  },
  "best_metrics": {
    "accuracy": 0.6243399778969342,
    "log_loss": 0.6376914037307205,
    "brier_score": 0.21576927088741754,
    "duration": 0.4075489044189453
  }
}