{
  "best_params": {
    "initial_sigma": 2.1410904225489147,
    "beta": 1.3392725461925339,
    "kappa": 0.0009121645287315866
  },
  "best_metrics": {
    "accuracy": 0.6217101223854938,
    "log_loss": 0.6392379368086815,
    "brier_score": 0.21637800737906324,
    "duration": 1.53489351272583
  }
}