{
  "best_params": {
    "initial_sigma": 4.184114816547302,
    "beta": 5.147860788471235,
    "kappa": 0.0009968707643842466
  },
  "best_metrics": {
    "accuracy": 0.6244116082026933,
    "log_loss": 0.6385114232885762,
    "brier_score": 0.21589111599172464,
    "duration": 1.6167516708374023
  }
}