{
  "best_params": {
    "k": 42.03499603038106
  },
  "best_metrics": {
    "accuracy": 0.6264055650848104,
    "log_loss": 0.6427517018998331,
    "brier_score": 0.22476426354559065,
    "duration": 0.06233525276184082
  }
}