{
  "best_params": {
    "k": 118.86000644563933,
    "kappa": 1.14220968163867,
    "sigma": 680.1500545372974
  },
  "best_metrics": {
    "accuracy": 0.6267867352773013,
    "log_loss": 0.6421484015351889,
    "brier_score": 0.22482437827049392,
    "duration": 0.0739898681640625
  }
}