{
  "best_params": {
    "b": 0.004327576610984507,
    "sigma": 137.69039897093373,
    "use_approx": true
  },
  "best_metrics": {
    "accuracy": 0.6255479321517058,
    "log_loss": 0.6415875197867817,
    "brier_score": 0.2243673642322748,
    "duration": 0.04187631607055664
  }
}