{
  "best_params": {
    "initial_rating_dev": 158.31739041670747,
    "c": 22.273805849526003
  },
  "best_metrics": {
    "accuracy": 0.6293596340766152,
    "log_loss": 0.6368126246206728,
    "brier_score": 0.22228562102780483,
    "duration": 0.21433210372924805
  }
}