{
  "best_params": {
    "initial_rd": 158.31739041670747,
    "initial_sigma": 0.1382602327694614,
    "tau": 1.1403185065221022
  },
  "best_metrics": {
    "accuracy": 0.6287878787878788,
    "log_loss": 0.6368383903227243,
    "brier_score": 0.22226825943293094,
    "duration": 0.32734084129333496
  }
}