{
  "best_params": {
    "dimension": 5,
    "eta_r": 42.44521476420579,
    "eta_c": 0.03051056698056342
  },
  "best_metrics": {
    "accuracy": 0.6264055650848104,
    "log_loss": 0.6427524725567967,
    "brier_score": 0.2247551286696471,
    "duration": 0.4130067825317383
  }
}