{
  "best_params": {
    "initial_sigma": 1.9379868362771493,
    "beta": 2.791185043830569,
    "tau": 0.3787483111336956
  },
  "best_metrics": {
    "accuracy": 0.625071469411092,
    "log_loss": 0.6381694077197618,
    "brier_score": 0.22253395676272908,
    "duration": 0.26818370819091797
  }
}