{
  "best_params": {
    "initial_sigma": 4.799879758090398,
    "sigma_reduction_factor": 0.10704541300021869,
    "sigma_lower_bound": 0.31182090505645965,
    "b": 0.13329979908389117
  },
  "best_metrics": {
    "accuracy": 0.6260720411663808,
    "log_loss": 0.6403363473634075,
    "brier_score": 0.22381129085640983,
    "duration": 0.14789986610412598
  }
}