{
  "best_params": {
    "v_0": 3.7626668337954885,
    "beta": 1.0000044253463756,
    "s": 3.655522952702227,
    "epsilon": 0.0526504265221193
  },
  "best_metrics": {
    "accuracy": 0.6276920144844673,
    "log_loss": 0.6391403154749052,
    "brier_score": 0.22305479179511203,
    "duration": 0.25132083892822266
  }
}