{
  "best_params": {
    "v_0": 2.9190520124822714,
    "beta": 0.9944668513518281,
    "s": 5.394988354418285,
    "epsilon": 0.07480234547771016
  },
  "best_metrics": {
    "accuracy": 0.6222603392414713,
    "log_loss": 0.638556905578066,
    "brier_score": 0.22332937972307534,
    "duration": 0.08118128776550293
  }
}