{
  "best_params": {
    "initial_sigma": 1.8316268582841793,
    "beta": 1.3718482764599524,
    "kappa": 0.0006488741847522567
  },
  "best_metrics": {
    "accuracy": 0.6241185439298647,
    "log_loss": 0.6402368292616545,
    "brier_score": 0.22382398560773792,
    "duration": 0.43856287002563477
  }
}