{
  "best_params": {
    "initial_sigma": 1.9379868362771493,
    "beta": 2.791185043830569,
    "kappa": 0.0004546798452985542
  },
  "best_metrics": {
    "accuracy": 0.625833809796074,
    "log_loss": 0.6390864575524547,
    "brier_score": 0.22312073992730488,
    "duration": 0.3540008068084717
  }
}