{
  "best_params": {
    "k": 42.293857562087084
  },
  "best_metrics": {
    "accuracy": 0.627807930046736,
    "accuracy_without_draws": 0.6387615805152715,
    "log_loss": 0.6398057298804826,
    "brier_score": 0.20461542848124895,
    "duration": 0.6890907287597656
  }
}