{
  "best_params": {
    "initial_sigma": 17.303354775403808,
    "beta": 18.906948674709508,
    "tau": 0.7385967009716192
  },
  "best_metrics": {
    "accuracy": 0.633680084426353,
    "accuracy_without_draws": 0.6451370019969228,
    "log_loss": 0.6354342116988058,
    "brier_score": 0.20260435115397704,
    "duration": 3.3369290828704834
  }
}