{
  "best_params": {
    "initial_sigma": 1.3665209422145799,
    "sigma_reduction_factor": 0.655560061131993,
    "sigma_lower_bound": 0.9052985611995714,
    "b": 0.5900923649178649
  },
  "best_metrics": {
    "accuracy": 0.631576963666516,
    "accuracy_without_draws": 0.6428536353815432,
    "log_loss": 0.637209936987252,
    "brier_score": 0.20338615083415904,
    "duration": 1.2815637588500977
  }
}