{
  "best_params": {
    "v_0": 5.973456638422408,
    "beta": 0.9995279753587974,
    "s": 5.056301460992634,
    "epsilon": 0.018577336958578213
  },
  "best_metrics": {
    "accuracy": 0.6288481833257953,
    "accuracy_without_draws": 0.6398909876583625,
    "log_loss": 0.6363088442739739,
    "brier_score": 0.20335506501980896,
    "duration": 1.8379671573638916
  }
}