{
  "best_params": {
    "v_0": 7.775441461272931,
    "beta": 0.9996186175579751,
    "s": 6.870585220427713,
    "epsilon": 0.02071699648504712
  },
  "best_metrics": {
    "accuracy": 0.6313055932458917,
    "accuracy_without_draws": 0.6425590074311717,
    "log_loss": 0.6348623837319644,
    "brier_score": 0.20267317121755513,
    "duration": 1.151043176651001
  }
}