{
  "best_params": {
    "initial_sigma": 30.194388619652063,
    "beta": 19.004228695514385,
    "kappa": 0.0005566408293831848
  },
  "best_metrics": {
    "accuracy": 0.6267526006331976,
    "accuracy_without_draws": 0.6376158051527155,
    "log_loss": 0.6403064248259902,
    "brier_score": 0.2050689866733249,
    "duration": 2.6927058696746826
  }
}