{
  "best_params": {
    "initial_sigma": 25.66678505176355,
    "beta": 33.73431057902156,
    "kappa": 0.0007834579679607317
  },
  "best_metrics": {
    "accuracy": 0.6280189959294437,
    "accuracy_without_draws": 0.6389907355877827,
    "log_loss": 0.6388596641574321,
    "brier_score": 0.20431156959260593,
    "duration": 3.733696460723877
  }
}