{
  "best_params": {
    "temperature": 4.865717812598246,
    "prior": 5.714637802844374
  },
  "best_metrics": {
    "accuracy": 0.6022011156339514,
    "accuracy_without_draws": 0.610960159753822,
    "log_loss": 0.6572885183311665,
    "brier_score": 0.21293554256962888,
    "duration": 0.30376100540161133
  }
}