{
  "best_params": {
    "temperature": 0.002899826071827697,
    "prior": 529.6005909397546
  },
  "best_metrics": {
    "accuracy": 0.5912139250998417,
    "accuracy_without_draws": 0.5915588835942818,
    "log_loss": 0.6766698674111536,
    "brier_score": 0.2408153867752612,
    "duration": 0.04199838638305664
  }
}