{
  "best_params": {
    "sigma": 103.92904821073307
  },
  "best_metrics": {
    "accuracy": 0.6251601235777259,
    "log_loss": 0.6425050578687809,
    "brier_score": 0.2245704474378851,
    "duration": 0.04615354537963867
  }
}