{
  "best_params": {
    "initial_rd": 177.02702485722838,
    "initial_sigma": 0.11228044135187491,
    "tau": 0.21488049079912425
  },
  "best_metrics": {
    "accuracy": 0.6308115439680506,
    "accuracy_without_draws": 0.6313062552000606,
    "log_loss": 0.6378215813737602,
    "brier_score": 0.222486543878667,
    "duration": 0.4944267272949219
  }
}