{
  "best_params": {
    "update_method": "batched",
    "variance_increase_method": "match",
    "initial_sigma": 19.422152870884187,
    "beta": 32.69582698159089,
    "tau": 0.6378957179530977
  },
  "best_metrics": {
    "accuracy": 0.6206145731108931,
    "accuracy_without_draws": 0.6210153846153846,
    "log_loss": 0.6444335359520912,
    "brier_score": 0.2255411510488191,
    "duration": 1.070864200592041
  }
}