{
  "best_params": {
    "update_method": "online",
    "variance_increase_method": "match",
    "initial_sigma": 7.873481819931918,
    "beta": 11.459731732177392,
    "tau": 0.545951417333503
  },
  "best_metrics": {
    "accuracy": 0.6203692345436702,
    "accuracy_without_draws": 0.6207692307692307,
    "log_loss": 0.6442622013124154,
    "brier_score": 0.22560234420137826,
    "duration": 1.3554151058197021
  }
}