{
  "best_params": {
    "update_method": "online",
    "variance_increase_method": "time",
    "initial_sigma": 7.063371220973203,
    "beta": 8.013730422820437,
    "tau": 0.6877742643297916
  },
  "best_metrics": {
    "accuracy": 0.6251840039254171,
    "accuracy_without_draws": 0.6256,
    "log_loss": 0.6417852866380122,
    "brier_score": 0.2242066024705242,
    "duration": 1.4276161193847656
  }
}