{
  "best_params": {
    "initial_sigma": 4.799879758090398,
    "sigma_reduction_factor": 0.10704541300021869,
    "sigma_lower_bound": 0.31182090505645965,
    "b": 0.13329979908389117
  },
  "best_metrics": {
    "accuracy": 0.6277597769572753,
    "accuracy_without_draws": 0.6282429468270176,
    "log_loss": 0.6412676753559465,
    "brier_score": 0.22402430661562264,
    "duration": 0.39177489280700684
  }
}