{
  "best_params": {
    "v_0": 2.5230316242743704,
    "beta": 0.9977169563081466,
    "s": 3.1400833562477883,
    "epsilon": 0.041716084041074
  },
  "best_metrics": {
    "accuracy": 0.6276844246854043,
    "accuracy_without_draws": 0.6281673095832387,
    "log_loss": 0.6395267233512512,
    "brier_score": 0.22333704029228252,
    "duration": 0.2319355010986328
  }
}