{
  "best_params": {
    "v_0": 5.337521406200287,
    "beta": 0.9991631003398695,
    "s": 6.25977417071629,
    "epsilon": 0.06423395087369241
  },
  "best_metrics": {
    "accuracy": 0.6285886519478562,
    "accuracy_without_draws": 0.6290749565085848,
    "log_loss": 0.6389201798024395,
    "brier_score": 0.22308968165014859,
    "duration": 0.233306884765625
  }
}