{
  "best_params": {
    "temperature": 4.865717812598246,
    "prior": 5.714637802844374
  },
  "best_metrics": {
    "accuracy": 0.607263959008364,
    "accuracy_without_draws": 0.6076696165191741,
    "log_loss": 0.6515613312709628,
    "brier_score": 0.2289437741445509,
    "duration": 0.02407693862915039
  }
}