{
  "best_params": {
    "initial_rd": 173.1348255453435,
    "initial_sigma": 0.09047741893209633,
    "tau": 1.074902311773533
  },
  "best_metrics": {
    "accuracy": 0.635351902511813,
    "log_loss": 0.6280858915685312,
    "brier_score": 0.21910558256675677,
    "duration": 1.6342055797576904
  }
}