{
  "best_params": {
    "initial_rd": 171.32267036508478,
    "initial_sigma": 0.08251150603799129,
    "tau": 0.928984072402552
  },
  "best_metrics": {
    "accuracy": 0.6354940135716062,
    "accuracy_without_draws": 0.6354940135716062,
    "log_loss": 0.6279955320208895,
    "brier_score": 0.21914045706580368,
    "duration": 2.5308480262756348
  }
}