{
  "best_params": {
    "dimension": 1,
    "eta_r": 45.49901608029141,
    "eta_c": 0.1343019011518415
  },
  "best_metrics": {
    "accuracy": 0.6277578427541124,
    "log_loss": 0.632937394752157,
    "brier_score": 0.2213075751595726,
    "duration": 1.318070888519287
  }
}