{
  "best_params": {
    "temperature": 0.002899826071827697
  },
  "best_metrics": {
    "accuracy": 0.4993960279958788,
    "accuracy_without_draws": 0.4993960279958788,
    "log_loss": 0.6931474551998152,
    "brier_score": 0.2500001373197614,
    "duration": 0.4082057476043701
  }
}