{
  "best_params": {
    "update_method": "online",
    "variance_increase_method": "match",
    "initial_sigma": 7.063371220973203,
    "beta": 8.013730422820437,
    "tau": 0.6877742643297916
  },
  "best_metrics": {
    "accuracy": 0.6297028551491539,
    "accuracy_without_draws": 0.6297028551491539,
    "log_loss": 0.6340205232061444,
    "brier_score": 0.22151851199112152,
    "duration": 6.4976725578308105
  }
}