{
  "best_params": {
    "update_method": "batched",
    "variance_increase_method": "match",
    "initial_sigma": 19.422152870884187,
    "beta": 32.69582698159089,
    "tau": 0.6378957179530977
  },
  "best_metrics": {
    "accuracy": 0.6267081467697855,
    "accuracy_without_draws": 0.6267081467697855,
    "log_loss": 0.6334252532198866,
    "brier_score": 0.2216672223667358,
    "duration": 1.620513916015625
  }
}