{
  "best_params": {
    "initial_sigma": 4.799879758090398,
    "sigma_reduction_factor": 0.10704541300021869,
    "sigma_lower_bound": 0.31182090505645965,
    "b": 0.13329979908389117
  },
  "best_metrics": {
    "accuracy": 0.6285128077592639,
    "accuracy_without_draws": 0.6285128077592639,
    "log_loss": 0.6301323038216974,
    "brier_score": 0.22022142638331765,
    "duration": 0.7803397178649902
  }
}