{
  "best_params": {
    "v_0": 5.337521406200287,
    "beta": 0.9991631003398695,
    "s": 6.25977417071629,
    "epsilon": 0.06423395087369241
  },
  "best_metrics": {
    "accuracy": 0.6326340284932674,
    "accuracy_without_draws": 0.6326340284932674,
    "log_loss": 0.6301822291346337,
    "brier_score": 0.22004457903363805,
    "duration": 0.6140999794006348
  }
}