{
  "best_params": {
    "v_0": 7.676522932182467,
    "beta": 0.9996405017039129,
    "s": 6.371766555602055,
    "epsilon": 0.07992433462982136
  },
  "best_metrics": {
    "accuracy": 0.6314971400149216,
    "accuracy_without_draws": 0.6314971400149216,
    "log_loss": 0.6305803688256472,
    "brier_score": 0.22029010238078614,
    "duration": 0.6372413635253906
  }
}