{
  "best_params": {
    "temperature": 0.00400660037912215,
    "prior": 192.2148809598511
  },
  "best_metrics": {
    "accuracy": 0.6376256794685047,
    "accuracy_without_draws": 0.6376256794685047,
    "log_loss": 0.6709672554235581,
    "brier_score": 0.23911052681022105,
    "duration": 0.2159099578857422
  }
}