{
  "best_params": {
    "initial_sigma": 18.69617026244579,
    "beta": 25.363080233971367,
    "kappa": 0.0004283273110331084
  },
  "best_metrics": {
    "accuracy": 0.6301115571819377,
    "accuracy_without_draws": 0.6301115571819377,
    "log_loss": 0.6302272865429814,
    "brier_score": 0.2202590257929975,
    "duration": 2.1179981231689453
  }
}