{
  "best_params": {
    "temperature": 6.101484989329872,
    "prior": 5.921761620601499
  },
  "best_metrics": {
    "accuracy": 0.6238409066685615,
    "accuracy_without_draws": 0.6238409066685615,
    "log_loss": 0.6379010246383753,
    "brier_score": 0.22350039688028772,
    "duration": 0.20047760009765625
  }
}