{
  "best_params": {
    "initial_rating_dev": 99.76251399796936,
    "c": 22.69035745703489
  },
  "best_metrics": {
    "accuracy": 0.6138192143871273,
    "log_loss": 0.6411524223257457,
    "brier_score": 0.225529004881756,
    "duration": 0.08794307708740234
  }
}