{
  "best_params": {
    "initial_rd": 99.35902756032408,
    "initial_sigma": 0.13233125229597814,
    "tau": 0.25833534955145426
  },
  "best_metrics": {
    "accuracy": 0.6142924751538098,
    "log_loss": 0.641153851384485,
    "brier_score": 0.22552852101260323,
    "duration": 0.12711000442504883
  }
}