{
  "best_params": {
    "k": 79.1718988936647
  },
  "best_metrics": {
    "accuracy": 0.6599645928174,
    "log_loss": 0.6029523212581526,
    "brier_score": 0.20617215094921873,
    "duration": 0.08083057403564453
  }
}