{
  "best_params": {
    "k": 187.01448482248122,
    "kappa": 1.4776714965690423,
    "sigma": 588.2848945686831
  },
  "best_metrics": {
    "accuracy": 0.6588686562131175,
    "log_loss": 0.6034157268984478,
    "brier_score": 0.20697916873949812,
    "duration": 0.05391192436218262
  }
}