{
  "best_params": {
    "b": 0.010514567575589507,
    "sigma": 92.25845397315797,
    "use_approx": true
  },
  "best_metrics": {
    "accuracy": 0.661650649131681,
    "log_loss": 0.6003324532150212,
    "brier_score": 0.2053683267738918,
    "duration": 0.0822296142578125
  }
}