{
  "best_params": {
    "initial_rd": 282.0594209258374,
    "initial_sigma": 0.17161483218781812,
    "tau": 0.19425738451183136
  },
  "best_metrics": {
    "accuracy": 0.6702916877423706,
    "log_loss": 0.5933563218325439,
    "brier_score": 0.20292829505092838,
    "duration": 0.28963279724121094
  }
}