{
  "best_params": {
    "dimension": 10,
    "eta_r": 77.17298886627906,
    "eta_c": 0.4076610850785186
  },
  "best_metrics": {
    "accuracy": 0.659753835778115,
    "log_loss": 0.6027900131357693,
    "brier_score": 0.2061749457802438,
    "duration": 0.41682982444763184
  }
}