{
  "best_params": {
    "initial_sigma": 13.192588143424233,
    "beta": 9.599868828626269,
    "tau": 0.787428206271835
  },
  "best_metrics": {
    "accuracy": 0.6676783004552352,
    "log_loss": 0.596718356810422,
    "brier_score": 0.20437707232915805,
    "duration": 0.29202818870544434
  }
}