{
  "best_params": {
    "v_0": 3.4496566882532105,
    "beta": 0.9938481686107152,
    "s": 2.282713550041307,
    "epsilon": 0.04156148655678254
  },
  "best_metrics": {
    "accuracy": 0.6617771033552521,
    "log_loss": 0.5998576783850968,
    "brier_score": 0.20589481717104507,
    "duration": 0.24162578582763672
  }
}