{
  "best_params": {
    "initial_sigma": 6.916690259974777,
    "beta": 1.5379388516457342,
    "kappa": 0.0006909396846838215
  },
  "best_metrics": {
    "accuracy": 0.6609340751981116,
    "log_loss": 0.6022190204533415,
    "brier_score": 0.20660674283944258,
    "duration": 0.2996964454650879
  }
}