{
  "best_params": {
    "initial_sigma": 1.8316268582841793,
    "beta": 1.3718482764599524,
    "kappa": 0.0006488741847522567
  },
  "best_metrics": {
    "accuracy": 0.6688585398752318,
    "log_loss": 0.5984396035386955,
    "brier_score": 0.20396735884992165,
    "duration": 0.4578557014465332
  }
}