{
  "best_params": {
    "initial_sigma": 19.851747702461616,
    "beta": 23.418370794350622,
    "kappa": 0.0008248418643307531
  },
  "best_metrics": {
    "accuracy": 0.6319695454895025,
    "log_loss": 0.6260396824598498,
    "brier_score": 0.2185136704418953,
    "duration": 0.3906741142272949
  }
}