{
  "best_params": {
    "v_0": 9.220760315315268,
    "beta": 0.9990432447202009,
    "s": 4.910033904530879,
    "epsilon": 0.07119860436662319
  },
  "best_metrics": {
    "accuracy": 0.6430092410133939,
    "log_loss": 0.6244333280418267,
    "brier_score": 0.21278903822550488,
    "duration": 1.670985221862793
  }
}