{
  "best_params": {
    "k": 48.455719902166834
  },
  "best_metrics": {
    "accuracy": 0.6211616736894928,
    "log_loss": 0.6402242491840388,
    "brier_score": 0.22397566025805987,
    "duration": 0.5308938026428223
  }
}