{
  "best_params": {
    "sigma": 113.74434630268664
  },
  "best_metrics": {
    "accuracy": 0.6227587360505962,
    "log_loss": 0.6387583591798583,
    "brier_score": 0.22341185323301094,
    "duration": 0.6890976428985596
  }
}