{
  "best_params": {
    "initial_rating_dev": 195.40788142594155,
    "c": 18.586536091410338
  },
  "best_metrics": {
    "accuracy": 0.6302063834702054,
    "log_loss": 0.6326037535295007,
    "brier_score": 0.22076339388397095,
    "duration": 3.577179193496704
  }
}