{
  "best_params": {
    "initial_rd": 195.40788142594155,
    "initial_sigma": 0.11635565994897229,
    "tau": 1.0090721153249045
  },
  "best_metrics": {
    "accuracy": 0.6301426602837275,
    "log_loss": 0.6326258610325664,
    "brier_score": 0.22074403855227503,
    "duration": 4.967103481292725
  }
}