{
  "best_params": {
    "dimension": 10,
    "eta_r": 48.279623944941264,
    "eta_c": 0.10071836127608579
  },
  "best_metrics": {
    "accuracy": 0.6207833172697801,
    "log_loss": 0.6403291820323528,
    "brier_score": 0.2240222427122432,
    "duration": 5.314474105834961
  }
}