{
  "best_params": {
    "initial_sigma": 1.8266873312394365,
    "sigma_reduction_factor": 0.35262645702340684,
    "sigma_lower_bound": 0.44038309985542734,
    "b": 0.4340964001211022
  },
  "best_metrics": {
    "accuracy": 0.624499175581275,
    "log_loss": 0.6362954872798984,
    "brier_score": 0.22241412687391976,
    "duration": 2.487199306488037
  }
}