{
  "best_params": {
    "v_0": 9.782874481263056,
    "beta": 0.996014453832502,
    "s": 6.464514014977,
    "epsilon": 0.08447305782187306
  },
  "best_metrics": {
    "accuracy": 0.626355113387445,
    "log_loss": 0.6344502559506707,
    "brier_score": 0.2217116403487625,
    "duration": 1.474775791168213
  }
}