{
  "best_params": {
    "v_0": 7.49150944643998,
    "beta": 0.9940330010526633,
    "s": 4.753629417215739,
    "epsilon": 0.09657128894400303
  },
  "best_metrics": {
    "accuracy": 0.6234716391993181,
    "log_loss": 0.6353757714878688,
    "brier_score": 0.22220234274421993,
    "duration": 1.8513891696929932
  }
}