{
  "best_params": {
    "initial_sigma": 68.58178495362854,
    "beta": 33.94045699493815,
    "kappa": 0.0006680414924475766
  },
  "best_metrics": {
    "accuracy": 0.6257497431159045,
    "log_loss": 0.6352616940631913,
    "brier_score": 0.22197152162280193,
    "duration": 4.629081726074219
  }
}