{
  "best_params": {
    "k": 47.40605868150363
  },
  "best_metrics": {
    "accuracy": 0.7302471839038513,
    "log_loss": 0.5163417069596231,
    "brier_score": 0.17296354570497283,
    "duration": 1.6463146209716797
  }
}