{
  "best_params": {
    "sigma": 106.97314017283118
  },
  "best_metrics": {
    "accuracy": 0.7303250371019147,
    "log_loss": 0.5164311009882714,
    "brier_score": 0.17301615348212734,
    "duration": 2.4140872955322266
  }
}