{
  "best_params": {
    "dimension": 10,
    "eta_r": 48.279623944941264,
    "eta_c": 0.10071836127608579
  },
  "best_metrics": {
    "accuracy": 0.729939420480257,
    "log_loss": 0.5166211628325,
    "brier_score": 0.17305320518977926,
    "duration": 18.688828468322754
  }
}