{
  "best_params": {
    "initial_sigma": 1.3665209422145799,
    "sigma_reduction_factor": 0.655560061131993,
    "sigma_lower_bound": 0.9052985611995714,
    "b": 0.5900923649178649
  },
  "best_metrics": {
    "accuracy": 0.729873731844391,
    "log_loss": 0.5158594802180768,
    "brier_score": 0.17293096831923038,
    "duration": 7.772707939147949
  }
}