{
  "best_params": {
    "v_0": 4.484105036267547,
    "beta": 1.0016359928759424,
    "s": 3.692151041861234,
    "epsilon": 0.03454182045164516
  },
  "best_metrics": {
    "accuracy": 0.7344755857236698,
    "log_loss": 0.5127343436063546,
    "brier_score": 0.17162850122495854,
    "duration": 4.139053821563721
  }
}