{
  "best_params": {
    "v_0": 4.484105036267547,
    "beta": 1.0016359928759424,
    "s": 3.692151041861234,
    "epsilon": 0.03454182045164516
  },
  "best_metrics": {
    "accuracy": 0.730745930953945,
    "log_loss": 0.5152751000128978,
    "brier_score": 0.17271247044445306,
    "duration": 5.236388921737671
  }
}