{
  "best_params": {
    "initial_sigma": 66.44838147920002,
    "beta": 13.162917444312471,
    "kappa": 0.00018561460914743474
  },
  "best_metrics": {
    "accuracy": 0.7311558766999976,
    "log_loss": 0.5211488279323382,
    "brier_score": 0.17427622299451842,
    "duration": 16.60661005973816
  }
}