{
  "best_params": {
    "temperature": 0.00400660037912215,
    "prior": 192.2148809598511
  },
  "best_metrics": {
    "accuracy": 0.5851186454151596,
    "accuracy_without_draws": 0.5858901856976697,
    "log_loss": 0.6843127226876007,
    "brier_score": 0.24336214353257135,
    "duration": 0.0328221321105957
  }
}