{
  "best_params": {
    "initial_rd": 242.25650233115002,
    "initial_sigma": 0.18106877128932677,
    "tau": 1.1158339002567295
  },
  "best_metrics": {
    "accuracy": 0.6385786398505505,
    "accuracy_without_draws": 0.6398347571491597,
    "log_loss": 0.6184396430270154,
    "brier_score": 0.21333313537809126,
    "duration": 0.9556398391723633
  }
}