{
  "best_params": {
    "dimension": 5,
    "eta_r": 77.18408622025306,
    "eta_c": 0.1000309594529826
  },
  "best_metrics": {
    "accuracy": 0.6304304622600262,
    "log_loss": 0.6262947912974329,
    "brier_score": 0.21630875657804094,
    "duration": 0.3678274154663086
  }
}