{
  "best_params": {
    "update_method": "online",
    "variance_increase_method": "match",
    "initial_sigma": 4.184114816547302,
    "beta": 5.147860788471235,
    "tau": 0.8303933467320773
  },
  "best_metrics": {
    "accuracy": 0.6322595441394397,
    "accuracy_without_draws": 0.6332942180499254,
    "log_loss": 0.6249774075841624,
    "brier_score": 0.2161796100905756,
    "duration": 2.6154825687408447
  }
}