{
  "best_params": {
    "initial_sigma": 7.063371220973203,
    "beta": 8.013730422820437,
    "tau": 0.6877742643297916
  },
  "best_metrics": {
    "accuracy": 0.6339679637505465,
    "log_loss": 0.6220070263722409,
    "brier_score": 0.21492567224842593,
    "duration": 0.6451537609100342
  }
}