{
  "best_params": {
    "update_method": "batched",
    "variance_increase_method": "match",
    "initial_sigma": 7.063371220973203,
    "beta": 8.013730422820437,
    "tau": 0.6877742643297916
  },
  "best_metrics": {
    "accuracy": 0.631518594312328,
    "accuracy_without_draws": 0.6325474717303179,
    "log_loss": 0.6280710819999963,
    "brier_score": 0.21729333290469316,
    "duration": 1.0154469013214111
  }
}