{
  "best_params": {
    "v_0": 2.5230316242743704,
    "beta": 0.9977169563081466,
    "s": 3.1400833562477883,
    "epsilon": 0.041716084041074
  },
  "best_metrics": {
    "accuracy": 0.6348424023212369,
    "log_loss": 0.6209089747604268,
    "brier_score": 0.214465888703019,
    "duration": 0.21826720237731934
  }
}