{
  "best_params": {
    "v_0": 1.5345465101919054,
    "beta": 0.9915455460096674,
    "s": 1.563469096624805,
    "epsilon": 0.030557509215599903
  },
  "best_metrics": {
    "accuracy": 0.6327954211216662,
    "log_loss": 0.6222590107054509,
    "brier_score": 0.2152685258422665,
    "duration": 0.28118038177490234
  }
}