{
  "best_params": {
    "temperature": 0.028382263201310803,
    "prior": 42.51692868671344
  },
  "best_metrics": {
    "accuracy": 0.6110338248738026,
    "accuracy_without_draws": 0.6120402679180202,
    "log_loss": 0.6684551610431514,
    "brier_score": 0.2351489159485465,
    "duration": 0.14571738243103027
  }
}