{
  "best_params": {
    "initial_sigma": 39.0183667893948,
    "beta": 40.35486113987438,
    "kappa": 0.0006659450113772106
  },
  "best_metrics": {
    "accuracy": 0.6341269525815811,
    "accuracy_without_draws": 0.6353427184855412,
    "log_loss": 0.6241854827703195,
    "brier_score": 0.2154886784666652,
    "duration": 1.4153292179107666
  }
}