{
  "best_params": {
    "temperature": 4.865717812598246,
    "prior": 5.714637802844374
  },
  "best_metrics": {
    "accuracy": 0.6196987161651893,
    "accuracy_without_draws": 0.6207837003168492,
    "log_loss": 0.6390842366124665,
    "brier_score": 0.2222517228198077,
    "duration": 0.03460693359375
  }
}