{
  "best_params": {
    "initial_rating_dev": 187.66097194825275,
    "c": 19.931621471550024
  },
  "best_metrics": {
    "accuracy": 0.6302840780649537,
    "log_loss": 0.6379009821480736,
    "brier_score": 0.22246672549032703,
    "duration": 0.28543972969055176
  }
}