{
  "best_params": {
    "k": 46.08314068880447
  },
  "best_metrics": {
    "accuracy": 0.6283973425231819,
    "accuracy_without_draws": 0.6283973425231819,
    "log_loss": 0.6327435818058638,
    "brier_score": 0.22122795856252467,
    "duration": 0.40729308128356934
  }
}