{
  "best_params": {
    "temperature": 0.005007251532784665
  },
  "best_metrics": {
    "accuracy": 0.5015987494226738,
    "accuracy_without_draws": 0.5015987494226738,
    "log_loss": 0.693144755744001,
    "brier_score": 0.24999878759177133,
    "duration": 0.44626665115356445
  }
}