{
  "best_params": {
    "initial_sigma": 21.138551724926554,
    "beta": 29.208599143785563,
    "tau": 0.7408280364611878
  },
  "best_metrics": {
    "accuracy": 0.6342860695633638,
    "accuracy_without_draws": 0.6342860695633638,
    "log_loss": 0.6288499970890759,
    "brier_score": 0.2194624305861761,
    "duration": 1.644603967666626
  }
}