{
  "best_params": {
    "v_0": 6.527726818554582,
    "beta": 0.9995163114047,
    "s": 5.713865273439791,
    "epsilon": 0.016150692724084655
  },
  "best_metrics": {
    "accuracy": 0.6282463495221515,
    "accuracy_without_draws": 0.6282463495221515,
    "log_loss": 0.632633552010942,
    "brier_score": 0.22141944773092614,
    "duration": 0.7415101528167725
  }
}