{
  "best_params": {
    "v_0": 6.527726818554582,
    "beta": 0.9995163114047,
    "s": 5.713865273439791,
    "epsilon": 0.016150692724084655
  },
  "best_metrics": {
    "accuracy": 0.6297029878850322,
    "accuracy_without_draws": 0.6297029878850322,
    "log_loss": 0.6330480454800804,
    "brier_score": 0.22127114308836504,
    "duration": 0.5883612632751465
  }
}