{
  "best_params": {
    "temperature": 0.005007251532784665,
    "prior": 207.94315370325182
  },
  "best_metrics": {
    "accuracy": 0.6378388460581945,
    "accuracy_without_draws": 0.6378388460581945,
    "log_loss": 0.6682107570962458,
    "brier_score": 0.23774197025068086,
    "duration": 0.4116933345794678
  }
}