{
  "best_params": {
    "initial_sigma": 57.370977720060104,
    "beta": 34.15224988892908,
    "kappa": 0.00017078429670246527
  },
  "best_metrics": {
    "accuracy": 0.6271094610438057,
    "accuracy_without_draws": 0.6271094610438057,
    "log_loss": 0.632442326999801,
    "brier_score": 0.22137312119642738,
    "duration": 1.7091455459594727
  }
}