{
  "best_params": {
    "initial_sigma": 15.772843514581194,
    "beta": 21.37833665490499,
    "kappa": 0.0004975482001598469
  },
  "best_metrics": {
    "accuracy": 0.6306800014211106,
    "accuracy_without_draws": 0.6306800014211106,
    "log_loss": 0.6300775746483398,
    "brier_score": 0.22019238148340195,
    "duration": 2.0119993686676025
  }
}