{
  "best_params": {
    "v_0": 2.29240039100366,
    "beta": 0.996182230479345,
    "s": 2.993680818331022,
    "epsilon": 0.04555715453346434
  },
  "best_metrics": {
    "accuracy": 0.6343058150164951,
    "log_loss": 0.6206799998081267,
    "brier_score": 0.21445911039820095,
    "duration": 0.21550917625427246
  }
}