{
  "best_params": {
    "k": 59.17330606772642
  },
  "best_metrics": {
    "accuracy": 0.6622324506181758,
    "log_loss": 0.5979477484540873,
    "brier_score": 0.2057837920604382,
    "duration": 0.7927820682525635
  }
}