{
  "best_params": {
    "initial_rd": 267.7911401115974,
    "initial_sigma": 0.105829251109917,
    "tau": 0.7718646467895636
  },
  "best_metrics": {
    "accuracy": 0.6727073830213214,
    "log_loss": 0.5895379775119816,
    "brier_score": 0.20248923535284616,
    "duration": 6.726045370101929
  }
}