{
  "best_params": {
    "dimension": 1,
    "eta_r": 59.166378607192904,
    "eta_c": 0.022468744330739292
  },
  "best_metrics": {
    "accuracy": 0.6621478255485149,
    "log_loss": 0.597947383683028,
    "brier_score": 0.20578383432796854,
    "duration": 5.301612615585327
  }
}