{
  "best_params": {
    "v_0": 1.3504593237514666,
    "beta": 0.9978883631487055,
    "s": 2.143589280855284,
    "epsilon": 0.00862749621326536
  },
  "best_metrics": {
    "accuracy": 0.6672851864847572,
    "log_loss": 0.5933666804544414,
    "brier_score": 0.20449179939476714,
    "duration": 1.0761311054229736
  }
}