{
  "best_params": {
    "initial_rd": 152.6730309506274,
    "initial_sigma": 0.10325283432993743,
    "tau": 0.6419615706448287
  },
  "best_metrics": {
    "accuracy": 0.5841147655703289,
    "accuracy_without_draws": 0.5841147655703289,
    "log_loss": 0.6573593310865801,
    "brier_score": 0.2329074116084909,
    "duration": 0.4582090377807617
  }
}