{
  "best_params": {
    "temperature": 0.002899826071827697
  },
  "best_metrics": {
    "accuracy": 0.49363191042687193,
    "accuracy_without_draws": 0.49363191042687193,
    "log_loss": 0.6931541633674374,
    "brier_score": 0.25000349140336897,
    "duration": 0.030805110931396484
  }
}