{
  "best_params": {
    "initial_sigma": 7.873481819931918,
    "beta": 11.459731732177392,
    "tau": 0.545951417333503
  },
  "best_metrics": {
    "accuracy": 0.5814905528341497,
    "accuracy_without_draws": 0.5814905528341497,
    "log_loss": 0.6583894150684916,
    "brier_score": 0.23344331049905645,
    "duration": 0.33176088333129883
  }
}