{
  "best_params": {
    "initial_sigma": 1.8266873312394365,
    "sigma_reduction_factor": 0.35262645702340684,
    "sigma_lower_bound": 0.44038309985542734,
    "b": 0.4340964001211022
  },
  "best_metrics": {
    "accuracy": 0.5832750174947515,
    "accuracy_without_draws": 0.5832750174947515,
    "log_loss": 0.6578678611576814,
    "brier_score": 0.23312692267530194,
    "duration": 0.1960887908935547
  }
}