{
  "best_params": {
    "v_0": 3.298958995043526,
    "beta": 0.9990053615355108,
    "s": 5.83020142176408,
    "epsilon": 0.035573378569664506
  },
  "best_metrics": {
    "accuracy": 0.5825402379286214,
    "accuracy_without_draws": 0.5825402379286214,
    "log_loss": 0.6583369816793165,
    "brier_score": 0.23342961085901426,
    "duration": 0.12285637855529785
  }
}