{
  "best_params": {
    "v_0": 5.745566916333749,
    "beta": 0.9947438971864876,
    "s": 4.538936269865515,
    "epsilon": 0.07162853354789894
  },
  "best_metrics": {
    "accuracy": 0.581000699790063,
    "accuracy_without_draws": 0.581000699790063,
    "log_loss": 0.6586204792840514,
    "brier_score": 0.23355455147402104,
    "duration": 0.1412525177001953
  }
}