{
  "best_params": {
    "temperature": 0.028382263201310803,
    "prior": 42.51692868671344
  },
  "best_metrics": {
    "accuracy": 0.5977956613016095,
    "accuracy_without_draws": 0.5977956613016095,
    "log_loss": 0.6802647225339705,
    "brier_score": 0.24083615890764787,
    "duration": 0.02805638313293457
  }
}