{
  "best_params": {
    "initial_sigma": 64.97812432463188,
    "beta": 41.50270491390592,
    "kappa": 0.0006870585220427713
  },
  "best_metrics": {
    "accuracy": 0.5809657102869139,
    "accuracy_without_draws": 0.5809657102869139,
    "log_loss": 0.6575352459683113,
    "brier_score": 0.23306364527905532,
    "duration": 0.35929274559020996
  }
}