{
  "best_params": {
    "initial_sigma": 24.627098400567245,
    "beta": 37.81140228333883,
    "kappa": 0.0004897114453356205
  },
  "best_metrics": {
    "accuracy": 0.5814555633310007,
    "accuracy_without_draws": 0.5814555633310007,
    "log_loss": 0.6574385919391381,
    "brier_score": 0.23297504597649416,
    "duration": 0.42843127250671387
  }
}