{
  "best_params": {
    "k": 77.84029980047524
  },
  "best_metrics": {
    "accuracy": 0.6305497038833022,
    "log_loss": 0.6263242992593675,
    "brier_score": 0.21631685962005862,
    "duration": 0.0866551399230957
  }
}