{
  "best_params": {
    "initial_rd": 236.57705014330924,
    "initial_sigma": 0.1778198747574766,
    "tau": 0.5729080756257396
  },
  "best_metrics": {
    "accuracy": 0.6383004093962399,
    "log_loss": 0.6184233583130375,
    "brier_score": 0.21334750491814872,
    "duration": 0.7397656440734863
  }
}