{
  "best_params": {
    "v_0": 1.291594224133365,
    "beta": 0.9929484795896375,
    "s": 1.5911792447155542,
    "epsilon": 0.03326566876135583
  },
  "best_metrics": {
    "accuracy": 0.6326364322906316,
    "log_loss": 0.621755096888642,
    "brier_score": 0.2150022336840112,
    "duration": 0.2745542526245117
  }
}