{
  "best_params": {
    "initial_sigma": 42.80284681737636,
    "beta": 44.408670234629305,
    "kappa": 0.0007757544474607161
  },
  "best_metrics": {
    "accuracy": 0.6340474581660638,
    "log_loss": 0.6241851991032665,
    "brier_score": 0.21549305001037095,
    "duration": 0.7691688537597656
  }
}