{
  "best_params": {
    "temperature": 0.005007251532784665,
    "prior": 207.94315370325182
  },
  "best_metrics": {
    "accuracy": 0.6278851062686407,
    "accuracy_without_draws": 0.6278851062686407,
    "log_loss": 0.6688394345605294,
    "brier_score": 0.23802896026805637,
    "duration": 0.33994507789611816
  }
}