{
  "best_params": {
    "k": 43.15323898328832
  },
  "best_metrics": {
    "accuracy": 0.6205631834914153,
    "accuracy_without_draws": 0.6205631834914153,
    "log_loss": 0.6412370220851827,
    "brier_score": 0.22478932346333688,
    "duration": 0.3375406265258789
  }
}