{
  "best_params": {
    "temperature": 0.0021751450396781044
  },
  "best_metrics": {
    "accuracy": 0.49995969583792355,
    "accuracy_without_draws": 0.49995969583792355,
    "log_loss": 0.6931484837830041,
    "brier_score": 0.2500006516113616,
    "duration": 0.3434932231903076
  }
}