{
  "best_params": {
    "initial_sigma": 32.27644253428936,
    "beta": 35.89035342844174,
    "tau": 0.6205239744280494
  },
  "best_metrics": {
    "accuracy": 0.6280194534755622,
    "accuracy_without_draws": 0.6280194534755622,
    "log_loss": 0.6350159832100802,
    "brier_score": 0.22186723881294815,
    "duration": 1.0303394794464111
  }
}