{
  "best_params": {
    "v_0": 6.527726818554582,
    "beta": 0.9995163114047,
    "s": 5.713865273439791,
    "epsilon": 0.016150692724084655
  },
  "best_metrics": {
    "accuracy": 0.6233441706746917,
    "accuracy_without_draws": 0.6233441706746917,
    "log_loss": 0.6406716941507812,
    "brier_score": 0.22412477403730502,
    "duration": 0.39325523376464844
  }
}