{
  "best_params": {
    "v_0": 6.527726818554582,
    "beta": 0.9995163114047,
    "s": 5.713865273439791,
    "epsilon": 0.016150692724084655
  },
  "best_metrics": {
    "accuracy": 0.6194749711153505,
    "accuracy_without_draws": 0.6194749711153505,
    "log_loss": 0.6396130172446503,
    "brier_score": 0.22430195760068428,
    "duration": 0.4914975166320801
  }
}