{
  "best_params": {
    "temperature": 0.005007251532784665,
    "prior": 207.94315370325182
  },
  "best_metrics": {
    "accuracy": 0.632372302979821,
    "accuracy_without_draws": 0.632372302979821,
    "log_loss": 0.6734509674646357,
    "brier_score": 0.24029809848849362,
    "duration": 0.3173036575317383
  }
}