{
  "best_params": {
    "initial_sigma": 36.67854226770743,
    "beta": 17.663033362554824,
    "kappa": 0.0008262959538992221
  },
  "best_metrics": {
    "accuracy": 0.6264207217131956,
    "accuracy_without_draws": 0.6264207217131956,
    "log_loss": 0.6349976997497201,
    "brier_score": 0.22201655429822728,
    "duration": 1.1387312412261963
  }
}