{
  "best_params": {
    "initial_sigma": 16.871608920740965,
    "beta": 23.234029711680297,
    "kappa": 0.000670775769517739
  },
  "best_metrics": {
    "accuracy": 0.625775855119972,
    "accuracy_without_draws": 0.625775855119972,
    "log_loss": 0.6362926969273094,
    "brier_score": 0.2223505880964586,
    "duration": 1.3584082126617432
  }
}