{
  "best_params": {
    "initial_rd": 238.33578690380995,
    "initial_sigma": 0.07244326376232774,
    "tau": 0.8218954825878307
  },
  "best_metrics": {
    "accuracy": 0.6365838652618626,
    "log_loss": 0.6225628980934509,
    "brier_score": 0.21699816027171312,
    "duration": 0.3772556781768799
  }
}