{
  "best_params": {
    "k": 45.93929662649108
  },
  "best_metrics": {
    "accuracy": 0.7264396759360631,
    "accuracy_without_draws": 0.7274584605158008,
    "log_loss": 0.5202159148700056,
    "brier_score": 0.17456561706260432,
    "duration": 1.3764686584472656
  }
}