{
  "best_params": {
    "initial_sigma": 1.3739231792850624,
    "beta": 1.7086188244141076,
    "tau": 0.4641068370795621
  },
  "best_metrics": {
    "accuracy": 0.7300355205216165,
    "accuracy_without_draws": 0.731070483321888,
    "log_loss": 0.51594393896498,
    "brier_score": 0.17304718550468967,
    "duration": 8.680847406387329
  }
}