{
  "best_params": {
    "initial_sigma": 1.3013049873247131,
    "sigma_reduction_factor": 0.4982867620335396,
    "sigma_lower_bound": 0.7521858534924412,
    "b": 0.6700893785591776
  },
  "best_metrics": {
    "accuracy": 0.7268216431890616,
    "accuracy_without_draws": 0.7278421462942553,
    "log_loss": 0.5195168016538368,
    "brier_score": 0.17449303272432828,
    "duration": 5.520407438278198
  }
}