{
  "best_params": {
    "v_0": 3.661361234957629,
    "beta": 0.999093077330631,
    "s": 2.6575119788449246,
    "epsilon": 0.10626569070546482
  },
  "best_metrics": {
    "accuracy": 0.7245420042332676,
    "accuracy_without_draws": 0.725552250915836,
    "log_loss": 0.5237869515404624,
    "brier_score": 0.1762240985750917,
    "duration": 3.737326145172119
  }
}