{
  "best_params": {
    "v_0": 2.7419599191169133,
    "beta": 0.997398933876178,
    "s": 2.849923664191226,
    "epsilon": 0.08833381422472746
  },
  "best_metrics": {
    "accuracy": 0.7263569569131207,
    "accuracy_without_draws": 0.72737536932811,
    "log_loss": 0.5226038551573202,
    "brier_score": 0.17565522993323907,
    "duration": 2.803711175918579
  }
}