{
  "best_params": {
    "temperature": 0.0021751450396781044,
    "prior": 537.3141495775875
  },
  "best_metrics": {
    "accuracy": 0.6863233827214559,
    "accuracy_without_draws": 0.687161678344237,
    "log_loss": 0.6496887562206748,
    "brier_score": 0.22191416035224398,
    "duration": 4.783758640289307
  }
}