{
  "best_params": {
    "initial_sigma": 23.61381509100059,
    "beta": 4.920934615878949,
    "kappa": 0.00017540940885300762
  },
  "best_metrics": {
    "accuracy": 0.726651339318298,
    "accuracy_without_draws": 0.7276710762019507,
    "log_loss": 0.5264690583639052,
    "brier_score": 0.1764817611477936,
    "duration": 10.372447490692139
  }
}