{
  "best_params": {
    "initial_sigma": 16.774616280106557,
    "beta": 12.455739953397098,
    "kappa": 2.8728510849266738e-05
  },
  "best_metrics": {
    "accuracy": 0.7287752718779651,
    "accuracy_without_draws": 0.7298045646388344,
    "log_loss": 0.5222305757137832,
    "brier_score": 0.1750421660790877,
    "duration": 10.756385087966919
  }
}