{
  "best_params": {
    "k": 39.669186587846795
  },
  "best_metrics": {
    "accuracy": 0.6178886293421747,
    "accuracy_without_draws": 0.61833446789199,
    "log_loss": 0.6468623139440192,
    "brier_score": 0.22640922934925103,
    "duration": 0.02780747413635254
  }
}