{
  "best_params": {
    "initial_sigma": 2.0795035028648403,
    "beta": 3.0382314747373824,
    "tau": 0.373027318482683
  },
  "best_metrics": {
    "accuracy": 0.6236530781403059,
    "accuracy_without_draws": 0.624120717041071,
    "log_loss": 0.6433239642679252,
    "brier_score": 0.2248185763455892,
    "duration": 0.2044074535369873
  }
}