{
  "best_params": {
    "v_0": 1.3161050332452504,
    "beta": 0.9921574716600274,
    "s": 2.3613748546929623,
    "epsilon": 0.04934954029831343
  },
  "best_metrics": {
    "accuracy": 0.620714339537337,
    "accuracy_without_draws": 0.6211708645336964,
    "log_loss": 0.6436690917929941,
    "brier_score": 0.22523408260761307,
    "duration": 0.0869748592376709
  }
}