{
  "best_params": {
    "v_0": 1.2558698705247964,
    "beta": 0.9930175111841586,
    "s": 3.0819693880280346,
    "epsilon": 0.048325921903179275
  },
  "best_metrics": {
    "accuracy": 0.621618566799789,
    "accuracy_without_draws": 0.6220785114590425,
    "log_loss": 0.6429647627842927,
    "brier_score": 0.224919027274087,
    "duration": 0.06235766410827637
  }
}