{
  "best_params": {
    "temperature": 0.005007251532784665,
    "prior": 207.94315370325182
  },
  "best_metrics": {
    "accuracy": 0.6096375555723005,
    "accuracy_without_draws": 0.6100521896982074,
    "log_loss": 0.675233667216703,
    "brier_score": 0.24000741915107188,
    "duration": 0.014429330825805664
  }
}