{
  "best_params": {
    "initial_sigma": 51.08424268726503,
    "beta": 34.83023844714312,
    "kappa": 0.0009307806619558543
  },
  "best_metrics": {
    "accuracy": 0.6172481350312712,
    "accuracy_without_draws": 0.6176915513198699,
    "log_loss": 0.6468611089563581,
    "brier_score": 0.22659424329134806,
    "duration": 0.21206116676330566
  }
}