{
  "best_params": {
    "initial_sigma": 13.420968357860737,
    "beta": 19.837158099060325,
    "kappa": 0.0008341900824779082
  },
  "best_metrics": {
    "accuracy": 0.6191319418280461,
    "accuracy_without_draws": 0.6195824824143408,
    "log_loss": 0.6449667353667498,
    "brier_score": 0.22563706768372735,
    "duration": 0.25607895851135254
  }
}