{
  "best_params": {
    "temperature": 0.005007251532784665,
    "prior": 207.94315370325182
  },
  "best_metrics": {
    "accuracy": 0.5931140558447705,
    "accuracy_without_draws": 0.5931360946745562,
    "log_loss": 0.6766340537240461,
    "brier_score": 0.2418310777236669,
    "duration": 0.0057218074798583984
  }
}