{
  "best_params": {
    "k": 39.59103724208112
  },
  "best_metrics": {
    "accuracy": 0.6109796497870327,
    "accuracy_without_draws": 0.6110059171597633,
    "log_loss": 0.6423510013680106,
    "brier_score": 0.22600692002604644,
    "duration": 0.00914907455444336
  }
}