{
  "best_params": {
    "initial_rd": 100.8954129353032,
    "initial_sigma": 0.18111475996345866,
    "tau": 1.4072277348765345
  },
  "best_metrics": {
    "accuracy": 0.6121628017037387,
    "accuracy_without_draws": 0.6121893491124261,
    "log_loss": 0.6418963752853594,
    "brier_score": 0.2258407494532273,
    "duration": 0.09066510200500488
  }
}