{
  "best_params": {
    "initial_sigma": 5.179767006078652,
    "beta": 10.405173190459196,
    "tau": 0.9655450613182371
  },
  "best_metrics": {
    "accuracy": 0.6100331282536677,
    "accuracy_without_draws": 0.6100591715976331,
    "log_loss": 0.6439295453484182,
    "brier_score": 0.2266970314578525,
    "duration": 0.06633353233337402
  }
}