{
  "best_params": {
    "initial_sigma": 0.361566695795972,
    "sigma_reduction_factor": 0.2270688001098269,
    "sigma_lower_bound": 0.9364410010191748,
    "b": 0.5389694031636453
  },
  "best_metrics": {
    "accuracy": 0.6093232371036441,
    "accuracy_without_draws": 0.6093491124260355,
    "log_loss": 0.6428330781229012,
    "brier_score": 0.22624417798208066,
    "duration": 0.03315877914428711
  }
}