{
  "best_params": {
    "v_0": 1.0561605971305574,
    "beta": 0.9990396954422922,
    "s": 4.71669406777813,
    "epsilon": 0.059027431440690364
  },
  "best_metrics": {
    "accuracy": 0.6128726928537624,
    "accuracy_without_draws": 0.6128994082840237,
    "log_loss": 0.6439062499566777,
    "brier_score": 0.22670347089323956,
    "duration": 0.019485950469970703
  }
}