{
  "best_params": {
    "v_0": 1.5172831000133256,
    "beta": 0.9978756861681841,
    "s": 3.21332542971575,
    "epsilon": 0.04747086566435293
  },
  "best_metrics": {
    "accuracy": 0.6086133459536205,
    "accuracy_without_draws": 0.6086390532544379,
    "log_loss": 0.6445286099459137,
    "brier_score": 0.22702817920721544,
    "duration": 0.028562068939208984
  }
}