{
  "best_params": {
    "initial_sigma": 43.425795038729646,
    "beta": 39.784041899219055,
    "kappa": 0.00040679824772153826
  },
  "best_metrics": {
    "accuracy": 0.614529105537151,
    "accuracy_without_draws": 0.6145562130177514,
    "log_loss": 0.6438651448867626,
    "brier_score": 0.22662377202816647,
    "duration": 0.06783199310302734
  }
}