{
  "best_params": {
    "initial_sigma": 9.137519363523833,
    "beta": 17.03149971029867,
    "kappa": 0.0009820070174804169
  },
  "best_metrics": {
    "accuracy": 0.6135825840037861,
    "accuracy_without_draws": 0.6136094674556213,
    "log_loss": 0.6428417490986437,
    "brier_score": 0.22620918855399386,
    "duration": 0.08569645881652832
  }
}