{
  "best_params": {
    "initial_rd": 286.461821743894,
    "initial_sigma": 0.1780838940313899,
    "tau": 0.1978738149384433
  },
  "best_metrics": {
    "accuracy": 0.6701230821109425,
    "log_loss": 0.5933404152748882,
    "brier_score": 0.20288339753125287,
    "duration": 0.360243558883667
  }
}