{
  "best_params": {
    "v_0": 1.2528073211433495,
    "beta": 0.9920821100414378,
    "s": 1.324223439663349,
    "epsilon": 0.02400892397645897
  },
  "best_metrics": {
    "accuracy": 0.6612712864609678,
    "log_loss": 0.599466662358675,
    "brier_score": 0.20548877631057866,
    "duration": 0.1302049160003662
  }
}