{
  "best_params": {
    "initial_sigma": 7.5645405934016985,
    "beta": 9.671897312824262,
    "tau": 0.7736900569626599
  },
  "best_metrics": {
    "accuracy": 0.6249510025629429,
    "log_loss": 0.6422864866099728,
    "brier_score": 0.20572863074161002,
    "duration": 1.1071803569793701
  }
}