{
  "best_params": {
    "initial_sigma": 3.9324594345692017,
    "beta": 6.111502033687527,
    "kappa": 0.0002667030024439514
  },
  "best_metrics": {
    "accuracy": 0.6214684154982663,
    "log_loss": 0.6445947559911214,
    "brier_score": 0.20689564081862732,
    "duration": 1.943596363067627
  }
}