{
  "best_params": {
    "k": 47.864847967086995
  },
  "best_metrics": {
    "accuracy": 0.7301031839765928,
    "log_loss": 0.51638563629734,
    "brier_score": 0.1729832324635114,
    "duration": 1.5006203651428223
  }
}