{
  "best_params": {
    "k": 186.80870325720642,
    "kappa": 2.043244373195338,
    "sigma": 767.6713377309793
  },
  "best_metrics": {
    "accuracy": 0.730185808922522,
    "log_loss": 0.5164575209003185,
    "brier_score": 0.17300029220204324,
    "duration": 2.3713202476501465
  }
}