{
  "best_params": {
    "b": 0.013124833697469095,
    "sigma": 46.50343791728173,
    "use_approx": true
  },
  "best_metrics": {
    "accuracy": 0.7302757243048569,
    "log_loss": 0.5164807690819063,
    "brier_score": 0.17303422821932415,
    "duration": 2.0330212116241455
  }
}