{
  "best_params": {
    "initial_rating_dev": 238.61287442449424,
    "c": 34.826115731854074
  },
  "best_metrics": {
    "accuracy": 0.7362162149026241,
    "log_loss": 0.508585781575427,
    "brier_score": 0.1701142236141585,
    "duration": 9.776352882385254
  }
}