{
  "best_params": {
    "initial_rd": 266.9534170773903,
    "initial_sigma": 0.19957639979816927,
    "tau": 1.1214989869003227
  },
  "best_metrics": {
    "accuracy": 0.7365904573047742,
    "log_loss": 0.5083575004913592,
    "brier_score": 0.16999322637570324,
    "duration": 15.644402980804443
  }
}