{
  "best_params": {
    "dimension": 20,
    "eta_r": 48.38059498752403,
    "eta_c": 0.14883216065749846
  },
  "best_metrics": {
    "accuracy": 0.7301821637043193,
    "log_loss": 0.5163268502536288,
    "brier_score": 0.17294603427793245,
    "duration": 15.535620212554932
  }
}