{
  "best_params": {
    "initial_sigma": 1.9379868362771493,
    "beta": 2.791185043830569,
    "tau": 0.3787483111336956
  },
  "best_metrics": {
    "accuracy": 0.7330400147752845,
    "log_loss": 0.5119481015493962,
    "brier_score": 0.17142360661133318,
    "duration": 10.776164054870605
  }
}