{
  "best_params": {
    "v_0": 4.484105036267547,
    "beta": 1.0016359928759424,
    "s": 3.692151041861234,
    "epsilon": 0.03454182045164516
  },
  "best_metrics": {
    "accuracy": 0.734325561728125,
    "log_loss": 0.5127274620538881,
    "brier_score": 0.17163017223623553,
    "duration": 3.3373751640319824
  }
}