{
  "best_params": {
    "v_0": 4.484105036267547,
    "beta": 1.0016359928759424,
    "s": 3.692151041861234,
    "epsilon": 0.03454182045164516
  },
  "best_metrics": {
    "accuracy": 0.7304397591239812,
    "log_loss": 0.5152705143853504,
    "brier_score": 0.17271481872955727,
    "duration": 3.8551318645477295
  }
}