{
  "best_params": {
    "initial_sigma": 6.916690259974777,
    "beta": 1.5379388516457342,
    "kappa": 0.0006909396846838215
  },
  "best_metrics": {
    "accuracy": 0.7319999125147632,
    "log_loss": 0.518607182803146,
    "brier_score": 0.1734858915222146,
    "duration": 13.458843469619751
  }
}