{
  "best_params": {
    "initial_sigma": 1.8316268582841793,
    "beta": 1.3718482764599524,
    "kappa": 0.0006488741847522567
  },
  "best_metrics": {
    "accuracy": 0.7357642078454816,
    "log_loss": 0.5112209353862026,
    "brier_score": 0.17085571418619866,
    "duration": 14.059123516082764
  }
}