{
  "best_params": {
    "k": 43.396000247137245
  },
  "best_metrics": {
    "accuracy": 0.6207512695811054,
    "log_loss": 0.6411653617366367,
    "brier_score": 0.22473399898577678,
    "duration": 0.12444257736206055
  }
}