{
  "best_params": {
    "initial_rd": 213.545577614795,
    "initial_sigma": 0.05259655266492278,
    "tau": 0.895378990189044
  },
  "best_metrics": {
    "accuracy": 0.6308810489829917,
    "log_loss": 0.6331370648983351,
    "brier_score": 0.22098210426992618,
    "duration": 1.0680198669433594
  }
}