{
  "best_params": {
    "temperature": 0.002899826071827697,
    "prior": 529.6005909397546
  },
  "best_metrics": {
    "accuracy": 0.6010691471204954,
    "accuracy_without_draws": 0.6014066417956089,
    "log_loss": 0.6794416902091767,
    "brier_score": 0.24048529101416197,
    "duration": 0.19264459609985352
  }
}