{
  "best_params": {
    "k": 26.504728408744228
  },
  "best_metrics": {
    "accuracy": 0.6114619398254255,
    "accuracy_without_draws": 0.6118341385847961,
    "log_loss": 0.6499328516212963,
    "brier_score": 0.22850341497102392,
    "duration": 0.6184349060058594
  }
}