{
  "best_params": {
    "sigma": 75.56120638264618
  },
  "best_metrics": {
    "accuracy": 0.6113522211927634,
    "log_loss": 0.6494289174168147,
    "brier_score": 0.22832242738618613,
    "duration": 0.3412456512451172
  }
}