{
  "best_params": {
    "initial_rd": 120.28126903644235,
    "initial_sigma": 0.05914081771237424,
    "tau": 0.2825027657576517
  },
  "best_metrics": {
    "accuracy": 0.6160030721217146,
    "accuracy_without_draws": 0.6163904348357898,
    "log_loss": 0.6466650396425059,
    "brier_score": 0.22702202941362298,
    "duration": 4.512384653091431
  }
}