{
  "best_params": {
    "initial_rating_dev": 131.529309603324,
    "c": 9.868617448184521
  },
  "best_metrics": {
    "accuracy": 0.616320037060516,
    "accuracy_without_draws": 0.6167084581982754,
    "log_loss": 0.6468267329295514,
    "brier_score": 0.22707038810289748,
    "duration": 2.2305402755737305
  }
}