{
  "best_params": {
    "dimension": 1,
    "eta_r": 25.61813885056768,
    "eta_c": 0.20853041427178678
  },
  "best_metrics": {
    "accuracy": 0.6117971912030038,
    "log_loss": 0.6495448547937154,
    "brier_score": 0.22832894394367154,
    "duration": 1.9446742534637451
  }
}