{
  "best_params": {
    "update_method": "online",
    "variance_increase_method": "time",
    "initial_sigma": 6.794945930838586,
    "beta": 12.523122851526882,
    "tau": 0.5387829515840994
  },
  "best_metrics": {
    "accuracy": 0.603964516482313,
    "accuracy_without_draws": 0.6050110619469027,
    "log_loss": 0.654271113340687,
    "brier_score": 0.228925244225778,
    "duration": 7.389474630355835
  }
}