{
  "best_params": {
    "update_method": "online",
    "variance_increase_method": "match",
    "initial_sigma": 6.794945930838586,
    "beta": 12.523122851526882,
    "tau": 0.5387829515840994
  },
  "best_metrics": {
    "accuracy": 0.6009582740116088,
    "accuracy_without_draws": 0.6019745575221239,
    "log_loss": 0.6559799073150745,
    "brier_score": 0.22977088953498973,
    "duration": 8.486614465713501
  }
}