{
  "best_params": {
    "initial_sigma": 6.794945930838586,
    "beta": 12.523122851526882,
    "tau": 0.5387829515840994
  },
  "best_metrics": {
    "accuracy": 0.6144121519481153,
    "log_loss": 0.6476262728067969,
    "brier_score": 0.22743452314997337,
    "duration": 2.1441752910614014
  }
}