{
  "best_params": {
    "v_0": 5.198331223509244,
    "beta": 0.9993428219581569,
    "s": 8.893921289708457,
    "epsilon": 0.035095362661386256
  },
  "best_metrics": {
    "accuracy": 0.612912663968401,
    "accuracy_without_draws": 0.6132897070515565,
    "log_loss": 0.6486021200295465,
    "brier_score": 0.22796889887365104,
    "duration": 1.347667932510376
  }
}