{
  "best_params": {
    "initial_sigma": 45.043193223809325,
    "beta": 38.31411747154051,
    "kappa": 0.000818309665337562
  },
  "best_metrics": {
    "accuracy": 0.6149058857950943,
    "accuracy_without_draws": 0.6152895847348786,
    "log_loss": 0.6482534392596223,
    "brier_score": 0.22766525269318588,
    "duration": 3.3536198139190674
  }
}