{
  "best_params": {
    "initial_sigma": 18.271877753602734,
    "beta": 32.627966838897976,
    "kappa": 0.0006534082044682953
  },
  "best_metrics": {
    "accuracy": 0.6156617252645438,
    "accuracy_without_draws": 0.6160479481377286,
    "log_loss": 0.6474781461114677,
    "brier_score": 0.22730224152595738,
    "duration": 4.210299968719482
  }
}