{
  "best_params": {
    "k": 48.4790344977727
  },
  "best_metrics": {
    "accuracy": 0.6211616736894928,
    "accuracy_without_draws": 0.6215450630059051,
    "log_loss": 0.6402242439494877,
    "brier_score": 0.22397519503286123,
    "duration": 0.43316197395324707
  }
}