{
  "best_params": {
    "initial_rd": 199.04985435632176,
    "initial_sigma": 0.10825038142764562,
    "tau": 1.0720470070986952
  },
  "best_metrics": {
    "accuracy": 0.630190452673586,
    "accuracy_without_draws": 0.6306024115640008,
    "log_loss": 0.6326032637847567,
    "brier_score": 0.2207467465355635,
    "duration": 4.02278733253479
  }
}