{
  "best_params": {
    "dimension": 5,
    "eta_r": 48.52583045707017,
    "eta_c": 0.044890230284518606
  },
  "best_metrics": {
    "accuracy": 0.6209665214309041,
    "accuracy_without_draws": 0.6213492932311602,
    "log_loss": 0.640210646103551,
    "brier_score": 0.22396871624539275,
    "duration": 2.675464630126953
  }
}