{
  "best_params": {
    "initial_sigma": 6.639596836140855,
    "beta": 7.298727902729328,
    "tau": 0.6191786271014695
  },
  "best_metrics": {
    "accuracy": 0.6278167639772827,
    "accuracy_without_draws": 0.6282212118548587,
    "log_loss": 0.6337922454942944,
    "brier_score": 0.22127710617633695,
    "duration": 3.1756091117858887
  }
}