{
  "best_params": {
    "initial_sigma": 21.05429788409171,
    "beta": 34.067955724136326,
    "tau": 1.0085513578169178
  },
  "best_metrics": {
    "accuracy": 0.6222645135065223,
    "accuracy_without_draws": 0.622677048572488,
    "log_loss": 0.6381125906566916,
    "brier_score": 0.22310502496858547,
    "duration": 3.7769153118133545
  }
}