{
  "best_params": {
    "initial_sigma": 5.554134860132897,
    "beta": 9.892979145958526,
    "tau": 0.5222463345631705
  },
  "best_metrics": {
    "accuracy": 0.6221240900188463,
    "accuracy_without_draws": 0.6225361512791991,
    "log_loss": 0.6391905417216439,
    "brier_score": 0.22349610713019802,
    "duration": 4.618595123291016
  }
}