{
  "best_params": {
    "v_0": 6.556588701685001,
    "beta": 0.9974758859384096,
    "s": 5.507657570962895,
    "epsilon": 0.06257583549696481
  },
  "best_metrics": {
    "accuracy": 0.6270879300319413,
    "accuracy_without_draws": 0.6274900716757094,
    "log_loss": 0.6342984255343405,
    "brier_score": 0.22158458920354465,
    "duration": 0.977189302444458
  }
}