{
  "best_params": {
    "v_0": 3.098753300313001,
    "beta": 0.9941732942889393,
    "s": 3.033403312175368,
    "epsilon": 0.06048665740927773
  },
  "best_metrics": {
    "accuracy": 0.6248496531069037,
    "accuracy_without_draws": 0.6252447122184311,
    "log_loss": 0.6350377977916011,
    "brier_score": 0.22198881414095445,
    "duration": 1.1548528671264648
  }
}