{
  "best_params": {
    "temperature": 0.005007251532784665,
    "prior": 207.94315370325182
  },
  "best_metrics": {
    "accuracy": 0.6032355447934173,
    "accuracy_without_draws": 0.6035622108400521,
    "log_loss": 0.6789943464517474,
    "brier_score": 0.2421275885499698,
    "duration": 0.9667606353759766
  }
}