{
  "best_params": {
    "initial_sigma": 57.85836066101019,
    "beta": 28.60813864742088,
    "kappa": 0.0007760019817501144
  },
  "best_metrics": {
    "accuracy": 0.6257577085142143,
    "log_loss": 0.6352616951735153,
    "brier_score": 0.22197107811529368,
    "duration": 1.9805705547332764
  }
}