{
  "best_params": {
    "initial_sigma": 27.880887065987842,
    "beta": 37.02790795791486,
    "kappa": 0.0009667798454268522
  },
  "best_metrics": {
    "accuracy": 0.6254629887767538,
    "log_loss": 0.6357402948267354,
    "brier_score": 0.22206409621888562,
    "duration": 3.6326024532318115
  }
}