{
  "best_params": {
    "temperature": 4.094363656233979,
    "prior": 5.9477401992838885
  },
  "best_metrics": {
    "accuracy": 0.6121488255020192,
    "accuracy_without_draws": 0.612503695653911,
    "log_loss": 0.6470363255689654,
    "brier_score": 0.2272585983069418,
    "duration": 1.6942830085754395
  }
}