{
  "best_params": {
    "temperature": 0.002899826071827697,
    "prior": 529.6005909397546
  },
  "best_metrics": {
    "accuracy": 0.67218572853563,
    "accuracy_without_draws": 0.6729604168244991,
    "log_loss": 0.7196106612453594,
    "brier_score": 0.22630907531923458,
    "duration": 8.04959511756897
  }
}