{
  "best_params": {
    "initial_rd": 278.92394565140484,
    "initial_sigma": 0.1952768281281432,
    "tau": 0.8707136553052996
  },
  "best_metrics": {
    "accuracy": 0.7367880689973968,
    "accuracy_without_draws": 0.7378534124817627,
    "log_loss": 0.5084314809521394,
    "brier_score": 0.1700070370670459,
    "duration": 18.932603359222412
  }
}