{
  "best_params": {
    "initial_rating_dev": 238.61287442449424,
    "c": 34.826115731854074
  },
  "best_metrics": {
    "accuracy": 0.7363379801960928,
    "log_loss": 0.5085553951158983,
    "brier_score": 0.17009400472375028,
    "duration": 8.588111400604248
  }
}