{
  "best_params": {
    "dimension": 1,
    "eta_r": 45.49901608029141,
    "eta_c": 0.1343019011518415
  },
  "best_metrics": {
    "accuracy": 0.7300221395031993,
    "log_loss": 0.5163539938391051,
    "brier_score": 0.17296445720562728,
    "duration": 9.554092645645142
  }
}