{
  "best_params": {
    "update_method": "batched",
    "variance_increase_method": "match",
    "initial_sigma": 23.424946932438093,
    "beta": 25.404241979287427,
    "tau": 0.5556655863527028
  },
  "best_metrics": {
    "accuracy": 0.731550070858895,
    "accuracy_without_draws": 0.7326332353227811,
    "log_loss": 0.5147039274847884,
    "brier_score": 0.1723443533454598,
    "duration": 12.364052772521973
  }
}