{
  "best_params": {
    "v_0": 3.22920871371898,
    "beta": 0.996967281258196,
    "s": 2.491209106142384,
    "epsilon": 0.09251695423855955
  },
  "best_metrics": {
    "accuracy": 0.7282375982288397,
    "accuracy_without_draws": 0.7292644719188444,
    "log_loss": 0.5199004042289861,
    "brier_score": 0.17443811599545397,
    "duration": 6.36721134185791
  }
}