{
  "best_params": {
    "v_0": 3.1717934494925197,
    "beta": 0.9984832804030622,
    "s": 4.126849267397848,
    "epsilon": 0.06873114453275292
  },
  "best_metrics": {
    "accuracy": 0.7304442498114493,
    "accuracy_without_draws": 0.7314810515434188,
    "log_loss": 0.5164700646561454,
    "brier_score": 0.17310728525480426,
    "duration": 4.189427137374878
  }
}