{
  "best_params": {
    "temperature": 0.002899826071827697,
    "prior": 529.6005909397546
  },
  "best_metrics": {
    "accuracy": 0.688002092304698,
    "accuracy_without_draws": 0.6888479406826674,
    "log_loss": 0.6627236910116353,
    "brier_score": 0.22115003272910239,
    "duration": 7.330081224441528
  }
}