{
  "best_params": {
    "initial_sigma": 30.194388619652063,
    "beta": 19.004228695514385,
    "kappa": 0.0005566408293831848
  },
  "best_metrics": {
    "accuracy": 0.7335668929275235,
    "log_loss": 0.5172446529724222,
    "brier_score": 0.17292348989795683,
    "duration": 12.696975469589233
  }
}