{
  "best_params": {
    "temperature": 0.002899826071827697,
    "prior": 529.6005909397546
  },
  "best_metrics": {
    "accuracy": 0.5775290215588723,
    "accuracy_without_draws": 0.5841735685992078,
    "log_loss": 0.7123950381560968,
    "brier_score": 0.23292679598169116,
    "duration": 0.1292273998260498
  }
}