{
  "best_params": {
    "initial_rd": 155.99772992070282,
    "initial_sigma": 0.10322793653177188,
    "tau": 0.20910298701826385
  },
  "best_metrics": {
    "accuracy": 0.6263983114729383,
    "log_loss": 0.6405389790782587,
    "brier_score": 0.20505190275214605,
    "duration": 1.9256093502044678
  }
}