{
  "best_params": {
    "initial_rd": 162.65031165912515,
    "initial_sigma": 0.09922739392355368,
    "tau": 0.791895967727678
  },
  "best_metrics": {
    "accuracy": 0.6260666365143978,
    "accuracy_without_draws": 0.636871051167054,
    "log_loss": 0.6405121304475668,
    "brier_score": 0.20503312931148046,
    "duration": 3.589906692504883
  }
}