{
  "best_params": {
    "temperature": 0.002899826071827697
  },
  "best_metrics": {
    "accuracy": 0.49965324890698026,
    "accuracy_without_draws": 0.499623530952303,
    "log_loss": 0.6931499249127554,
    "brier_score": 0.23026671214266073,
    "duration": 0.08452367782592773
  }
}