{
  "best_params": {
    "initial_sigma": 7.063371220973203,
    "beta": 8.013730422820437,
    "tau": 0.6877742643297916
  },
  "best_metrics": {
    "accuracy": 0.625599276345545,
    "accuracy_without_draws": 0.6363636363636364,
    "log_loss": 0.6425087497784571,
    "brier_score": 0.20570520727255184,
    "duration": 2.2044713497161865
  }
}