{
  "best_params": {
    "update_method": "online",
    "variance_increase_method": "time",
    "initial_sigma": 7.063371220973203,
    "beta": 8.013730422820437,
    "tau": 0.6877742643297916
  },
  "best_metrics": {
    "accuracy": 0.6278726544381193,
    "accuracy_without_draws": 0.6392241096609169,
    "log_loss": 0.6406179306194135,
    "brier_score": 0.20426394273458867,
    "duration": 5.493168592453003
  }
}