{
  "best_params": {
    "v_0": 4.3389128096080904,
    "beta": 0.9983289584858132,
    "s": 4.162656246737815,
    "epsilon": 0.0706298083140322
  },
  "best_metrics": {
    "accuracy": 0.6231720186944067,
    "accuracy_without_draws": 0.6337283530297574,
    "log_loss": 0.6419332524719987,
    "brier_score": 0.20575535015655375,
    "duration": 0.7540066242218018
  }
}