{
  "best_params": {
    "v_0": 5.337521406200287,
    "beta": 0.9991631003398695,
    "s": 6.25977417071629,
    "epsilon": 0.06423395087369241
  },
  "best_metrics": {
    "accuracy": 0.6248756218905472,
    "accuracy_without_draws": 0.6355779618293123,
    "log_loss": 0.641600035857103,
    "brier_score": 0.20557947540671742,
    "duration": 0.8408246040344238
  }
}