{
  "best_params": {
    "temperature": 0.002899826071827697,
    "prior": 529.6005909397546
  },
  "best_metrics": {
    "accuracy": 0.5880220111563396,
    "accuracy_without_draws": 0.595565849346908,
    "log_loss": 0.6873176233734799,
    "brier_score": 0.22631165322515168,
    "duration": 0.07455921173095703
  }
}