{
  "best_params": {
    "temperature": 4.865717812598246,
    "prior": 5.714637802844374
  },
  "best_metrics": {
    "accuracy": 0.5990049751243781,
    "accuracy_without_draws": 0.6074900972272236,
    "log_loss": 0.6612792539904376,
    "brier_score": 0.21469662598777844,
    "duration": 0.28041529655456543
  }
}