{
  "best_params": {
    "temperature": 0.00400660037912215,
    "prior": 192.2148809598511
  },
  "best_metrics": {
    "accuracy": 0.576226886966504,
    "accuracy_without_draws": 0.5787934651325408,
    "log_loss": 0.6837191519420006,
    "brier_score": 0.23717574395630586,
    "duration": 0.2812016010284424
  }
}