{
  "best_params": {
    "initial_rd": 204.03421430263862,
    "initial_sigma": 0.12628324026802834,
    "tau": 0.9309972372101532
  },
  "best_metrics": {
    "accuracy": 0.6287565085482351,
    "accuracy_without_draws": 0.6330917720848431,
    "log_loss": 0.6349157880728485,
    "brier_score": 0.21432653309908967,
    "duration": 1.8848655223846436
  }
}