{
  "best_params": {
    "initial_sigma": 1.8266873312394365,
    "sigma_reduction_factor": 0.35262645702340684,
    "sigma_lower_bound": 0.44038309985542734,
    "b": 0.4340964001211022
  },
  "best_metrics": {
    "accuracy": 0.6235394202779714,
    "accuracy_without_draws": 0.6276990231602144,
    "log_loss": 0.6388591552537878,
    "brier_score": 0.21616786879433622,
    "duration": 1.3502657413482666
  }
}