{
  "best_params": {
    "v_0": 7.676522932182467,
    "beta": 0.9996405017039129,
    "s": 6.371766555602055,
    "epsilon": 0.07992433462982136
  },
  "best_metrics": {
    "accuracy": 0.6266963224140052,
    "accuracy_without_draws": 0.6309622189731527,
    "log_loss": 0.6368744183969259,
    "brier_score": 0.21520543630904246,
    "duration": 0.68778395652771
  }
}