{
  "best_params": {
    "temperature": 0.00400660037912215,
    "prior": 192.2148809598511
  },
  "best_metrics": {
    "accuracy": 0.6027633143372555,
    "accuracy_without_draws": 0.6062233805861039,
    "log_loss": 0.6847769914183399,
    "brier_score": 0.2376918961427574,
    "duration": 0.08249092102050781
  }
}