{
  "best_params": {
    "temperature": 4.865717812598246,
    "prior": 5.714637802844374
  },
  "best_metrics": {
    "accuracy": 0.6142224591037678,
    "accuracy_without_draws": 0.6180683575954061,
    "log_loss": 0.6496012770458851,
    "brier_score": 0.2208670383344187,
    "duration": 0.08327770233154297
  }
}