{
  "best_params": {
    "temperature": 0.005007251532784665,
    "prior": 207.94315370325182
  },
  "best_metrics": {
    "accuracy": 0.6555016615410019,
    "accuracy_without_draws": 0.6555016615410019,
    "log_loss": 0.65644040376423,
    "brier_score": 0.23192467351537455,
    "duration": 4.563703298568726
  }
}