{
  "best_params": {
    "k": 59.342339891546544
  },
  "best_metrics": {
    "accuracy": 0.6625090301141406,
    "accuracy_without_draws": 0.6625090301141406,
    "log_loss": 0.5975284546014742,
    "brier_score": 0.20561950052784445,
    "duration": 0.9647011756896973
  }
}