{
  "best_params": {
    "initial_rd": 270.3830697027574,
    "initial_sigma": 0.04048609477401639,
    "tau": 0.3519081636558767
  },
  "best_metrics": {
    "accuracy": 0.6732378377262689,
    "accuracy_without_draws": 0.6732378377262689,
    "log_loss": 0.5890597393485794,
    "brier_score": 0.20228162587749104,
    "duration": 8.42474889755249
  }
}