{
  "best_params": {
    "initial_sigma": 21.67434093273216,
    "beta": 19.483626230121434,
    "tau": 0.6259403166311422
  },
  "best_metrics": {
    "accuracy": 0.6690251604780284,
    "accuracy_without_draws": 0.6690251604780284,
    "log_loss": 0.5916296196881987,
    "brier_score": 0.20331614509028303,
    "duration": 5.8789753913879395
  }
}