{
  "best_params": {
    "initial_sigma": 1.805304514502242,
    "sigma_reduction_factor": 0.3108712640274073,
    "sigma_lower_bound": 0.5224542950006749,
    "b": 0.5128218643580439
  },
  "best_metrics": {
    "accuracy": 0.6676608392330079,
    "accuracy_without_draws": 0.6676608392330079,
    "log_loss": 0.592023095740418,
    "brier_score": 0.20361914537534478,
    "duration": 3.1635138988494873
  }
}