{
  "best_params": {
    "v_0": 6.199617952656245,
    "beta": 0.9991247286605807,
    "s": 3.816675253976443,
    "epsilon": 0.022606694219007215
  },
  "best_metrics": {
    "accuracy": 0.6643356932031621,
    "accuracy_without_draws": 0.6643356932031621,
    "log_loss": 0.5950235362789354,
    "brier_score": 0.20511278184719478,
    "duration": 2.5038816928863525
  }
}