{
  "best_params": {
    "v_0": 6.772861252883212,
    "beta": 0.9990999815693757,
    "s": 5.393839348173537,
    "epsilon": 0.021338073217164844
  },
  "best_metrics": {
    "accuracy": 0.6649961815517348,
    "accuracy_without_draws": 0.6649961815517348,
    "log_loss": 0.5939557917888708,
    "brier_score": 0.2048556055592395,
    "duration": 2.127838373184204
  }
}