{
  "best_params": {
    "temperature": 0.005007251532784665,
    "prior": 207.94315370325182
  },
  "best_metrics": {
    "accuracy": 0.6625750789489979,
    "accuracy_without_draws": 0.6625750789489979,
    "log_loss": 0.6625375261132872,
    "brier_score": 0.23500865874578367,
    "duration": 5.418796539306641
  }
}