{
  "best_params": {
    "initial_sigma": 30.900769241402436,
    "beta": 34.533963084557115,
    "kappa": 0.00048353725529504056
  },
  "best_metrics": {
    "accuracy": 0.6682222543292947,
    "accuracy_without_draws": 0.6682222543292947,
    "log_loss": 0.592215938671963,
    "brier_score": 0.20338244877131656,
    "duration": 8.164429903030396
  }
}