{
  "best_params": {
    "temperature": 6.277657993596867,
    "prior": 5.9637568231965306
  },
  "best_metrics": {
    "accuracy": 0.6584738591095791,
    "accuracy_without_draws": 0.6584738591095791,
    "log_loss": 0.6050059452945478,
    "brier_score": 0.209045233016956,
    "duration": 5.182383298873901
  }
}