{
  "best_params": {
    "k": 58.94331512902357
  },
  "best_metrics": {
    "accuracy": 0.6620886833739317,
    "log_loss": 0.5980375067290186,
    "brier_score": 0.20583407996090397,
    "duration": 1.486412525177002
  }
}