{
  "best_params": {
    "k": 187.01448482248122,
    "kappa": 1.4776714965690423,
    "sigma": 588.2848945686831
  },
  "best_metrics": {
    "accuracy": 0.6632983774410636,
    "log_loss": 0.5967768897144416,
    "brier_score": 0.20541442336592966,
    "duration": 1.3955116271972656
  }
}