{
  "best_params": {
    "b": 0.010095562145042937,
    "sigma": 73.57770104328657,
    "use_approx": true
  },
  "best_metrics": {
    "accuracy": 0.6631641963585319,
    "log_loss": 0.5966126513052338,
    "brier_score": 0.20546398868097768,
    "duration": 1.3137810230255127
  }
}