{
  "best_params": {
    "initial_rd": 277.94191169558724,
    "initial_sigma": 0.09468655965508868,
    "tau": 0.6183045766728905
  },
  "best_metrics": {
    "accuracy": 0.6730254737624376,
    "log_loss": 0.5897381472397694,
    "brier_score": 0.2025731330837304,
    "duration": 8.238849639892578
  }
}