{
  "best_params": {
    "initial_rating_dev": 273.0509880492173,
    "c": 19.782079688584357
  },
  "best_metrics": {
    "accuracy": 0.672930514842492,
    "log_loss": 0.5896848441869051,
    "brier_score": 0.20248401079258405,
    "duration": 4.927823066711426
  }
}