{
  "best_params": {
    "dimension": 20,
    "eta_r": 59.9333227279653,
    "eta_c": 0.30269666870966055
  },
  "best_metrics": {
    "accuracy": 0.6622042855373437,
    "log_loss": 0.5979811894206881,
    "brier_score": 0.20577475083737432,
    "duration": 7.281437158584595
  }
}