{
  "best_params": {
    "initial_sigma": 7.741600378415408,
    "beta": 6.421529335347412,
    "tau": 0.46060243607048296
  },
  "best_metrics": {
    "accuracy": 0.6690660996655795,
    "log_loss": 0.592485930866935,
    "brier_score": 0.20364019729533134,
    "duration": 7.096106052398682
  }
}