{
  "best_params": {
    "initial_sigma": 1.8266873312394365,
    "sigma_reduction_factor": 0.35262645702340684,
    "sigma_lower_bound": 0.44038309985542734,
    "b": 0.4340964001211022
  },
  "best_metrics": {
    "accuracy": 0.6647310185376326,
    "log_loss": 0.5938238007078949,
    "brier_score": 0.20465835528515264,
    "duration": 4.131464242935181
  }
}