{
  "best_params": {
    "v_0": 6.2399362637971905,
    "beta": 0.9978318206890862,
    "s": 3.4779367244066948,
    "epsilon": 0.041767051370434044
  },
  "best_metrics": {
    "accuracy": 0.6655794558441023,
    "log_loss": 0.5949321711386141,
    "brier_score": 0.20506329470749968,
    "duration": 2.7784512042999268
  }
}