{
  "best_params": {
    "v_0": 7.49150944643998,
    "beta": 0.9940330010526633,
    "s": 4.753629417215739,
    "epsilon": 0.09657128894400303
  },
  "best_metrics": {
    "accuracy": 0.6655257834110896,
    "log_loss": 0.5941703878898356,
    "brier_score": 0.2049506748881981,
    "duration": 2.2575831413269043
  }
}