{
  "best_params": {
    "initial_sigma": 10.96033736924499,
    "beta": 4.483035672191754,
    "kappa": 0.0005052784720230454
  },
  "best_metrics": {
    "accuracy": 0.6662338466619875,
    "log_loss": 0.5924005261795964,
    "brier_score": 0.2039501685801309,
    "duration": 7.931717872619629
  }
}