{
  "best_params": {
    "initial_sigma": 7.063371220973203,
    "beta": 8.013730422820437,
    "kappa": 0.0008256593809481292
  },
  "best_metrics": {
    "accuracy": 0.6678564055984476,
    "log_loss": 0.5927067757078835,
    "brier_score": 0.20361256591400514,
    "duration": 9.92611837387085
  }
}