{
  "best_params": {
    "temperature": 0.02128939373879725,
    "prior": 43.13618181470482
  },
  "best_metrics": {
    "accuracy": 0.6284703529954626,
    "accuracy_without_draws": 0.6284703529954626,
    "log_loss": 0.6572041473476469,
    "brier_score": 0.2301415182186647,
    "duration": 0.06176614761352539
  }
}