{
  "best_params": {
    "k": 57.70012463688749
  },
  "best_metrics": {
    "accuracy": 0.6253941398138891,
    "accuracy_without_draws": 0.6253941398138891,
    "log_loss": 0.6333315593255142,
    "brier_score": 0.22160012914630609,
    "duration": 0.026503324508666992
  }
}