{
  "best_params": {
    "initial_rd": 209.74665442318815,
    "initial_sigma": 0.08967744530734588,
    "tau": 0.21291457967367042
  },
  "best_metrics": {
    "accuracy": 0.630969776205491,
    "accuracy_without_draws": 0.630969776205491,
    "log_loss": 0.6253047686544169,
    "brier_score": 0.21832861048871657,
    "duration": 0.22308659553527832
  }
}