{
  "best_params": {
    "initial_sigma": 8.595306638544244,
    "beta": 9.111499800745893,
    "tau": 0.6738827190764115
  },
  "best_metrics": {
    "accuracy": 0.628201184342075,
    "accuracy_without_draws": 0.628201184342075,
    "log_loss": 0.6264914872394824,
    "brier_score": 0.2187886367595033,
    "duration": 0.1883103847503662
  }
}