{
  "best_params": {
    "v_0": 2.913736665277616,
    "beta": 0.997096727719009,
    "s": 3.052316295445293,
    "epsilon": 0.048732896930099204
  },
  "best_metrics": {
    "accuracy": 0.6270476043989849,
    "accuracy_without_draws": 0.6270476043989849,
    "log_loss": 0.628670912686706,
    "brier_score": 0.2197710153840948,
    "duration": 0.07446050643920898
  }
}