{
  "best_params": {
    "v_0": 8.741809848017667,
    "beta": 0.9990455155974024,
    "s": 6.957642516164919,
    "epsilon": 0.0679021793812848
  },
  "best_metrics": {
    "accuracy": 0.6271245097285242,
    "accuracy_without_draws": 0.6271245097285242,
    "log_loss": 0.6273072044122461,
    "brier_score": 0.21925647738005194,
    "duration": 0.056786298751831055
  }
}