{
  "best_params": {
    "temperature": 0.025886701277941078,
    "prior": 33.541502038673286
  },
  "best_metrics": {
    "accuracy": 0.635968622625548,
    "accuracy_without_draws": 0.635968622625548,
    "log_loss": 0.654298864587114,
    "brier_score": 0.2299527871410477,
    "duration": 0.06775498390197754
  }
}