{
  "best_params": {
    "initial_sigma": 75.7814742354929,
    "beta": 30.205277627507478,
    "kappa": 0.0008483885912462848
  },
  "best_metrics": {
    "accuracy": 0.6256633084672768,
    "accuracy_without_draws": 0.6256633084672768,
    "log_loss": 0.6288996770413003,
    "brier_score": 0.21997709042483352,
    "duration": 0.20572686195373535
  }
}