{
  "best_params": {
    "initial_sigma": 20.832516606803004,
    "beta": 25.3530355494574,
    "kappa": 0.0005475217347058316
  },
  "best_metrics": {
    "accuracy": 0.6278935630239175,
    "accuracy_without_draws": 0.6278935630239175,
    "log_loss": 0.6290188746137666,
    "brier_score": 0.21980084714053386,
    "duration": 0.24625492095947266
  }
}