{
  "best_params": {
    "k": 26.470573030680583
  },
  "best_metrics": {
    "accuracy": 0.6114497488662408,
    "log_loss": 0.649932835752698,
    "brier_score": 0.2285038368286232,
    "duration": 0.28232693672180176
  }
}