{
  "best_params": {
    "initial_rd": 113.91759400499525,
    "initial_sigma": 0.06089008228229464,
    "tau": 0.31404637863173623
  },
  "best_metrics": {
    "accuracy": 0.6156007704686205,
    "accuracy_without_draws": 0.6159867897987891,
    "log_loss": 0.6466400828501668,
    "brier_score": 0.2270210948884084,
    "duration": 2.762082815170288
  }
}