{
  "best_params": {
    "initial_rd": 114.90957779184987,
    "initial_sigma": 0.060667221406391664,
    "tau": 0.6988031157583557
  },
  "best_metrics": {
    "accuracy": 0.6156251523869898,
    "log_loss": 0.6466390762803618,
    "brier_score": 0.22701888113536853,
    "duration": 2.484266519546509
  }
}