{
  "best_params": {
    "initial_rating_dev": 113.58592292679197,
    "c": 10.668605029731522
  },
  "best_metrics": {
    "accuracy": 0.6155154337543278,
    "accuracy_without_draws": 0.6159011681242738,
    "log_loss": 0.6466409777067895,
    "brier_score": 0.22702079081709903,
    "duration": 1.9221117496490479
  }
}