{
  "best_params": {
    "initial_sigma": 12.56967651803094,
    "beta": 28.299360582018085,
    "tau": 0.6328862585445123
  },
  "best_metrics": {
    "accuracy": 0.6021191545285292,
    "accuracy_without_draws": 0.6031471238938053,
    "log_loss": 0.6544300458766846,
    "brier_score": 0.22904545711680296,
    "duration": 2.9377551078796387
  }
}