{
  "best_params": {
    "initial_sigma": 7.052209688640329,
    "beta": 15.632012303029057,
    "tau": 0.4066924360502278
  },
  "best_metrics": {
    "accuracy": 0.6023929471032745,
    "accuracy_without_draws": 0.6034236725663716,
    "log_loss": 0.6545560369564258,
    "brier_score": 0.2290848619964902,
    "duration": 3.260723352432251
  }
}