{
  "best_params": {
    "v_0": 4.36416199754601,
    "beta": 0.9995159116645029,
    "s": 7.396555951431513,
    "epsilon": 0.027359874236280928
  },
  "best_metrics": {
    "accuracy": 0.6134368752133418,
    "accuracy_without_draws": 0.6138156687664363,
    "log_loss": 0.648310738113614,
    "brier_score": 0.22780433113579052,
    "duration": 0.8121888637542725
  }
}