{
  "best_params": {
    "v_0": 6.078220257392141,
    "beta": 0.9990441500536671,
    "s": 6.835352571646655,
    "epsilon": 0.054571930749194975
  },
  "best_metrics": {
    "accuracy": 0.6121933973765056,
    "accuracy_without_draws": 0.6125680386520702,
    "log_loss": 0.6491524063617263,
    "brier_score": 0.22818414891959518,
    "duration": 0.9949629306793213
  }
}