{
  "best_params": {
    "temperature": 0.0028836537942093987,
    "prior": 468.68658505543897
  },
  "best_metrics": {
    "accuracy": 0.6077985565904326,
    "accuracy_without_draws": 0.6081585224145312,
    "log_loss": 0.6746899977582216,
    "brier_score": 0.23969673019097215,
    "duration": 0.5688486099243164
  }
}