{
  "best_params": {
    "initial_sigma": 14.30021484999898,
    "beta": 25.697742446727567,
    "kappa": 0.0006106292766625459
  },
  "best_metrics": {
    "accuracy": 0.6156251523869898,
    "accuracy_without_draws": 0.6160112531343649,
    "log_loss": 0.6474776438856882,
    "brier_score": 0.22730564806867057,
    "duration": 2.965965747833252
  }
}