{
  "best_params": {
    "temperature": 0.005007251532784665,
    "prior": 207.94315370325182
  },
  "best_metrics": {
    "accuracy": 0.575273666516338,
    "accuracy_without_draws": 0.5778081495136991,
    "log_loss": 0.6826605991062572,
    "brier_score": 0.23664706886049672,
    "duration": 0.17251110076904297
  }
}