{
  "best_params": {
    "k": 55.281874239145715
  },
  "best_metrics": {
    "accuracy": 0.6139047189537125,
    "accuracy_without_draws": 0.6177399190557922,
    "log_loss": 0.6463156250717708,
    "brier_score": 0.21933057259852914,
    "duration": 0.10204386711120605
  }
}