{
  "best_params": {
    "initial_sigma": 4.2423160170612615,
    "beta": 5.001695614900958,
    "tau": 0.6578543341285817
  },
  "best_metrics": {
    "accuracy": 0.619736788159567,
    "accuracy_without_draws": 0.6237683554764478,
    "log_loss": 0.6417751980276963,
    "brier_score": 0.21735963132777758,
    "duration": 0.6898725032806396
  }
}