{
  "best_params": {
    "v_0": 0.9851937161040956,
    "beta": 0.9935450155715262,
    "s": 1.859323669350045,
    "epsilon": 0.03447773558183209
  },
  "best_metrics": {
    "accuracy": 0.6165388872944939,
    "accuracy_without_draws": 0.6204627804971076,
    "log_loss": 0.6425794998708029,
    "brier_score": 0.21790104498759955,
    "duration": 0.26839709281921387
  }
}