{
  "best_params": {
    "v_0": 1.3073077435811071,
    "beta": 0.9942049190311676,
    "s": 2.736186468319645,
    "epsilon": 0.042422347809525376
  },
  "best_metrics": {
    "accuracy": 0.6181890861383297,
    "accuracy_without_draws": 0.62216854194478,
    "log_loss": 0.641816366252996,
    "brier_score": 0.21751446775774022,
    "duration": 0.2163994312286377
  }
}