{
  "best_params": {
    "temperature": 0.005007251532784665,
    "prior": 207.94315370325182
  },
  "best_metrics": {
    "accuracy": 0.5985916936574966,
    "accuracy_without_draws": 0.6019113004047211,
    "log_loss": 0.6834089273855266,
    "brier_score": 0.23701964054489053,
    "duration": 0.16379094123840332
  }
}