{
  "best_params": {
    "initial_sigma": 81.65454937512364,
    "beta": 43.955008379893144,
    "kappa": 0.0004454653455041604
  },
  "best_metrics": {
    "accuracy": 0.6161084006395802,
    "accuracy_without_draws": 0.6200177992498888,
    "log_loss": 0.644117020649444,
    "brier_score": 0.21845455708907868,
    "duration": 0.7700183391571045
  }
}