{
  "best_params": {
    "initial_sigma": 27.354267306605635,
    "beta": 36.25674374820208,
    "kappa": 0.0006405246766032413
  },
  "best_metrics": {
    "accuracy": 0.6178713459882743,
    "accuracy_without_draws": 0.621840103405166,
    "log_loss": 0.6435049335215701,
    "brier_score": 0.21813733235568894,
    "duration": 0.8771238327026367
  }
}