{
  "best_params": {
    "k": 49.49052090468932
  },
  "best_metrics": {
    "accuracy": 0.5809307207837648,
    "log_loss": 0.6581601702227705,
    "brier_score": 0.23326130713500437,
    "duration": 0.04475879669189453
  }
}