{
  "best_params": {
    "sigma": 114.50517892614042
  },
  "best_metrics": {
    "accuracy": 0.5814205738278516,
    "log_loss": 0.6572611285711439,
    "brier_score": 0.2328998758768577,
    "duration": 0.09614229202270508
  }
}