{
  "best_params": {
    "initial_rd": 151.57206342163772,
    "initial_sigma": 0.06158416213643581,
    "tau": 1.1210563635165918
  },
  "best_metrics": {
    "accuracy": 0.5865640307907628,
    "log_loss": 0.6566669371281146,
    "brier_score": 0.23259154895604134,
    "duration": 0.5243473052978516
  }
}