{
  "best_params": {
    "dimension": 10,
    "eta_r": 48.279623944941264,
    "eta_c": 0.10071836127608579
  },
  "best_metrics": {
    "accuracy": 0.5817704688593422,
    "log_loss": 0.6581014851657602,
    "brier_score": 0.23324259925393315,
    "duration": 0.743999719619751
  }
}