{
  "best_params": {
    "v_0": 4.177581909435163,
    "beta": 0.997028862195556,
    "s": 4.519807282437765,
    "epsilon": 0.019060156514615408
  },
  "best_metrics": {
    "accuracy": 0.5874387683694892,
    "log_loss": 0.657877733746322,
    "brier_score": 0.233172616210336,
    "duration": 0.11860775947570801
  }
}