{
  "best_params": {
    "v_0": 7.49150944643998,
    "beta": 0.9940330010526633,
    "s": 4.753629417215739,
    "epsilon": 0.09657128894400303
  },
  "best_metrics": {
    "accuracy": 0.5819104268719384,
    "log_loss": 0.658363850572641,
    "brier_score": 0.23339075549661464,
    "duration": 0.22904586791992188
  }
}