{
  "best_params": {
    "initial_sigma": 26.99954363342932,
    "beta": 41.03445326975658,
    "kappa": 0.0004126849267397848
  },
  "best_metrics": {
    "accuracy": 0.5842547235829251,
    "log_loss": 0.6565265385122135,
    "brier_score": 0.23254637520640314,
    "duration": 0.5371580123901367
  }
}