{
  "best_params": {
    "k": 25.546000881716775
  },
  "best_metrics": {
    "accuracy": 0.5744865490309516,
    "log_loss": 0.6728930044751557,
    "brier_score": 0.22560313297184498,
    "duration": 0.057314157485961914
  }
}