{
  "best_params": {
    "sigma": 74.26998416885769
  },
  "best_metrics": {
    "accuracy": 0.5746601099218976,
    "log_loss": 0.6725243592033786,
    "brier_score": 0.2254334308797253,
    "duration": 0.0868678092956543
  }
}