{
  "best_params": {
    "dimension": 1,
    "eta_r": 22.223986703505428,
    "eta_c": 0.2834025789900571
  },
  "best_metrics": {
    "accuracy": 0.5719120624819207,
    "log_loss": 0.6730962103204797,
    "brier_score": 0.2257310015830991,
    "duration": 0.5740499496459961
  }
}