{
  "best_params": {
    "initial_sigma": 18.69617026244579,
    "beta": 25.363080233971367,
    "kappa": 0.0004283273110331084
  },
  "best_metrics": {
    "accuracy": 0.5750940121492624,
    "log_loss": 0.6726892761106094,
    "brier_score": 0.22551523129583925,
    "duration": 0.8986036777496338
  }
}