{
  "best_params": {
    "initial_sigma": 15.959584980570776,
    "beta": 40.52546101536648,
    "kappa": 0.0005400925345042813
  },
  "best_metrics": {
    "accuracy": 0.5739947931732716,
    "log_loss": 0.6727474434615474,
    "brier_score": 0.2255266061031549,
    "duration": 0.7982912063598633
  }
}