{
  "best_params": {
    "k": 26.820049851393314
  },
  "best_metrics": {
    "accuracy": 0.6123214024479446,
    "accuracy_without_draws": 0.6126964711638432,
    "log_loss": 0.6494733494609142,
    "brier_score": 0.22828787726946698,
    "duration": 0.37207484245300293
  }
}