{
  "best_params": {
    "temperature": 0.0021751450396781044
  },
  "best_metrics": {
    "accuracy": 0.4974581850099966,
    "accuracy_without_draws": 0.49744969726622223,
    "log_loss": 0.6931498773569792,
    "brier_score": 0.2491693154339011,
    "duration": 0.5616204738616943
  }
}