{
  "best_params": {
    "initial_sigma": 17.32197047566382,
    "beta": 34.1265155954768,
    "tau": 0.5955739423710884
  },
  "best_metrics": {
    "accuracy": 0.6151070366216413,
    "accuracy_without_draws": 0.615491407253379,
    "log_loss": 0.6470727577050491,
    "brier_score": 0.22718325634973807,
    "duration": 3.3575429916381836
  }
}