{
  "best_params": {
    "v_0": 5.9197143660471365,
    "beta": 0.9990446641236895,
    "s": 9.711706221612022,
    "epsilon": 0.029816345946726594
  },
  "best_metrics": {
    "accuracy": 0.604415565416687,
    "accuracy_without_draws": 0.6047642346033881,
    "log_loss": 0.654295976272521,
    "brier_score": 0.23059583495883595,
    "duration": 1.814011573791504
  }
}