{
  "best_params": {
    "v_0": 6.527726818554582,
    "beta": 0.9995163114047,
    "s": 5.713865273439791,
    "epsilon": 0.016150692724084655
  },
  "best_metrics": {
    "accuracy": 0.6093163310089238,
    "accuracy_without_draws": 0.6096813650541252,
    "log_loss": 0.6523277293539069,
    "brier_score": 0.2295326878356474,
    "duration": 2.4348299503326416
  }
}