{
  "best_params": {
    "initial_sigma": 41.07478966468492,
    "beta": 34.572874577729934,
    "kappa": 0.0010132407315763038
  },
  "best_metrics": {
    "accuracy": 0.6152959964890038,
    "accuracy_without_draws": 0.6156809981040915,
    "log_loss": 0.6478677645152179,
    "brier_score": 0.2274894279877293,
    "duration": 2.7927777767181396
  }
}