{
  "best_params": {
    "initial_sigma": 20.207676288501332,
    "beta": 35.97253139016764,
    "kappa": 0.0006883735713633539
  },
  "best_metrics": {
    "accuracy": 0.6161981274686692,
    "accuracy_without_draws": 0.6165861415203963,
    "log_loss": 0.6470531838380597,
    "brier_score": 0.22711578355085896,
    "duration": 3.591684341430664
  }
}