{
  "best_params": {
    "temperature": 0.0021751450396781044,
    "prior": 537.3141495775875
  },
  "best_metrics": {
    "accuracy": 0.600496172038816,
    "accuracy_without_draws": 0.6008317534095774,
    "log_loss": 0.6755768351873992,
    "brier_score": 0.23992054041859864,
    "duration": 0.5536036491394043
  }
}