{
  "best_params": {
    "k": 25.33725921628537
  },
  "best_metrics": {
    "accuracy": 0.6087616423660214,
    "accuracy_without_draws": 0.6091248241697755,
    "log_loss": 0.6516022646108974,
    "brier_score": 0.22926570703867807,
    "duration": 0.8299896717071533
  }
}