{
  "best_params": {
    "sigma": 73.8559121787806
  },
  "best_metrics": {
    "accuracy": 0.6094809089579168,
    "accuracy_without_draws": 0.6098464925692618,
    "log_loss": 0.6510969827206483,
    "brier_score": 0.22907975840295347,
    "duration": 0.3025994300842285
  }
}