{
  "best_params": {
    "initial_rating_dev": 112.56994810738014,
    "c": 20.204324527176492
  },
  "best_metrics": {
    "accuracy": 0.6134185887745648,
    "accuracy_without_draws": 0.6137973212647545,
    "log_loss": 0.6483558915425007,
    "brier_score": 0.2277811715858341,
    "duration": 1.7925786972045898
  }
}