{
  "best_params": {
    "initial_rd": 111.84569915172172,
    "initial_sigma": 0.11833494614453335,
    "tau": 1.1872975710642268
  },
  "best_metrics": {
    "accuracy": 0.6135039254888575,
    "accuracy_without_draws": 0.6138829429392698,
    "log_loss": 0.6483479367751528,
    "brier_score": 0.22777476353608117,
    "duration": 2.817821979522705
  }
}