{
  "best_params": {
    "temperature": 0.0021751450396781044
  },
  "best_metrics": {
    "accuracy": 0.5001767689081777,
    "accuracy_without_draws": 0.5001773591829246,
    "log_loss": 0.6931483026484607,
    "brier_score": 0.2491685280797921,
    "duration": 0.7362971305847168
  }
}