{
  "best_params": {
    "initial_sigma": 5.089393766472875,
    "beta": 10.90486259143903,
    "tau": 0.938475312140308
  },
  "best_metrics": {
    "accuracy": 0.6118154776417809,
    "accuracy_without_draws": 0.6121888569506452,
    "log_loss": 0.6492585865877388,
    "brier_score": 0.22818150968381745,
    "duration": 2.158967971801758
  }
}