{
  "best_params": {
    "v_0": 3.6119497665290865,
    "beta": 0.9990422055182597,
    "s": 4.506307892809841,
    "epsilon": 0.05839266009232002
  },
  "best_metrics": {
    "accuracy": 0.6104622811722826,
    "accuracy_without_draws": 0.610831141826188,
    "log_loss": 0.6504587489229319,
    "brier_score": 0.2287136460325993,
    "duration": 0.7520673274993896
  }
}