{
  "best_params": {
    "v_0": 2.0880106002766383,
    "beta": 0.9990386754860192,
    "s": 5.897533671296266,
    "epsilon": 0.057812062829893894
  },
  "best_metrics": {
    "accuracy": 0.6110474472131467,
    "accuracy_without_draws": 0.6114182618800074,
    "log_loss": 0.6495285294134946,
    "brier_score": 0.2283590576330117,
    "duration": 0.6158101558685303
  }
}