{
  "best_params": {
    "initial_sigma": 12.113011581126944,
    "beta": 10.631782379858617,
    "kappa": 0.0005463954515417324
  },
  "best_metrics": {
    "accuracy": 0.6119373872336276,
    "accuracy_without_draws": 0.6123111736285243,
    "log_loss": 0.6497942247748598,
    "brier_score": 0.22836741010408435,
    "duration": 2.287191390991211
  }
}