{
  "best_params": {
    "initial_sigma": 6.935635230720525,
    "beta": 12.802227210336325,
    "kappa": 0.0006004114519671792
  },
  "best_metrics": {
    "accuracy": 0.6125956990295996,
    "accuracy_without_draws": 0.612971683689071,
    "log_loss": 0.6491301142052744,
    "brier_score": 0.22805038295565222,
    "duration": 2.789090394973755
  }
}