{
  "best_params": {
    "temperature": 3.7540640228684317,
    "prior": 5.983768883109784
  },
  "best_metrics": {
    "accuracy": 0.602318720436924,
    "accuracy_without_draws": 0.6026603877438689,
    "log_loss": 0.6572769576460225,
    "brier_score": 0.23180868260974258,
    "duration": 0.8766369819641113
  }
}