{
  "best_params": {
    "k": 78.8973678637977
  },
  "best_metrics": {
    "accuracy": 0.6303907150522676,
    "log_loss": 0.6263285099961401,
    "brier_score": 0.21629842665463087,
    "duration": 0.08927249908447266
  }
}