{
  "best_params": {
    "initial_rating_dev": 249.67345812334875,
    "c": 28.96242307775546
  },
  "best_metrics": {
    "accuracy": 0.639095353551413,
    "log_loss": 0.618484438343408,
    "brier_score": 0.2133458935029327,
    "duration": 0.3230569362640381
  }
}