{
  "best_params": {
    "dimension": 5,
    "eta_r": 48.528358452426026,
    "eta_c": 0.03793765247290253
  },
  "best_metrics": {
    "accuracy": 0.6209904176258334,
    "log_loss": 0.6402108332450327,
    "brier_score": 0.22396873537010958,
    "duration": 2.088972330093384
  }
}