{
  "best_params": {
    "temperature": 0.0021751450396781044,
    "prior": 537.3141495775875
  },
  "best_metrics": {
    "accuracy": 0.6716906308541956,
    "accuracy_without_draws": 0.6724630916275853,
    "log_loss": 0.6801618497795348,
    "brier_score": 0.22405833983728518,
    "duration": 8.347643852233887
  }
}