{
  "best_params": {
    "k": 46.8805656646451
  },
  "best_metrics": {
    "accuracy": 0.7288798871128628,
    "accuracy_without_draws": 0.7299096505526786,
    "log_loss": 0.5178215552623111,
    "brier_score": 0.17359138634092142,
    "duration": 1.4364149570465088
  }
}