{
  "best_params": {
    "initial_sigma": 3.67841098446012,
    "beta": 4.979079013045729,
    "tau": 1.0171137391670864
  },
  "best_metrics": {
    "accuracy": 0.7322920468092353,
    "accuracy_without_draws": 0.733337162044923,
    "log_loss": 0.5133005500057664,
    "brier_score": 0.17195034992083505,
    "duration": 10.52453327178955
  }
}