{
  "best_params": {
    "initial_sigma": 1.7061084292044628,
    "sigma_reduction_factor": 0.4928942157711981,
    "sigma_lower_bound": 0.8812816505442185,
    "b": 0.5915283573569479
  },
  "best_metrics": {
    "accuracy": 0.7297824976279104,
    "accuracy_without_draws": 0.7308163220418926,
    "log_loss": 0.5168437861578983,
    "brier_score": 0.17340530754925249,
    "duration": 5.4951605796813965
  }
}