{
  "best_params": {
    "v_0": 3.661361234957629,
    "beta": 0.999093077330631,
    "s": 2.6575119788449246,
    "epsilon": 0.10626569070546482
  },
  "best_metrics": {
    "accuracy": 0.7297265406418023,
    "accuracy_without_draws": 0.7307601132972783,
    "log_loss": 0.5176455710984338,
    "brier_score": 0.17365659002561729,
    "duration": 3.4157791137695312
  }
}