{
  "best_params": {
    "v_0": 3.291880865947752,
    "beta": 0.9991219893649662,
    "s": 3.1150918506896215,
    "epsilon": 0.08363868143420117
  },
  "best_metrics": {
    "accuracy": 0.7307799917280977,
    "accuracy_without_draws": 0.7318183040111049,
    "log_loss": 0.5168236808378717,
    "brier_score": 0.17336954501290947,
    "duration": 2.8949756622314453
  }
}