{
  "best_params": {
    "initial_sigma": 75.03641892798943,
    "beta": 15.145210769384446,
    "kappa": 0.0009524640527183971
  },
  "best_metrics": {
    "accuracy": 0.7295659684207966,
    "accuracy_without_draws": 0.7305988186388197,
    "log_loss": 0.5231560133998557,
    "brier_score": 0.17510977019864038,
    "duration": 11.185654401779175
  }
}