{
  "best_params": {
    "initial_sigma": 15.620895244756657,
    "beta": 10.467912830077884,
    "kappa": 0.00019313426074716827
  },
  "best_metrics": {
    "accuracy": 0.7317117971924191,
    "accuracy_without_draws": 0.7327543018018569,
    "log_loss": 0.5191562209043149,
    "brier_score": 0.17373759143252318,
    "duration": 11.348526954650879
  }
}