{
  "best_params": {
    "temperature": 0.00400660037912215,
    "prior": 192.2148809598511
  },
  "best_metrics": {
    "accuracy": 0.575273666516338,
    "accuracy_without_draws": 0.5778081495136991,
    "log_loss": 0.6838220270053804,
    "brier_score": 0.23722674954918674,
    "duration": 0.146958589553833
  }
}