{
  "best_params": {
    "k": 55.40314417450992
  },
  "best_metrics": {
    "accuracy": 0.6138842195891927,
    "accuracy_without_draws": 0.6177187294725913,
    "log_loss": 0.6463157207992852,
    "brier_score": 0.21932854969111512,
    "duration": 0.18138480186462402
  }
}