{
  "best_params": {
    "initial_rating_dev": 172.3032266757477,
    "c": 29.579914754307215
  },
  "best_metrics": {
    "accuracy": 0.6206900086097331,
    "accuracy_without_draws": 0.6247536710952896,
    "log_loss": 0.6402531529824798,
    "brier_score": 0.2167664564225705,
    "duration": 1.4385035037994385
  }
}