{
  "best_params": {
    "temperature": 0.028382263201310803
  },
  "best_metrics": {
    "accuracy": 0.5011992128244025,
    "accuracy_without_draws": 0.5012395906172525,
    "log_loss": 0.6931375622707656,
    "brier_score": 0.24185181865856062,
    "duration": 0.18258023262023926
  }
}