{
  "best_params": {
    "initial_sigma": 4.184114816547302,
    "beta": 5.147860788471235,
    "tau": 0.8303933467320773
  },
  "best_metrics": {
    "accuracy": 0.6201262760854414,
    "accuracy_without_draws": 0.6241709575572648,
    "log_loss": 0.6420857713831265,
    "brier_score": 0.21741515606853798,
    "duration": 1.8747062683105469
  }
}