{
  "best_params": {
    "initial_sigma": 1.8266873312394365,
    "sigma_reduction_factor": 0.35262645702340684,
    "sigma_lower_bound": 0.44038309985542734,
    "b": 0.4340964001211022
  },
  "best_metrics": {
    "accuracy": 0.6173793612398015,
    "accuracy_without_draws": 0.6213315534083445,
    "log_loss": 0.6435578132963697,
    "brier_score": 0.21825325688556113,
    "duration": 0.8151266574859619
  }
}