{
  "best_params": {
    "v_0": 0.9075313654381735,
    "beta": 0.9870553304310193,
    "s": 1.70695457211663,
    "epsilon": 0.0452792085717937
  },
  "best_metrics": {
    "accuracy": 0.6156984133491862,
    "accuracy_without_draws": 0.6195940075858708,
    "log_loss": 0.6430718041940582,
    "brier_score": 0.21815349811374818,
    "duration": 0.46398043632507324
  }
}