{
  "best_params": {
    "v_0": 1.49210231128286,
    "beta": 0.9948915132016702,
    "s": 3.028297353003043,
    "epsilon": 0.04439170649183649
  },
  "best_metrics": {
    "accuracy": 0.618373580419007,
    "accuracy_without_draws": 0.622359248193588,
    "log_loss": 0.6417526740127399,
    "brier_score": 0.2175086423449941,
    "duration": 0.5224158763885498
  }
}