{
  "best_params": {
    "initial_sigma": 69.87839634106814,
    "beta": 37.65448863532318,
    "kappa": 0.0004019851531949102
  },
  "best_metrics": {
    "accuracy": 0.6161289000040999,
    "accuracy_without_draws": 0.6200389888330896,
    "log_loss": 0.6441170304772701,
    "brier_score": 0.2184551540804808,
    "duration": 1.7960867881774902
  }
}