{
  "best_params": {
    "initial_sigma": 25.66678505176355,
    "beta": 33.73431057902156,
    "kappa": 0.0007834579679607317
  },
  "best_metrics": {
    "accuracy": 0.6178918453527941,
    "accuracy_without_draws": 0.6218612929883669,
    "log_loss": 0.6435065958896297,
    "brier_score": 0.2181286253628404,
    "duration": 2.0855541229248047
  }
}