{
  "best_params": {
    "temperature": 4.865717812598246,
    "prior": 5.714637802844374
  },
  "best_metrics": {
    "accuracy": 0.6070681808863925,
    "accuracy_without_draws": 0.6106731930582926,
    "log_loss": 0.6538093212325887,
    "brier_score": 0.22275947224318557,
    "duration": 0.15397286415100098
  }
}