{
  "best_params": {
    "k": 42.3558925744325
  },
  "best_metrics": {
    "accuracy": 0.6398367952522255,
    "log_loss": 0.6283401807688537,
    "brier_score": 0.21438333597823478,
    "duration": 0.8744626045227051
  }
}