{
  "best_params": {
    "k": 118.86000644563933,
    "kappa": 1.14220968163867,
    "sigma": 680.1500545372974
  },
  "best_metrics": {
    "accuracy": 0.6399928171070605,
    "log_loss": 0.6276888083938634,
    "brier_score": 0.21438837881309847,
    "duration": 1.161867618560791
  }
}