{
  "best_params": {
    "b": 0.004327576610984507,
    "sigma": 137.69039897093373,
    "use_approx": true
  },
  "best_metrics": {
    "accuracy": 0.6404579388629834,
    "log_loss": 0.6268413635550215,
    "brier_score": 0.2138578307210784,
    "duration": 0.7452507019042969
  }
}