{
  "best_params": {
    "initial_rd": 195.40788142594155,
    "initial_sigma": 0.11635565994897229,
    "tau": 1.0090721153249045
  },
  "best_metrics": {
    "accuracy": 0.6479469878950591,
    "log_loss": 0.62066886555996,
    "brier_score": 0.21104313020669893,
    "duration": 5.5178022384643555
  }
}