{
  "best_params": {
    "initial_rating_dev": 202.66325425491215,
    "c": 18.880193651960887
  },
  "best_metrics": {
    "accuracy": 0.6478115727002968,
    "log_loss": 0.6206024392763771,
    "brier_score": 0.21101445991616039,
    "duration": 5.340662956237793
  }
}