{
  "best_params": {
    "dimension": 5,
    "eta_r": 42.44521476420579,
    "eta_c": 0.03051056698056342
  },
  "best_metrics": {
    "accuracy": 0.6399309971268429,
    "log_loss": 0.6283402694522829,
    "brier_score": 0.21438105511830935,
    "duration": 5.8704001903533936
  }
}