{
  "best_params": {
    "initial_sigma": 7.063371220973203,
    "beta": 8.013730422820437,
    "tau": 0.6877742643297916
  },
  "best_metrics": {
    "accuracy": 0.6453387734915925,
    "log_loss": 0.623060188693676,
    "brier_score": 0.21204027850159443,
    "duration": 6.075956106185913
  }
}