{
  "best_params": {
    "initial_sigma": 4.799879758090398,
    "sigma_reduction_factor": 0.10704541300021869,
    "sigma_lower_bound": 0.31182090505645965,
    "b": 0.13329979908389117
  },
  "best_metrics": {
    "accuracy": 0.6421123592859498,
    "log_loss": 0.6248636594945588,
    "brier_score": 0.21304900119168635,
    "duration": 3.0000951290130615
  }
}