{
  "best_params": {
    "v_0": 9.782874481263056,
    "beta": 0.996014453832502,
    "s": 6.464514014977,
    "epsilon": 0.08447305782187306
  },
  "best_metrics": {
    "accuracy": 0.6399692666384061,
    "log_loss": 0.6253073856918239,
    "brier_score": 0.2134843410645163,
    "duration": 1.9809315204620361
  }
}