{
  "best_params": {
    "v_0": 6.2399362637971905,
    "beta": 0.9978318206890862,
    "s": 3.4779367244066948,
    "epsilon": 0.041767051370434044
  },
  "best_metrics": {
    "accuracy": 0.6415530356554096,
    "log_loss": 0.62522220429497,
    "brier_score": 0.213205740683545,
    "duration": 2.8769302368164062
  }
}