{
  "best_params": {
    "initial_sigma": 2.1410904225489147,
    "beta": 1.3392725461925339,
    "kappa": 0.0009121645287315866
  },
  "best_metrics": {
    "accuracy": 0.6436078140454995,
    "log_loss": 0.6224002361217355,
    "brier_score": 0.21207557831222715,
    "duration": 6.107962369918823
  }
}