{
  "best_params": {
    "initial_sigma": 1.9379868362771493,
    "beta": 2.791185043830569,
    "kappa": 0.0004546798452985542
  },
  "best_metrics": {
    "accuracy": 0.6442554519334934,
    "log_loss": 0.6229150365860067,
    "brier_score": 0.2120284228104062,
    "duration": 6.179486036300659
  }
}