{
  "best_params": {
    "v_0": 1.8335632476950323,
    "beta": 0.9972491623274669,
    "s": 5.400925345042812,
    "epsilon": 0.06804775188895078
  },
  "best_metrics": {
    "accuracy": 0.6138192143871273,
    "log_loss": 0.6442005121623225,
    "brier_score": 0.2268927015108757,
    "duration": 0.03702569007873535
  }
}