{
  "best_params": {
    "k": 49.35655321329002
  },
  "best_metrics": {
    "accuracy": 0.5806973147757627,
    "log_loss": 0.6582801836944068,
    "brier_score": 0.23331591829689627,
    "duration": 0.052184104919433594
  }
}