{
  "best_params": {
    "b": 0.01550054959110443,
    "sigma": 42.44443493800153,
    "use_approx": true
  },
  "best_metrics": {
    "accuracy": 0.5816111345423872,
    "log_loss": 0.6573565113617353,
    "brier_score": 0.23294474833692885,
    "duration": 0.05619978904724121
  }
}