{
  "best_params": {
    "initial_rating_dev": 139.26732765221232,
    "c": 16.48501342367162
  },
  "best_metrics": {
    "accuracy": 0.5862856741178124,
    "log_loss": 0.6567775983042923,
    "brier_score": 0.23264765236345644,
    "duration": 0.3712012767791748
  }
}