{
  "best_params": {
    "initial_rd": 151.57206342163772,
    "initial_sigma": 0.06158416213643581,
    "tau": 1.1210563635165918
  },
  "best_metrics": {
    "accuracy": 0.5864965556024181,
    "log_loss": 0.6567207546515849,
    "brier_score": 0.23261639562139153,
    "duration": 0.4080815315246582
  }
}