{
  "best_params": {
    "dimension": 20,
    "eta_r": 49.13549929613986,
    "eta_c": 0.36195229752293623
  },
  "best_metrics": {
    "accuracy": 0.5814002530577815,
    "log_loss": 0.6582479843049047,
    "brier_score": 0.2332953348417839,
    "duration": 0.6015369892120361
  }
}