{
  "best_params": {
    "initial_sigma": 7.873481819931918,
    "beta": 11.459731732177392,
    "tau": 0.545951417333503
  },
  "best_metrics": {
    "accuracy": 0.5850555321242795,
    "log_loss": 0.6572869992936252,
    "brier_score": 0.23288294311352145,
    "duration": 0.32463502883911133
  }
}