{
  "best_params": {
    "initial_sigma": 1.8266873312394365,
    "sigma_reduction_factor": 0.35262645702340684,
    "sigma_lower_bound": 0.44038309985542734,
    "b": 0.4340964001211022
  },
  "best_metrics": {
    "accuracy": 0.5857233234921974,
    "log_loss": 0.6570112311796107,
    "brier_score": 0.23272909825139643,
    "duration": 0.31243419647216797
  }
}