{
  "best_params": {
    "v_0": 4.177581909435163,
    "beta": 0.997028862195556,
    "s": 4.519807282437765,
    "epsilon": 0.019060156514615408
  },
  "best_metrics": {
    "accuracy": 0.5870237593139322,
    "log_loss": 0.6579947621523331,
    "brier_score": 0.23321480326033336,
    "duration": 0.19597601890563965
  }
}