{
  "best_params": {
    "v_0": 7.49150944643998,
    "beta": 0.9940330010526633,
    "s": 4.753629417215739,
    "epsilon": 0.09657128894400303
  },
  "best_metrics": {
    "accuracy": 0.5825952481372135,
    "log_loss": 0.6583956894618095,
    "brier_score": 0.2334003782916511,
    "duration": 0.24693512916564941
  }
}