{
  "best_params": {
    "initial_sigma": 2.1410904225489147,
    "beta": 1.3392725461925339,
    "kappa": 0.0009121645287315866
  },
  "best_metrics": {
    "accuracy": 0.5837199493884437,
    "log_loss": 0.6563799289445985,
    "brier_score": 0.23250563475209599,
    "duration": 0.5233047008514404
  }
}