{
  "best_params": {
    "initial_sigma": 4.175299987698936,
    "beta": 6.458764534823308,
    "kappa": 0.00023755237894651553
  },
  "best_metrics": {
    "accuracy": 0.5842120061858569,
    "log_loss": 0.6566153719577424,
    "brier_score": 0.23257831954800406,
    "duration": 0.43283796310424805
  }
}