{
  "best_params": {
    "temperature": 0.005007251532784665,
    "prior": 207.94315370325182
  },
  "best_metrics": {
    "accuracy": 0.5851186454151596,
    "accuracy_without_draws": 0.5858901856976697,
    "log_loss": 0.6826481794945456,
    "brier_score": 0.24254681769958752,
    "duration": 0.10164308547973633
  }
}