{
  "best_params": {
    "initial_rd": 233.64913589971835,
    "initial_sigma": 0.1750562870649452,
    "tau": 1.0701713141892517
  },
  "best_metrics": {
    "accuracy": 0.638181167772964,
    "accuracy_without_draws": 0.6394336822684795,
    "log_loss": 0.61842880676743,
    "brier_score": 0.21335651626720673,
    "duration": 0.5071334838867188
  }
}