{
  "best_params": {
    "dimension": 5,
    "eta_r": 77.80323688588271,
    "eta_c": 0.09480876929588408
  },
  "best_metrics": {
    "accuracy": 0.6305099566755435,
    "accuracy_without_draws": 0.6316929370713512,
    "log_loss": 0.6262937111906937,
    "brier_score": 0.21629725025155086,
    "duration": 0.35539960861206055
  }
}