{
  "best_params": {
    "initial_sigma": 7.601419870869637,
    "beta": 9.7046626371952,
    "tau": 0.7445671331033968
  },
  "best_metrics": {
    "accuracy": 0.6308129278103168,
    "accuracy_without_draws": 0.6318362847592632,
    "log_loss": 0.6255651174061071,
    "brier_score": 0.2165680052395663,
    "duration": 0.9778738021850586
  }
}