{
  "best_params": {
    "initial_sigma": 6.557767173141114,
    "beta": 6.045015275507438,
    "tau": 0.7776266432726493
  },
  "best_metrics": {
    "accuracy": 0.6354386104376167,
    "accuracy_without_draws": 0.636666265591786,
    "log_loss": 0.620238613415461,
    "brier_score": 0.21401644088506175,
    "duration": 0.4026787281036377
  }
}