{
  "best_params": {
    "initial_sigma": 4.760876609011496,
    "beta": 6.193183533880855,
    "tau": 0.6353726282632528
  },
  "best_metrics": {
    "accuracy": 0.6292604615058923,
    "accuracy_without_draws": 0.6302716734229429,
    "log_loss": 0.626469984197477,
    "brier_score": 0.21682061618322518,
    "duration": 0.981360673904419
  }
}