{
  "best_params": {
    "initial_sigma": 1.6612514943742824,
    "sigma_reduction_factor": 0.5820790721809574,
    "sigma_lower_bound": 0.9931994434331591,
    "b": 0.6268141908022474
  },
  "best_metrics": {
    "accuracy": 0.6336897332962359,
    "accuracy_without_draws": 0.634901536116793,
    "log_loss": 0.6235249586118553,
    "brier_score": 0.215269334115241,
    "duration": 0.19440174102783203
  }
}