{
  "best_params": {
    "initial_sigma": 61.933433751724365,
    "beta": 22.525133429284278,
    "kappa": 0.0005628906788663196
  },
  "best_metrics": {
    "accuracy": 0.6319408561548551,
    "accuracy_without_draws": 0.6331368066418,
    "log_loss": 0.6265044267824099,
    "brier_score": 0.21646039378133763,
    "duration": 0.41396379470825195
  }
}