{
  "best_params": {
    "temperature": 0.005007251532784665,
    "prior": 207.94315370325182
  },
  "best_metrics": {
    "accuracy": 0.6272133702340328,
    "accuracy_without_draws": 0.6272133702340328,
    "log_loss": 0.6692630652795908,
    "brier_score": 0.23823411716290877,
    "duration": 0.09293746948242188
  }
}