{
  "best_params": {
    "k": 42.166759958772154
  },
  "best_metrics": {
    "accuracy": 0.618574844828976,
    "accuracy_without_draws": 0.618574844828976,
    "log_loss": 0.6432449356666717,
    "brier_score": 0.22567902028166745,
    "duration": 0.07557320594787598
  }
}