{
  "best_params": {
    "initial_sigma": 6.413558676781369,
    "beta": 7.196107645159535,
    "tau": 0.622810759362048
  },
  "best_metrics": {
    "accuracy": 0.6270924577478034,
    "accuracy_without_draws": 0.6270924577478034,
    "log_loss": 0.6374324671916055,
    "brier_score": 0.22288439596033163,
    "duration": 0.5126044750213623
  }
}