{
  "best_params": {
    "v_0": 8.70384232637188,
    "beta": 0.9991002849670958,
    "s": 6.797119481526222,
    "epsilon": 0.09180171022180966
  },
  "best_metrics": {
    "accuracy": 0.6263535481097348,
    "accuracy_without_draws": 0.6263535481097348,
    "log_loss": 0.6379545895186655,
    "brier_score": 0.22322313876038183,
    "duration": 0.15731525421142578
  }
}