{
  "best_params": {
    "v_0": 4.919572740984078,
    "beta": 0.9990967487354546,
    "s": 4.440538055293675,
    "epsilon": 0.08112594525682121
  },
  "best_metrics": {
    "accuracy": 0.6233173012333073,
    "accuracy_without_draws": 0.6233173012333073,
    "log_loss": 0.6392248628186007,
    "brier_score": 0.2238655256808286,
    "duration": 0.1916499137878418
  }
}