{
  "best_params": {
    "temperature": 0.005007251532784665,
    "prior": 207.94315370325182
  },
  "best_metrics": {
    "accuracy": 0.6309213531450681,
    "accuracy_without_draws": 0.6309213531450681,
    "log_loss": 0.6738549425546673,
    "brier_score": 0.24049463057128476,
    "duration": 0.08349990844726562
  }
}