{
  "best_params": {
    "initial_sigma": 16.512616195889184,
    "beta": 23.369173995234476,
    "kappa": 0.0002601527797227429
  },
  "best_metrics": {
    "accuracy": 0.624405513609372,
    "accuracy_without_draws": 0.624405513609372,
    "log_loss": 0.6388708778539843,
    "brier_score": 0.2234596599985192,
    "duration": 0.6551315784454346
  }
}