{
  "best_params": {
    "initial_sigma": 4.184114816547302,
    "beta": 5.147860788471235,
    "tau": 0.8303933467320773
  },
  "best_metrics": {
    "accuracy": 0.7315986667639832,
    "accuracy_without_draws": 0.7326406623833974,
    "log_loss": 0.5142810818191845,
    "brier_score": 0.1724037616114603,
    "duration": 12.481961011886597
  }
}