{
  "best_params": {
    "initial_sigma": 1.3665209422145799,
    "sigma_reduction_factor": 0.655560061131993,
    "sigma_lower_bound": 0.9052985611995714,
    "b": 0.5900923649178649
  },
  "best_metrics": {
    "accuracy": 0.7286560591684306,
    "accuracy_without_draws": 0.7296848155742212,
    "log_loss": 0.5174281840410258,
    "brier_score": 0.173594487146362,
    "duration": 7.295327186584473
  }
}