{
  "best_params": {
    "v_0": 3.1717934494925197,
    "beta": 0.9984832804030622,
    "s": 4.126849267397848,
    "epsilon": 0.06873114453275292
  },
  "best_metrics": {
    "accuracy": 0.7280089044595285,
    "accuracy_without_draws": 0.729034749223464,
    "log_loss": 0.5202662793755384,
    "brier_score": 0.1745454874781352,
    "duration": 4.0312840938568115
  }
}