{
  "best_params": {
    "v_0": 3.22920871371898,
    "beta": 0.996967281258196,
    "s": 2.491209106142384,
    "epsilon": 0.09251695423855955
  },
  "best_metrics": {
    "accuracy": 0.7278337347638858,
    "accuracy_without_draws": 0.7288587914142365,
    "log_loss": 0.5198955122866624,
    "brier_score": 0.17460229959199275,
    "duration": 4.40890908241272
  }
}