{
  "best_params": {
    "temperature": 0.002899826071827697,
    "prior": 529.6005909397546
  },
  "best_metrics": {
    "accuracy": 0.6874194097754421,
    "accuracy_without_draws": 0.6882626365811397,
    "log_loss": 0.6629763645355806,
    "brier_score": 0.22128773642959457,
    "duration": 11.380080461502075
  }
}