{
  "best_params": {
    "initial_sigma": 67.84828963736469,
    "beta": 13.737077032245335,
    "kappa": 0.0009040844279868801
  },
  "best_metrics": {
    "accuracy": 0.7295538038585991,
    "accuracy_without_draws": 0.7305865993465123,
    "log_loss": 0.5231560789760332,
    "brier_score": 0.17511328677205437,
    "duration": 14.467655658721924
  }
}