{
  "best_params": {
    "initial_sigma": 15.304025521594237,
    "beta": 10.239699406701586,
    "kappa": 0.00020805549864376608
  },
  "best_metrics": {
    "accuracy": 0.731721528842177,
    "accuracy_without_draws": 0.7327640772357028,
    "log_loss": 0.5191562313411558,
    "brier_score": 0.17373653726844066,
    "duration": 12.781845331192017
  }
}