{
  "best_params": {
    "k": 45.141197611134885
  },
  "best_metrics": {
    "accuracy": 0.6155739467752085,
    "accuracy_without_draws": 0.6159396549657603,
    "log_loss": 0.6438503323298618,
    "brier_score": 0.22560692707079394,
    "duration": 0.83150315284729
  }
}