{
  "best_params": {
    "temperature": 0.0021751450396781044
  },
  "best_metrics": {
    "accuracy": 0.4988888269357909,
    "accuracy_without_draws": 0.4988853108744117,
    "log_loss": 0.6931474036594207,
    "brier_score": 0.2492115371171455,
    "duration": 2.9194774627685547
  }
}