{
  "best_params": {
    "initial_sigma": 6.0834462061251635,
    "beta": 6.99130511068397,
    "tau": 0.7665189402997441
  },
  "best_metrics": {
    "accuracy": 0.6217033207745554,
    "accuracy_without_draws": 0.6220884240133603,
    "log_loss": 0.6381601856454914,
    "brier_score": 0.22321916175225226,
    "duration": 3.2736966609954834
  }
}