{
  "best_params": {
    "initial_sigma": 1.4456481866836306,
    "sigma_reduction_factor": 0.4232505360346739,
    "sigma_lower_bound": 0.5358542210800081,
    "b": 0.532045810880128
  },
  "best_metrics": {
    "accuracy": 0.6186924002134727,
    "accuracy_without_draws": 0.6190679760601533,
    "log_loss": 0.6401775558711259,
    "brier_score": 0.22417760986609353,
    "duration": 1.6953716278076172
  }
}