{
  "best_params": {
    "v_0": 1.6877148143543454,
    "beta": 0.9902794205225063,
    "s": 3.0823814181941565,
    "epsilon": 0.04250622256869735
  },
  "best_metrics": {
    "accuracy": 0.6207315421807668,
    "accuracy_without_draws": 0.6211135704411612,
    "log_loss": 0.6382103271418734,
    "brier_score": 0.223434438661739,
    "duration": 0.8974246978759766
  }
}