{
  "best_params": {
    "v_0": 3.223632884259508,
    "beta": 0.9922599993701547,
    "s": 2.9233816169009494,
    "epsilon": 0.07672615865094529
  },
  "best_metrics": {
    "accuracy": 0.6201739642990848,
    "accuracy_without_draws": 0.6205542282276043,
    "log_loss": 0.6390942552168627,
    "brier_score": 0.2237280538172065,
    "duration": 0.6594364643096924
  }
}