{
  "best_params": {
    "temperature": 0.005007251532784665,
    "prior": 207.94315370325182
  },
  "best_metrics": {
    "accuracy": 0.5997108560413563,
    "accuracy_without_draws": 0.6000263689900677,
    "log_loss": 0.6793318853535614,
    "brier_score": 0.24229419460790833,
    "duration": 2.2697389125823975
  }
}