{
  "best_params": {
    "initial_sigma": 64.29363890555287,
    "beta": 34.52275128501773,
    "kappa": 0.0005171372385555876
  },
  "best_metrics": {
    "accuracy": 0.6196562134089515,
    "accuracy_without_draws": 0.6200348390293016,
    "log_loss": 0.6393310231146868,
    "brier_score": 0.22379205227329338,
    "duration": 3.6626839637756348
  }
}