{
  "best_params": {
    "k": 79.07643709361241
  },
  "best_metrics": {
    "accuracy": 0.6599645928174,
    "log_loss": 0.602952426753156,
    "brier_score": 0.20617564819374135,
    "duration": 0.04349875450134277
  }
}