{
  "best_params": {
    "sigma": 168.59631511863742
  },
  "best_metrics": {
    "accuracy": 0.661650649131681,
    "accuracy_without_draws": 0.662417414873793,
    "log_loss": 0.6003325480128914,
    "brier_score": 0.2053675528092717,
    "duration": 0.05059170722961426
  }
}