{
  "best_params": {
    "initial_rd": 286.13868988717167,
    "initial_sigma": 0.17504248693185015,
    "tau": 1.1505166973348648
  },
  "best_metrics": {
    "accuracy": 0.6702073849266565,
    "accuracy_without_draws": 0.671014738268677,
    "log_loss": 0.5933327527265996,
    "brier_score": 0.2028987211994381,
    "duration": 0.4540705680847168
  }
}