{
  "best_params": {
    "dimension": 10,
    "eta_r": 78.34711788460393,
    "eta_c": 0.22583645012017062
  },
  "best_metrics": {
    "accuracy": 0.6614820435002529,
    "log_loss": 0.6027272381433042,
    "brier_score": 0.20608804608967693,
    "duration": 0.2939305305480957
  }
}