{
  "best_params": {
    "update_method": "online",
    "variance_increase_method": "time",
    "initial_sigma": 13.192588143424233,
    "beta": 9.599868828626269,
    "tau": 0.787428206271835
  },
  "best_metrics": {
    "accuracy": 0.673881945490137,
    "accuracy_without_draws": 0.6741704374057316,
    "log_loss": 0.590003321389307,
    "brier_score": 0.20215948263350356,
    "duration": 1.0785200595855713
  }
}