{
  "best_params": {
    "update_method": "online",
    "variance_increase_method": "match",
    "initial_sigma": 13.192588143424233,
    "beta": 9.599868828626269,
    "tau": 0.787428206271835
  },
  "best_metrics": {
    "accuracy": 0.6702680319229032,
    "accuracy_without_draws": 0.670550527903469,
    "log_loss": 0.5918093238740869,
    "brier_score": 0.20286654282497826,
    "duration": 1.2782208919525146
  }
}