{
  "best_params": {
    "v_0": 3.5367777665164275,
    "beta": 0.9930445786413945,
    "s": 3.357244591043056,
    "epsilon": 0.06329460958740288
  },
  "best_metrics": {
    "accuracy": 0.6631259484066768,
    "accuracy_without_draws": 0.663899712010842,
    "log_loss": 0.5979404142272586,
    "brier_score": 0.20504626045802524,
    "duration": 0.11946654319763184
  }
}