{
  "best_params": {
    "v_0": 1.5345465101919054,
    "beta": 0.9915455460096674,
    "s": 1.563469096624805,
    "epsilon": 0.030557509215599903
  },
  "best_metrics": {
    "accuracy": 0.6612712864609678,
    "log_loss": 0.59960512999711,
    "brier_score": 0.20567957393343755,
    "duration": 0.13491559028625488
  }
}