{
  "best_params": {
    "initial_sigma": 38.785505844040706,
    "beta": 35.403904750363324,
    "kappa": 0.000747423527126759
  },
  "best_metrics": {
    "accuracy": 0.663463159669533,
    "log_loss": 0.5999841845819979,
    "brier_score": 0.20562380161074134,
    "duration": 0.398345947265625
  }
}