{
  "best_params": {
    "temperature": 6.101484989329872,
    "prior": 5.921761620601499
  },
  "best_metrics": {
    "accuracy": 0.6426403641881638,
    "accuracy_without_draws": 0.6433169574792479,
    "log_loss": 0.6223999070118105,
    "brier_score": 0.21565078892254605,
    "duration": 0.04102373123168945
  }
}