{
  "best_params": {
    "temperature": 0.005007251532784665,
    "prior": 207.94315370325182
  },
  "best_metrics": {
    "accuracy": 0.584840414960849,
    "accuracy_without_draws": 0.5856094332811936,
    "log_loss": 0.682599829379461,
    "brier_score": 0.2425227437864501,
    "duration": 0.4575812816619873
  }
}