{
  "best_params": {
    "k": 89.65723672645974
  },
  "best_metrics": {
    "accuracy": 0.6410628403354665,
    "accuracy_without_draws": 0.6423414751534111,
    "log_loss": 0.6180794163603629,
    "brier_score": 0.21270263270757706,
    "duration": 0.11887192726135254
  }
}