{
  "best_params": {
    "initial_rating_dev": 278.9800053555099,
    "c": 13.797764407915047
  },
  "best_metrics": {
    "accuracy": 0.6510195158790095,
    "accuracy_without_draws": 0.6523884009144507,
    "log_loss": 0.6082190917799676,
    "brier_score": 0.20903309885588586,
    "duration": 0.8564097881317139
  }
}