{
  "best_params": {
    "initial_sigma": 7.402955747662686,
    "beta": 6.032101725271051,
    "tau": 0.3551876080913472
  },
  "best_metrics": {
    "accuracy": 0.647104415914782,
    "accuracy_without_draws": 0.6484378133397505,
    "log_loss": 0.6103984039007802,
    "brier_score": 0.20987057051082103,
    "duration": 1.097015619277954
  }
}