{
  "best_params": {
    "v_0": 5.014904078735,
    "beta": 0.9995161800272212,
    "s": 4.205031216861924,
    "epsilon": 0.014482642841897245
  },
  "best_metrics": {
    "accuracy": 0.645951746889781,
    "accuracy_without_draws": 0.6472746961857779,
    "log_loss": 0.6112903560595224,
    "brier_score": 0.21045367377474988,
    "duration": 0.6045727729797363
  }
}