{
  "best_params": {
    "v_0": 10.359664758441376,
    "beta": 0.9990966617779542,
    "s": 4.7491016720405375,
    "epsilon": 0.05142089052328425
  },
  "best_metrics": {
    "accuracy": 0.6444811002027108,
    "accuracy_without_draws": 0.645790719127261,
    "log_loss": 0.6127409312776282,
    "brier_score": 0.21112845715600348,
    "duration": 0.8170435428619385
  }
}