{
  "best_params": {
    "temperature": 0.025871194873925505,
    "prior": 36.888996035853054
  },
  "best_metrics": {
    "accuracy": 0.6150284192535475,
    "accuracy_without_draws": 0.6160710704688566,
    "log_loss": 0.6674175368260178,
    "brier_score": 0.23487080670175717,
    "duration": 0.11492490768432617
  }
}