{
  "best_params": {
    "initial_sigma": 39.45947211042025,
    "beta": 12.63793618579945,
    "kappa": 0.000269791862835899
  },
  "best_metrics": {
    "accuracy": 0.6406852418617592,
    "accuracy_without_draws": 0.6419604540167649,
    "log_loss": 0.6197125630228486,
    "brier_score": 0.21347277905382178,
    "duration": 0.9485368728637695
  }
}