{
  "best_params": {
    "initial_sigma": 37.932420843878376,
    "beta": 34.84096538928096,
    "kappa": 0.00034076523860133507
  },
  "best_metrics": {
    "accuracy": 0.6441432489367622,
    "accuracy_without_draws": 0.6454498054786829,
    "log_loss": 0.6158854454422892,
    "brier_score": 0.21193216548415778,
    "duration": 1.2801086902618408
  }
}