{
  "best_params": {
    "initial_rating_dev": 197.9503576621206,
    "c": 19.007088573787104
  },
  "best_metrics": {
    "accuracy": 0.6301745218769664,
    "log_loss": 0.6326012598799671,
    "brier_score": 0.2207464852332603,
    "duration": 2.431169033050537
  }
}