{
  "best_params": {
    "initial_rd": 198.2717949879759,
    "initial_sigma": 0.1085522726324316,
    "tau": 0.7650656137880224
  },
  "best_metrics": {
    "accuracy": 0.6301506256820373,
    "log_loss": 0.6326016866866582,
    "brier_score": 0.22074801586080628,
    "duration": 3.553915023803711
  }
}