{
  "best_params": {
    "temperature": 0.00400660037912215,
    "prior": 192.2148809598511
  },
  "best_metrics": {
    "accuracy": 0.6997733205848544,
    "accuracy_without_draws": 0.6997733205848544,
    "log_loss": 0.6304755587875769,
    "brier_score": 0.2176421260388246,
    "duration": 3.0891125202178955
  }
}