{
  "best_params": {
    "k": 63.58764313599298
  },
  "best_metrics": {
    "accuracy": 0.7175316652879689,
    "accuracy_without_draws": 0.7175316652879689,
    "log_loss": 0.5313329095446988,
    "brier_score": 0.1783266967079772,
    "duration": 3.0069682598114014
  }
}