{
  "best_params": {
    "temperature": 0.002899826071827697
  },
  "best_metrics": {
    "accuracy": 0.4992291825575024,
    "accuracy_without_draws": 0.4992291825575024,
    "log_loss": 0.6931488496933893,
    "brier_score": 0.25000083456647354,
    "duration": 3.5019826889038086
  }
}