{
  "best_params": {
    "initial_sigma": 17.303354775403808,
    "beta": 18.906948674709508,
    "tau": 0.7385967009716192
  },
  "best_metrics": {
    "accuracy": 0.7238177218181623,
    "accuracy_without_draws": 0.7238177218181623,
    "log_loss": 0.5265172801949899,
    "brier_score": 0.1758518511468509,
    "duration": 12.306288719177246
  }
}