{
  "best_params": {
    "v_0": 5.973456638422408,
    "beta": 0.9995279753587974,
    "s": 5.056301460992634,
    "epsilon": 0.018577336958578213
  },
  "best_metrics": {
    "accuracy": 0.7198615751533578,
    "accuracy_without_draws": 0.7198615751533578,
    "log_loss": 0.5294586440880353,
    "brier_score": 0.1781887003499233,
    "duration": 3.7851221561431885
  }
}