{
  "best_params": {
    "v_0": 7.676522932182467,
    "beta": 0.9996405017039129,
    "s": 6.371766555602055,
    "epsilon": 0.07992433462982136
  },
  "best_metrics": {
    "accuracy": 0.7207720528990256,
    "accuracy_without_draws": 0.7207720528990256,
    "log_loss": 0.5338367700829746,
    "brier_score": 0.1780854964120622,
    "duration": 5.009019613265991
  }
}