{
  "best_params": {
    "temperature": 0.00400660037912215,
    "prior": 192.2148809598511
  },
  "best_metrics": {
    "accuracy": 0.7113960121611895,
    "accuracy_without_draws": 0.7113960121611895,
    "log_loss": 0.6376477848889273,
    "brier_score": 0.22241241154179922,
    "duration": 5.727761745452881
  }
}