{
  "best_params": {
    "initial_sigma": 49.96461019336147,
    "beta": 20.135286537706044,
    "kappa": 0.0007812972331591968
  },
  "best_metrics": {
    "accuracy": 0.7097711182493044,
    "accuracy_without_draws": 0.7097711182493044,
    "log_loss": 0.5388531812847906,
    "brier_score": 0.18209094355981945,
    "duration": 11.053541660308838
  }
}