{
  "best_params": {
    "initial_sigma": 35.96503449866381,
    "beta": 37.66598332383718,
    "kappa": 0.0006121738674696064
  },
  "best_metrics": {
    "accuracy": 0.7168078489090381,
    "accuracy_without_draws": 0.7168078489090381,
    "log_loss": 0.5328991157260483,
    "brier_score": 0.17923849618545365,
    "duration": 18.596128463745117
  }
}