{
  "best_params": {
    "temperature": 6.141958580155138,
    "prior": 3.973160764102398
  },
  "best_metrics": {
    "accuracy": 0.7148150038138006,
    "accuracy_without_draws": 0.7148150038138006,
    "log_loss": 0.5502495984796576,
    "brier_score": 0.18560956309659601,
    "duration": 4.350809097290039
  }
}