{
  "best_params": {
    "k": 26.376947963381344
  },
  "best_metrics": {
    "accuracy": 0.6114741307846101,
    "log_loss": 0.6499329597552833,
    "brier_score": 0.22850506283949018,
    "duration": 0.5075480937957764
  }
}