{
  "best_params": {
    "initial_rd": 131.529309603324,
    "initial_sigma": 0.06456604424664072,
    "tau": 0.6603037876615041
  },
  "best_metrics": {
    "accuracy": 0.6164419466523626,
    "log_loss": 0.6468317013705321,
    "brier_score": 0.22704491362670481,
    "duration": 3.6175739765167236
  }
}