{
  "best_params": {
    "dimension": 5,
    "eta_r": 22.30185948890301,
    "eta_c": 0.15924578788530613
  },
  "best_metrics": {
    "accuracy": 0.6113887940703174,
    "log_loss": 0.6499379723713262,
    "brier_score": 0.22853384000388133,
    "duration": 3.392728567123413
  }
}