{
  "best_params": {
    "initial_sigma": 1.8266873312394365,
    "sigma_reduction_factor": 0.35262645702340684,
    "sigma_lower_bound": 0.44038309985542734,
    "b": 0.4340964001211022
  },
  "best_metrics": {
    "accuracy": 0.61672233871361,
    "log_loss": 0.6486425934831924,
    "brier_score": 0.2276888596434434,
    "duration": 1.5183565616607666
  }
}