{
  "best_params": {
    "v_0": 3.956966166496096,
    "beta": 0.999607363839203,
    "s": 7.89246541303144,
    "epsilon": 0.049492073233881634
  },
  "best_metrics": {
    "accuracy": 0.6140951870093139,
    "log_loss": 0.6482158963236013,
    "brier_score": 0.22769004029446602,
    "duration": 1.2200710773468018
  }
}