{
  "best_params": {
    "v_0": 3.956966166496096,
    "beta": 0.999607363839203,
    "s": 7.89246541303144,
    "epsilon": 0.049492073233881634
  },
  "best_metrics": {
    "accuracy": 0.6119130053152582,
    "log_loss": 0.6489360815306185,
    "brier_score": 0.2281315855247679,
    "duration": 1.605543851852417
  }
}