{
  "best_params": {
    "temperature": 0.002899826071827697,
    "prior": 529.6005909397546
  },
  "best_metrics": {
    "accuracy": 0.5890287092155828,
    "accuracy_without_draws": 0.5893654035246956,
    "log_loss": 0.6769774656202087,
    "brier_score": 0.24096526460974396,
    "duration": 0.01079869270324707
  }
}