{
  "best_params": {
    "k": 36.62090456784872
  },
  "best_metrics": {
    "accuracy": 0.6111446010097205,
    "accuracy_without_draws": 0.6115649345737841,
    "log_loss": 0.6514198395060808,
    "brier_score": 0.2286470527844244,
    "duration": 0.027727365493774414
  }
}