{
  "best_params": {
    "initial_rating_dev": 136.1289789584173,
    "c": 30.515865176025844
  },
  "best_metrics": {
    "accuracy": 0.6158164418657223,
    "accuracy_without_draws": 0.616254443688072,
    "log_loss": 0.6477478356384442,
    "brier_score": 0.22714638644045243,
    "duration": 0.32279109954833984
  }
}