{
  "best_params": {
    "initial_sigma": 1.9379868362771493,
    "beta": 2.791185043830569,
    "tau": 0.3787483111336956
  },
  "best_metrics": {
    "accuracy": 0.6146861577876573,
    "accuracy_without_draws": 0.6151198850313895,
    "log_loss": 0.6487276430595375,
    "brier_score": 0.22746837436956827,
    "duration": 0.4100351333618164
  }
}