{
  "best_params": {
    "initial_sigma": 4.799879758090398,
    "sigma_reduction_factor": 0.10704541300021869,
    "sigma_lower_bound": 0.31182090505645965,
    "b": 0.13329979908389117
  },
  "best_metrics": {
    "accuracy": 0.6150252430110767,
    "accuracy_without_draws": 0.6154602526283942,
    "log_loss": 0.6497127923052575,
    "brier_score": 0.22783338872495973,
    "duration": 0.28693628311157227
  }
}