{
  "best_params": {
    "v_0": 0.2523285358135888,
    "beta": 0.9860040527555429,
    "s": 1.4787879062574494,
    "epsilon": 0.033477692275536125
  },
  "best_metrics": {
    "accuracy": 0.6119734760003014,
    "accuracy_without_draws": 0.6123969442553513,
    "log_loss": 0.6491110622708324,
    "brier_score": 0.22786423250548,
    "duration": 0.22828459739685059
  }
}