{
  "best_params": {
    "v_0": 1.1764166349804157,
    "beta": 0.9947799811202098,
    "s": 4.445768644046086,
    "epsilon": 0.08274739385590127
  },
  "best_metrics": {
    "accuracy": 0.6126516464471404,
    "accuracy_without_draws": 0.6130776794493609,
    "log_loss": 0.6491186936499621,
    "brier_score": 0.22790223174989055,
    "duration": 0.1870253086090088
  }
}