{
  "best_params": {
    "temperature": 0.00400660037912215,
    "prior": 192.2148809598511
  },
  "best_metrics": {
    "accuracy": 0.6039107829101047,
    "accuracy_without_draws": 0.6043037591710158,
    "log_loss": 0.6762841997807547,
    "brier_score": 0.240704593184099,
    "duration": 0.010881185531616211
  }
}