{
  "best_params": {
    "initial_sigma": 21.233475042393618,
    "beta": 16.05733169674533,
    "kappa": 0.0006204448468359292
  },
  "best_metrics": {
    "accuracy": 0.6112576294175269,
    "accuracy_without_draws": 0.6116783904394524,
    "log_loss": 0.6515069516682205,
    "brier_score": 0.22881351651984982,
    "duration": 0.46010732650756836
  }
}