{
  "best_params": {
    "initial_sigma": 25.558541920095475,
    "beta": 40.45066343081215,
    "kappa": 0.00014419107273139296
  },
  "best_metrics": {
    "accuracy": 0.6134428453017858,
    "accuracy_without_draws": 0.6138718705090387,
    "log_loss": 0.6497897636635132,
    "brier_score": 0.22795692113133587,
    "duration": 0.5638916492462158
  }
}