{
  "best_params": {
    "k": 42.08937907306368
  },
  "best_metrics": {
    "accuracy": 0.6185479753875917,
    "accuracy_without_draws": 0.6185479753875917,
    "log_loss": 0.6432449874339349,
    "brier_score": 0.2256820056561204,
    "duration": 0.19353914260864258
  }
}