{
  "best_params": {
    "initial_rd": 211.64311230761353,
    "initial_sigma": 0.10530814493737645,
    "tau": 0.540911298177587
  },
  "best_metrics": {
    "accuracy": 0.6293494908240858,
    "accuracy_without_draws": 0.6293494908240858,
    "log_loss": 0.6355616163671359,
    "brier_score": 0.22197302061149088,
    "duration": 1.5274379253387451
  }
}