{
  "best_params": {
    "temperature": 0.002899826071827697
  },
  "best_metrics": {
    "accuracy": 0.4977026627616412,
    "accuracy_without_draws": 0.4977026627616412,
    "log_loss": 0.6931510692665055,
    "brier_score": 0.2500019443524934,
    "duration": 0.09961700439453125
  }
}