{
  "best_params": {
    "initial_sigma": 7.063371220973203,
    "beta": 8.013730422820437,
    "tau": 0.6877742643297916
  },
  "best_metrics": {
    "accuracy": 0.6269581105408819,
    "accuracy_without_draws": 0.6269581105408819,
    "log_loss": 0.6374332390853895,
    "brier_score": 0.2229090214629706,
    "duration": 1.0789434909820557
  }
}