{
  "best_params": {
    "v_0": 7.676522932182467,
    "beta": 0.9996405017039129,
    "s": 6.371766555602055,
    "epsilon": 0.07992433462982136
  },
  "best_metrics": {
    "accuracy": 0.626541634199425,
    "accuracy_without_draws": 0.626541634199425,
    "log_loss": 0.6379393029406274,
    "brier_score": 0.22316033619956413,
    "duration": 0.4071071147918701
  }
}