{
  "best_params": {
    "v_0": 4.3389128096080904,
    "beta": 0.9983289584858132,
    "s": 4.162656246737815,
    "epsilon": 0.0706298083140322
  },
  "best_metrics": {
    "accuracy": 0.6231292151436172,
    "accuracy_without_draws": 0.6231292151436172,
    "log_loss": 0.6392949573899023,
    "brier_score": 0.22396734547199285,
    "duration": 0.32366514205932617
  }
}