{
  "best_params": {
    "initial_sigma": 58.08473466059348,
    "beta": 29.32443283733557,
    "kappa": 0.0008314874422524751
  },
  "best_metrics": {
    "accuracy": 0.6254534218233603,
    "accuracy_without_draws": 0.6254534218233603,
    "log_loss": 0.6375402306750488,
    "brier_score": 0.22310615420653668,
    "duration": 1.1615498065948486
  }
}