{
  "best_params": {
    "initial_sigma": 19.573051846445168,
    "beta": 27.7249930436837,
    "kappa": 0.00022395928788533816
  },
  "best_metrics": {
    "accuracy": 0.6243786441679877,
    "accuracy_without_draws": 0.6243786441679877,
    "log_loss": 0.6388708554859599,
    "brier_score": 0.2234618535214208,
    "duration": 1.6751205921173096
  }
}