{
  "best_params": {
    "temperature": 4.865717812598246,
    "prior": 5.714637802844374
  },
  "best_metrics": {
    "accuracy": 0.6191928419808153,
    "accuracy_without_draws": 0.6191928419808153,
    "log_loss": 0.6421319019768014,
    "brier_score": 0.22536499661019796,
    "duration": 0.11144161224365234
  }
}