{
  "best_params": {
    "temperature": 0.002899826071827697,
    "prior": 529.6005909397546
  },
  "best_metrics": {
    "accuracy": 0.6001305859308366,
    "accuracy_without_draws": 0.6020539691484961,
    "log_loss": 0.699048419187347,
    "brier_score": 0.24297119952346705,
    "duration": 1.5638816356658936
  }
}