{
  "best_params": {
    "initial_rating_dev": 202.66325425491215,
    "c": 18.880193651960887
  },
  "best_metrics": {
    "accuracy": 0.6477326870702281,
    "accuracy_without_draws": 0.6505704470650303,
    "log_loss": 0.6206666192141675,
    "brier_score": 0.2110472946809591,
    "duration": 4.742404937744141
  }
}