{
  "best_params": {
    "initial_rd": 211.64311230761353,
    "initial_sigma": 0.10530814493737645,
    "tau": 0.540911298177587
  },
  "best_metrics": {
    "accuracy": 0.6480032705305201,
    "accuracy_without_draws": 0.6508462280948927,
    "log_loss": 0.6206721893657574,
    "brier_score": 0.2110206485914265,
    "duration": 7.467414140701294
  }
}