{
  "best_params": {
    "dimension": 1,
    "eta_r": 43.079260111263665,
    "eta_c": 0.06187888196819711
  },
  "best_metrics": {
    "accuracy": 0.6398534143515114,
    "log_loss": 0.6283877383669162,
    "brier_score": 0.2143893667566216,
    "duration": 3.936971664428711
  }
}