{
  "best_params": {
    "dimension": 1,
    "eta_r": 43.079260111263665,
    "eta_c": 0.06187888196819711
  },
  "best_metrics": {
    "accuracy": 0.6398534143515114,
    "accuracy_without_draws": 0.6425398233802361,
    "log_loss": 0.6283877383669162,
    "brier_score": 0.2143893667566216,
    "duration": 5.1439735889434814
  }
}