{
  "best_params": {
    "update_method": "online",
    "variance_increase_method": "time",
    "initial_sigma": 7.063371220973203,
    "beta": 8.013730422820437,
    "tau": 0.6877742643297916
  },
  "best_metrics": {
    "accuracy": 0.6449120967382089,
    "accuracy_without_draws": 0.6476293838216242,
    "log_loss": 0.623766838219702,
    "brier_score": 0.21244046138132155,
    "duration": 13.725854635238647
  }
}