{
  "best_params": {
    "v_0": 8.097107949417001,
    "beta": 0.9988465909374568,
    "s": 4.4965790850960214,
    "epsilon": 0.08380439527015636
  },
  "best_metrics": {
    "accuracy": 0.6438562848890902,
    "log_loss": 0.6245834810040987,
    "brier_score": 0.21271139228965957,
    "duration": 1.6888432502746582
  }
}