{
  "best_params": {
    "v_0": 7.676522932182467,
    "beta": 0.9996405017039129,
    "s": 6.371766555602055,
    "epsilon": 0.07992433462982136
  },
  "best_metrics": {
    "accuracy": 0.6456033128827139,
    "log_loss": 0.6233988084112327,
    "brier_score": 0.21219009985700812,
    "duration": 1.3984932899475098
  }
}