{
  "best_params": {
    "initial_sigma": 50.516044662037075,
    "beta": 27.279260078099394,
    "kappa": 0.0005549176567539957
  },
  "best_metrics": {
    "accuracy": 0.6418857314282689,
    "log_loss": 0.6252630339706792,
    "brier_score": 0.21337051553485234,
    "duration": 4.650202512741089
  }
}