{
  "best_params": {
    "initial_sigma": 25.66678505176355,
    "beta": 33.73431057902156,
    "kappa": 0.0007834579679607317
  },
  "best_metrics": {
    "accuracy": 0.6430268877608042,
    "log_loss": 0.6244674026703679,
    "brier_score": 0.21284006372262237,
    "duration": 3.2632369995117188
  }
}