{
  "best_params": {
    "temperature": 4.865717812598246,
    "prior": 5.714637802844374
  },
  "best_metrics": {
    "accuracy": 0.6150714987382575,
    "accuracy_without_draws": 0.6172818781887182,
    "log_loss": 0.648329901361091,
    "brier_score": 0.22383647316183095,
    "duration": 0.5637152194976807
  }
}