{
  "best_params": {
    "temperature": 0.005007251532784665,
    "prior": 207.94315370325182
  },
  "best_metrics": {
    "accuracy": 0.596186144156753,
    "accuracy_without_draws": 0.596186144156753,
    "log_loss": 0.681600119389346,
    "brier_score": 0.24427326570566738,
    "duration": 0.01769852638244629
  }
}