{
  "best_params": {
    "k": 46.27720324312468
  },
  "best_metrics": {
    "accuracy": 0.5758222533240028,
    "accuracy_without_draws": 0.5758222533240028,
    "log_loss": 0.6607956942890969,
    "brier_score": 0.23444549638759488,
    "duration": 0.02877044677734375
  }
}