{
  "best_params": {
    "initial_sigma": 1.8552889160261672,
    "beta": 2.7469218476488946,
    "tau": 0.2866116373513928
  },
  "best_metrics": {
    "accuracy": 0.5808957312806158,
    "accuracy_without_draws": 0.5808957312806158,
    "log_loss": 0.6598152126123534,
    "brier_score": 0.23401370088015302,
    "duration": 0.203934907913208
  }
}