{
  "best_params": {
    "initial_sigma": 5.465968969188764,
    "sigma_reduction_factor": 0.13360264004518546,
    "sigma_lower_bound": 0.34049244703454973,
    "b": 0.11324894865632529
  },
  "best_metrics": {
    "accuracy": 0.5770818754373688,
    "accuracy_without_draws": 0.5770818754373688,
    "log_loss": 0.6598216462776191,
    "brier_score": 0.23404196912427574,
    "duration": 0.10778975486755371
  }
}