{
  "best_params": {
    "v_0": 2.2969084883332926,
    "beta": 0.9938467975314764,
    "s": 4.716445467669308,
    "epsilon": 0.09397825479106886
  },
  "best_metrics": {
    "accuracy": 0.5797760671798461,
    "accuracy_without_draws": 0.5797760671798461,
    "log_loss": 0.6598282604549238,
    "brier_score": 0.2340664526702272,
    "duration": 0.06243324279785156
  }
}