{
  "best_params": {
    "v_0": 1.8234202884579804,
    "beta": 0.9902767532059741,
    "s": 2.837793736429962,
    "epsilon": 0.060142162260515795
  },
  "best_metrics": {
    "accuracy": 0.5769769069279216,
    "accuracy_without_draws": 0.5769769069279216,
    "log_loss": 0.6603178848812621,
    "brier_score": 0.23431332389094853,
    "duration": 0.07711219787597656
  }
}