{
  "best_params": {
    "initial_sigma": 41.930006586786774,
    "beta": 28.66163604700846,
    "kappa": 0.0007917175608545251
  },
  "best_metrics": {
    "accuracy": 0.577221833449965,
    "accuracy_without_draws": 0.577221833449965,
    "log_loss": 0.6594416369221648,
    "brier_score": 0.2339260306653077,
    "duration": 0.23563599586486816
  }
}