{
  "best_params": {
    "initial_sigma": 23.063799002590102,
    "beta": 37.06869891658028,
    "kappa": 0.00032538588505113777
  },
  "best_metrics": {
    "accuracy": 0.5790412876137159,
    "accuracy_without_draws": 0.5790412876137159,
    "log_loss": 0.65940975780888,
    "brier_score": 0.2338525575726122,
    "duration": 0.25963926315307617
  }
}