{
  "best_params": {
    "initial_sigma": 7.929042133993716,
    "beta": 6.629144698922457,
    "tau": 0.3697419781804166
  },
  "best_metrics": {
    "accuracy": 0.6468261854604714,
    "accuracy_without_draws": 0.6481570609232744,
    "log_loss": 0.610447152983718,
    "brier_score": 0.2099282646620576,
    "duration": 1.380314826965332
  }
}