{
  "best_params": {
    "v_0": 9.136907713383126,
    "beta": 0.9982967070578849,
    "s": 4.451910443137759,
    "epsilon": 0.04476801631708606
  },
  "best_metrics": {
    "accuracy": 0.6418975316983981,
    "accuracy_without_draws": 0.6431837324028397,
    "log_loss": 0.6139964986301538,
    "brier_score": 0.21179002304905817,
    "duration": 0.8541374206542969
  }
}