{
  "best_params": {
    "v_0": 5.973456638422408,
    "beta": 0.9995279753587974,
    "s": 5.056301460992634,
    "epsilon": 0.018577336958578213
  },
  "best_metrics": {
    "accuracy": 0.6457530108509877,
    "accuracy_without_draws": 0.6470741587454377,
    "log_loss": 0.6117199286547145,
    "brier_score": 0.2106342901659377,
    "duration": 0.6066815853118896
  }
}