{
  "best_params": {
    "initial_sigma": 40.91311384693846,
    "beta": 13.071998813425443,
    "kappa": 0.0002813034722331126
  },
  "best_metrics": {
    "accuracy": 0.6406852418617592,
    "accuracy_without_draws": 0.6419604540167649,
    "log_loss": 0.6197126002067632,
    "brier_score": 0.21347096240308452,
    "duration": 1.132451057434082
  }
}