{
  "best_params": {
    "initial_sigma": 37.16296201944162,
    "beta": 34.081389329154014,
    "kappa": 0.00036709220499451026
  },
  "best_metrics": {
    "accuracy": 0.6442227433522795,
    "accuracy_without_draws": 0.6455300204548189,
    "log_loss": 0.6158855018798817,
    "brier_score": 0.2119301391071958,
    "duration": 1.7266845703125
  }
}