{
  "best_params": {
    "temperature": 0.0021751450396781044,
    "prior": 537.3141495775875
  },
  "best_metrics": {
    "accuracy": 0.5783808231569426,
    "accuracy_without_draws": 0.5850983729989852,
    "log_loss": 0.6961514008346568,
    "brier_score": 0.22916703898874266,
    "duration": 0.6965515613555908
  }
}