{
  "best_params": {
    "k": 42.31369247172229
  },
  "best_metrics": {
    "accuracy": 0.6277928539122569,
    "accuracy_without_draws": 0.6387452122958065,
    "log_loss": 0.6398057272030007,
    "brier_score": 0.20461507655534186,
    "duration": 0.2907075881958008
  }
}