{
  "best_params": {
    "dimension": 1,
    "eta_r": 42.279446456753064,
    "eta_c": 0.07636953025138606
  },
  "best_metrics": {
    "accuracy": 0.6279662294587668,
    "accuracy_without_draws": 0.6389334468196549,
    "log_loss": 0.6398035551473279,
    "brier_score": 0.20461399761374496,
    "duration": 1.8430047035217285
  }
}