{
  "best_params": {
    "initial_sigma": 17.57342660270998,
    "beta": 19.619650593830784,
    "tau": 0.7523469302825996
  },
  "best_metrics": {
    "accuracy": 0.6333785617367707,
    "accuracy_without_draws": 0.644809637607621,
    "log_loss": 0.635431407246265,
    "brier_score": 0.2026261832304787,
    "duration": 2.474397897720337
  }
}