{
  "best_params": {
    "initial_sigma": 1.4253654280517314,
    "sigma_reduction_factor": 0.6049254167274425,
    "sigma_lower_bound": 0.7192649892444124,
    "b": 0.610834340074279
  },
  "best_metrics": {
    "accuracy": 0.6314865068596411,
    "accuracy_without_draws": 0.6427554260647527,
    "log_loss": 0.6361971336639332,
    "brier_score": 0.20306193663952968,
    "duration": 0.9331278800964355
  }
}