{
  "best_params": {
    "v_0": 6.527726818554582,
    "beta": 0.9995163114047,
    "s": 5.713865273439791,
    "epsilon": 0.016150692724084655
  },
  "best_metrics": {
    "accuracy": 0.6313508216493291,
    "accuracy_without_draws": 0.6426081120895669,
    "log_loss": 0.634959479170967,
    "brier_score": 0.20271931716342223,
    "duration": 1.1130149364471436
  }
}