{
  "best_params": {
    "v_0": 5.014904078735,
    "beta": 0.9995161800272212,
    "s": 4.205031216861924,
    "epsilon": 0.014482642841897245
  },
  "best_metrics": {
    "accuracy": 0.6294663048394392,
    "accuracy_without_draws": 0.640562084656431,
    "log_loss": 0.6358096749374033,
    "brier_score": 0.20312043575870942,
    "duration": 1.422532320022583
  }
}