{
  "best_params": {
    "initial_sigma": 22.885121839478284,
    "beta": 14.465747110444125,
    "kappa": 0.0006711076985592272
  },
  "best_metrics": {
    "accuracy": 0.6267526006331976,
    "accuracy_without_draws": 0.6376158051527155,
    "log_loss": 0.6403062888640935,
    "brier_score": 0.20507004699592205,
    "duration": 2.2799623012542725
  }
}