{
  "best_params": {
    "initial_sigma": 26.84620954297125,
    "beta": 35.731906974696265,
    "kappa": 0.0009426651477993613
  },
  "best_metrics": {
    "accuracy": 0.627807930046736,
    "accuracy_without_draws": 0.6387615805152715,
    "log_loss": 0.6388576284500055,
    "brier_score": 0.2043181852194453,
    "duration": 2.986351728439331
  }
}