{
  "best_params": {
    "temperature": 4.3544309821906095,
    "prior": 5.971370871695716
  },
  "best_metrics": {
    "accuracy": 0.6026684758028041,
    "accuracy_without_draws": 0.6114675745572397,
    "log_loss": 0.655865459183233,
    "brier_score": 0.21232271102183126,
    "duration": 1.098555564880371
  }
}