{
  "best_params": {
    "k": 50.78336730739305
  },
  "best_metrics": {
    "accuracy": 0.6323935190047452,
    "accuracy_without_draws": 0.6362225300364465,
    "log_loss": 0.6391981643627183,
    "brier_score": 0.21676188425486462,
    "duration": 0.45575904846191406
  }
}