{
  "best_params": {
    "initial_rd": 188.7752986092396,
    "initial_sigma": 0.18032924041188625,
    "tau": 0.5197581848391712
  },
  "best_metrics": {
    "accuracy": 0.6383656205543409,
    "accuracy_without_draws": 0.6423673533543564,
    "log_loss": 0.6318435182921367,
    "brier_score": 0.2136386170517085,
    "duration": 1.7983307838439941
  }
}