{
  "best_params": {
    "temperature": 0.0021751450396781044
  },
  "best_metrics": {
    "accuracy": 0.49955603082005406,
    "accuracy_without_draws": 0.4995431905926734,
    "log_loss": 0.6931475160516628,
    "brier_score": 0.24297304266103326,
    "duration": 1.6993200778961182
  }
}