{
  "best_params": {
    "initial_sigma": 1.2126558057629189,
    "sigma_reduction_factor": 0.5830593299511925,
    "sigma_lower_bound": 0.7100966539353287,
    "b": 0.7071107732666372
  },
  "best_metrics": {
    "accuracy": 0.632636985974393,
    "accuracy_without_draws": 0.6364730384211095,
    "log_loss": 0.6363985017456992,
    "brier_score": 0.2156696472929351,
    "duration": 1.3393738269805908
  }
}