{
  "best_params": {
    "v_0": 1.038781976645871,
    "beta": 0.9836339237513757,
    "s": 1.7285461215670281,
    "epsilon": 0.04129546334270866
  },
  "best_metrics": {
    "accuracy": 0.6334198993669858,
    "accuracy_without_draws": 0.6372785947953199,
    "log_loss": 0.6323247603155707,
    "brier_score": 0.21418094111376532,
    "duration": 1.013274908065796
  }
}