{
  "best_params": {
    "v_0": 1.2393460117129949,
    "beta": 0.986797329932343,
    "s": 2.6823375139191725,
    "epsilon": 0.04715160126861648
  },
  "best_metrics": {
    "accuracy": 0.6342982900025779,
    "accuracy_without_draws": 0.6381823897517511,
    "log_loss": 0.6316008688687709,
    "brier_score": 0.21388578521813228,
    "duration": 0.7384059429168701
  }
}