{
  "best_params": {
    "temperature": 0.004881173296902139,
    "prior": 209.36862814703125
  },
  "best_metrics": {
    "accuracy": 0.5928086540573054,
    "accuracy_without_draws": 0.5954928138477106,
    "log_loss": 0.6849986991006891,
    "brier_score": 0.23879999067386742,
    "duration": 1.4597821235656738
  }
}