{
  "best_params": {
    "initial_sigma": 22.70581551379752,
    "beta": 14.166093009716944,
    "kappa": 0.000861483897535551
  },
  "best_metrics": {
    "accuracy": 0.6292857347451235,
    "accuracy_without_draws": 0.6330248641851601,
    "log_loss": 0.6397467760088996,
    "brier_score": 0.21727271644014987,
    "duration": 2.352600336074829
  }
}