{
  "best_params": {
    "initial_sigma": 21.553112010581852,
    "beta": 28.661279818749485,
    "kappa": 0.000955730078261828
  },
  "best_metrics": {
    "accuracy": 0.6316631180958019,
    "accuracy_without_draws": 0.6354710048824576,
    "log_loss": 0.6377295283023698,
    "brier_score": 0.21623783648064734,
    "duration": 3.417726755142212
  }
}