{
  "best_params": {
    "temperature": 0.00400660037912215,
    "prior": 192.2148809598511
  },
  "best_metrics": {
    "accuracy": 0.6986372377340653,
    "accuracy_without_draws": 0.6986372377340653,
    "log_loss": 0.6311203832792573,
    "brier_score": 0.2179424906198645,
    "duration": 12.314961671829224
  }
}