{
  "best_params": {
    "k": 62.602444342562265
  },
  "best_metrics": {
    "accuracy": 0.7154837618039814,
    "accuracy_without_draws": 0.7154837618039814,
    "log_loss": 0.5338117931526511,
    "brier_score": 0.1793320169692789,
    "duration": 3.267674207687378
  }
}