{
  "best_params": {
    "sigma": 132.06228551000262
  },
  "best_metrics": {
    "accuracy": 0.7159349720142238,
    "accuracy_without_draws": 0.7159349720142238,
    "log_loss": 0.5331043851124204,
    "brier_score": 0.17939252531855543,
    "duration": 2.138888359069824
  }
}