{
  "best_params": {
    "initial_rd": 271.194999542343,
    "initial_sigma": 0.28855135287301015,
    "tau": 0.9038397846295829
  },
  "best_metrics": {
    "accuracy": 0.7250169203828841,
    "accuracy_without_draws": 0.7250169203828841,
    "log_loss": 0.5246377621608344,
    "brier_score": 0.17567765386553724,
    "duration": 17.050286769866943
  }
}