{
  "best_params": {
    "initial_sigma": 4.184114816547302,
    "beta": 5.147860788471235,
    "tau": 0.8303933467320773
  },
  "best_metrics": {
    "accuracy": 0.719392907405219,
    "accuracy_without_draws": 0.719392907405219,
    "log_loss": 0.5299778758497548,
    "brier_score": 0.17780281101059509,
    "duration": 10.054530143737793
  }
}