{
  "best_params": {
    "initial_sigma": 4.799879758090398,
    "sigma_reduction_factor": 0.10704541300021869,
    "sigma_lower_bound": 0.31182090505645965,
    "b": 0.13329979908389117
  },
  "best_metrics": {
    "accuracy": 0.7142389050632232,
    "accuracy_without_draws": 0.7142389050632232,
    "log_loss": 0.5332715737802178,
    "brier_score": 0.1797861886722751,
    "duration": 5.956922292709351
  }
}