{
  "best_params": {
    "v_0": 1.6120790098586995,
    "beta": 0.9947986451309826,
    "s": 2.788001254378883,
    "epsilon": 0.06280993825170765
  },
  "best_metrics": {
    "accuracy": 0.7174484062610789,
    "accuracy_without_draws": 0.7174484062610789,
    "log_loss": 0.5314211856979729,
    "brier_score": 0.17907951678169293,
    "duration": 3.3327274322509766
  }
}