{
  "best_params": {
    "v_0": 0.7643911327431488,
    "beta": 0.9892317290639532,
    "s": 1.3369899396508167,
    "epsilon": 0.04330756371888409
  },
  "best_metrics": {
    "accuracy": 0.7154206460900486,
    "accuracy_without_draws": 0.7154206460900486,
    "log_loss": 0.5343723792644903,
    "brier_score": 0.17989395155203666,
    "duration": 3.864091396331787
  }
}