{
  "best_params": {
    "initial_sigma": 69.29659205455044,
    "beta": 28.92619592248996,
    "kappa": 0.0006774029701269525
  },
  "best_metrics": {
    "accuracy": 0.7072800618802574,
    "accuracy_without_draws": 0.7072800618802574,
    "log_loss": 0.541285924684051,
    "brier_score": 0.18312154113501003,
    "duration": 12.256010055541992
  }
}