{
  "best_params": {
    "initial_sigma": 14.942004430953546,
    "beta": 15.799471624086673,
    "kappa": 7.481748275533522e-05
  },
  "best_metrics": {
    "accuracy": 0.7143543933908447,
    "accuracy_without_draws": 0.7143543933908447,
    "log_loss": 0.5352852791738218,
    "brier_score": 0.18023358076204124,
    "duration": 15.838088035583496
  }
}