{
  "best_params": {
    "temperature": 6.141958580155138,
    "prior": 3.973160764102398
  },
  "best_metrics": {
    "accuracy": 0.7131162510877389,
    "accuracy_without_draws": 0.7131162510877389,
    "log_loss": 0.5517472224862767,
    "brier_score": 0.18626239042938847,
    "duration": 6.796891689300537
  }
}