{
  "best_params": {
    "temperature": 0.005007251532784665,
    "prior": 207.94315370325182
  },
  "best_metrics": {
    "accuracy": 0.6526718817725856,
    "accuracy_without_draws": 0.6526718817725856,
    "log_loss": 0.657459177348607,
    "brier_score": 0.23241954989045688,
    "duration": 8.116019487380981
  }
}