{
  "best_params": {
    "k": 57.305649857603605
  },
  "best_metrics": {
    "accuracy": 0.6579784928481496,
    "accuracy_without_draws": 0.6579784928481496,
    "log_loss": 0.6015345388392427,
    "brier_score": 0.20735096608788972,
    "duration": 0.486926794052124
  }
}