{
  "best_params": {
    "initial_sigma": 5.011468933774465,
    "beta": 4.705249897334934,
    "tau": 0.7634275218844
  },
  "best_metrics": {
    "accuracy": 0.6644265103510908,
    "accuracy_without_draws": 0.6644265103510908,
    "log_loss": 0.5958080699130925,
    "brier_score": 0.20516152112592753,
    "duration": 3.3110475540161133
  }
}