{
  "best_params": {
    "v_0": 1.3161050332452504,
    "beta": 0.9921574716600274,
    "s": 2.3613748546929623,
    "epsilon": 0.04934954029831343
  },
  "best_metrics": {
    "accuracy": 0.6626246155751409,
    "accuracy_without_draws": 0.6626246155751409,
    "log_loss": 0.5967182189330276,
    "brier_score": 0.20593020539703233,
    "duration": 0.9579014778137207
  }
}