{
  "best_params": {
    "v_0": 0.9128702451009185,
    "beta": 0.9863937872821972,
    "s": 1.3290329635587508,
    "epsilon": 0.03650119754493912
  },
  "best_metrics": {
    "accuracy": 0.6612210778344239,
    "accuracy_without_draws": 0.6612210778344239,
    "log_loss": 0.5981431514032274,
    "brier_score": 0.20647041657891396,
    "duration": 1.1422240734100342
  }
}