{
  "best_params": {
    "temperature": 0.005007251532784665,
    "prior": 207.94315370325182
  },
  "best_metrics": {
    "accuracy": 0.6594728477367954,
    "accuracy_without_draws": 0.6594728477367954,
    "log_loss": 0.6633939748889056,
    "brier_score": 0.2354238622851319,
    "duration": 8.100341558456421
  }
}