{
  "best_params": {
    "initial_sigma": 53.43907243783982,
    "beta": 21.216819609419918,
    "kappa": 0.0007459544699999393
  },
  "best_metrics": {
    "accuracy": 0.6623583562096225,
    "accuracy_without_draws": 0.6623583562096225,
    "log_loss": 0.5958519530980306,
    "brier_score": 0.20540521503155218,
    "duration": 3.7255043983459473
  }
}