{
  "best_params": {
    "initial_sigma": 36.8151140356962,
    "beta": 42.49949869732671,
    "kappa": 0.0006497636982486641
  },
  "best_metrics": {
    "accuracy": 0.6640013209766972,
    "accuracy_without_draws": 0.6640013209766972,
    "log_loss": 0.5962386353411777,
    "brier_score": 0.20516154666126815,
    "duration": 4.178105115890503
  }
}