{
  "best_params": {
    "temperature": 5.873376777772413,
    "prior": 5.97790896064111
  },
  "best_metrics": {
    "accuracy": 0.6548556213750542,
    "accuracy_without_draws": 0.6548556213750542,
    "log_loss": 0.6078036010702843,
    "brier_score": 0.2103287838937278,
    "duration": 8.748534440994263
  }
}