{
  "best_params": {
    "v_0": 2.29240039100366,
    "beta": 0.996182230479345,
    "s": 2.993680818331022,
    "epsilon": 0.04555715453346434
  },
  "best_metrics": {
    "accuracy": 0.6268555496948233,
    "log_loss": 0.6394190493505606,
    "brier_score": 0.2233554768196861,
    "duration": 0.16534090042114258
  }
}