{
  "best_params": {
    "k": 48.45640393231229
  },
  "best_metrics": {
    "accuracy": 0.6210935008610243,
    "log_loss": 0.6402299034063124,
    "brier_score": 0.22397545086726903,
    "duration": 0.49176931381225586
  }
}