{
  "best_params": {
    "k": 187.01448482248122,
    "kappa": 1.4776714965690423,
    "sigma": 588.2848945686831
  },
  "best_metrics": {
    "accuracy": 0.6227318387652274,
    "log_loss": 0.6398507883455344,
    "brier_score": 0.22366128695111528,
    "duration": 0.9353630542755127
  }
}