{
  "best_params": {
    "b": 0.01410347376575378,
    "sigma": 46.50156258386148,
    "use_approx": true
  },
  "best_metrics": {
    "accuracy": 0.6227597423305058,
    "log_loss": 0.6387673220961932,
    "brier_score": 0.2234119919018195,
    "duration": 0.6757581233978271
  }
}