{
  "best_params": {
    "initial_rating_dev": 195.40788142594155,
    "c": 18.586536091410338
  },
  "best_metrics": {
    "accuracy": 0.6301342560112252,
    "log_loss": 0.6326161604055568,
    "brier_score": 0.2207658299896906,
    "duration": 3.6719770431518555
  }
}