{
  "best_params": {
    "initial_rd": 195.40788142594155,
    "initial_sigma": 0.11635565994897229,
    "tau": 1.0090721153249045
  },
  "best_metrics": {
    "accuracy": 0.6300943937751132,
    "log_loss": 0.6326387253791728,
    "brier_score": 0.2207466113500523,
    "duration": 3.38018536567688
  }
}