{
  "best_params": {
    "dimension": 20,
    "eta_r": 48.38059498752403,
    "eta_c": 0.14883216065749846
  },
  "best_metrics": {
    "accuracy": 0.6212130875693603,
    "log_loss": 0.6402235243302709,
    "brier_score": 0.22397390943587653,
    "duration": 3.581834554672241
  }
}