{
  "best_params": {
    "initial_sigma": 7.063371220973203,
    "beta": 8.013730422820437,
    "tau": 0.6877742643297916
  },
  "best_metrics": {
    "accuracy": 0.6274236239556095,
    "log_loss": 0.6338215678158088,
    "brier_score": 0.22130300360406613,
    "duration": 3.3400113582611084
  }
}