{
  "best_params": {
    "initial_sigma": 1.8266873312394365,
    "sigma_reduction_factor": 0.35262645702340684,
    "sigma_lower_bound": 0.44038309985542734,
    "b": 0.4340964001211022
  },
  "best_metrics": {
    "accuracy": 0.6244538873652656,
    "log_loss": 0.63630526043286,
    "brier_score": 0.22241606894864902,
    "duration": 1.7987122535705566
  }
}