{
  "best_params": {
    "v_0": 9.782874481263056,
    "beta": 0.996014453832502,
    "s": 6.464514014977,
    "epsilon": 0.08447305782187306
  },
  "best_metrics": {
    "accuracy": 0.6263114675680846,
    "log_loss": 0.6344519110375525,
    "brier_score": 0.22170894174669764,
    "duration": 0.9981629848480225
  }
}