{
  "best_params": {
    "v_0": 7.49150944643998,
    "beta": 0.9940330010526633,
    "s": 4.753629417215739,
    "epsilon": 0.09657128894400303
  },
  "best_metrics": {
    "accuracy": 0.6235689457235793,
    "log_loss": 0.6353744873611357,
    "brier_score": 0.22219909930729315,
    "duration": 1.1367197036743164
  }
}