{
  "best_params": {
    "initial_sigma": 2.1410904225489147,
    "beta": 1.3392725461925339,
    "kappa": 0.0009121645287315866
  },
  "best_metrics": {
    "accuracy": 0.6253507876777856,
    "log_loss": 0.6348361079617952,
    "brier_score": 0.22185980503031547,
    "duration": 4.737482786178589
  }
}