{
  "best_params": {
    "initial_sigma": 1.9379868362771493,
    "beta": 2.791185043830569,
    "kappa": 0.0004546798452985542
  },
  "best_metrics": {
    "accuracy": 0.6255660437527903,
    "log_loss": 0.6355082235037098,
    "brier_score": 0.2219764783777901,
    "duration": 4.932573318481445
  }
}