{
  "best_params": {
    "k": 59.30233794991402
  },
  "best_metrics": {
    "accuracy": 0.6296866579413349,
    "log_loss": 0.630485514452984,
    "brier_score": 0.22027630165148845,
    "duration": 0.040770530700683594
  }
}