{
  "best_params": {
    "k": 187.01448482248122,
    "kappa": 1.4776714965690423,
    "sigma": 588.2848945686831
  },
  "best_metrics": {
    "accuracy": 0.6296866579413349,
    "log_loss": 0.6295964111262838,
    "brier_score": 0.21993381964713538,
    "duration": 0.05823516845703125
  }
}