{
  "best_params": {
    "b": 0.010095562145042937,
    "sigma": 73.57770104328657,
    "use_approx": true
  },
  "best_metrics": {
    "accuracy": 0.6294556932789284,
    "log_loss": 0.629419152463977,
    "brier_score": 0.21989483112507804,
    "duration": 0.09099054336547852
  }
}