{
  "best_params": {
    "initial_rating_dev": 238.33578690380995,
    "c": 11.1946160666585
  },
  "best_metrics": {
    "accuracy": 0.6369620448071445,
    "log_loss": 0.6221735047439922,
    "brier_score": 0.21684729458931895,
    "duration": 0.2641746997833252
  }
}