{
  "best_params": {
    "initial_rd": 238.33578690380995,
    "initial_sigma": 0.07244326376232774,
    "tau": 0.8218954825878307
  },
  "best_metrics": {
    "accuracy": 0.6369620448071445,
    "log_loss": 0.6223008930497425,
    "brier_score": 0.21684910988048164,
    "duration": 0.40770816802978516
  }
}