{
  "best_params": {
    "dimension": 20,
    "eta_r": 59.9333227279653,
    "eta_c": 0.30269666870966055
  },
  "best_metrics": {
    "accuracy": 0.629340210947725,
    "log_loss": 0.6304835896093817,
    "brier_score": 0.22025814970029403,
    "duration": 0.342242956161499
  }
}