{
  "best_params": {
    "initial_sigma": 15.1735509384664,
    "beta": 14.452844346179694,
    "tau": 0.7497538286543098
  },
  "best_metrics": {
    "accuracy": 0.6333435984294403,
    "log_loss": 0.6235036764752296,
    "brier_score": 0.21740772795937963,
    "duration": 0.3361074924468994
  }
}