{
  "best_params": {
    "initial_sigma": 8.211031062843299,
    "sigma_reduction_factor": 0.6168013038306923,
    "sigma_lower_bound": 2.2233297963088017,
    "b": 0.11641313071968125
  },
  "best_metrics": {
    "accuracy": 0.6305720224805604,
    "log_loss": 0.6262180901087245,
    "brier_score": 0.21881394350029162,
    "duration": 0.1423187255859375
  }
}