{
  "best_params": {
    "v_0": 9.782874481263056,
    "beta": 0.996014453832502,
    "s": 6.464514014977,
    "epsilon": 0.08447305782187306
  },
  "best_metrics": {
    "accuracy": 0.6307259989221649,
    "log_loss": 0.6254992727539676,
    "brier_score": 0.21858711866385552,
    "duration": 0.09534907341003418
  }
}