{
  "best_params": {
    "v_0": 6.2399362637971905,
    "beta": 0.9978318206890862,
    "s": 3.4779367244066948,
    "epsilon": 0.041767051370434044
  },
  "best_metrics": {
    "accuracy": 0.630418046038956,
    "log_loss": 0.6262598102021086,
    "brier_score": 0.2185702373751908,
    "duration": 0.1271965503692627
  }
}