{
  "best_params": {
    "initial_sigma": 7.542236164642635,
    "beta": 2.3970018009939698,
    "kappa": 0.0007364313879312176
  },
  "best_metrics": {
    "accuracy": 0.6324197397798137,
    "log_loss": 0.6255757926844988,
    "brier_score": 0.2184115506468754,
    "duration": 0.327373743057251
  }
}