{
  "best_params": {
    "initial_sigma": 4.184114816547302,
    "beta": 5.147860788471235,
    "kappa": 0.0009968707643842466
  },
  "best_metrics": {
    "accuracy": 0.632496728000616,
    "log_loss": 0.625670051246836,
    "brier_score": 0.21829397350063479,
    "duration": 0.6668784618377686
  }
}