{
  "best_params": {
    "temperature": 0.00400660037912215,
    "prior": 192.2148809598511
  },
  "best_metrics": {
    "accuracy": 0.5931140558447705,
    "accuracy_without_draws": 0.5931360946745562,
    "log_loss": 0.6786792993777903,
    "brier_score": 0.24280178997122226,
    "duration": 0.006392478942871094
  }
}