{
  "best_params": {
    "k": 39.61065822339077
  },
  "best_metrics": {
    "accuracy": 0.6109796497870327,
    "accuracy_without_draws": 0.6110059171597633,
    "log_loss": 0.642351002167033,
    "brier_score": 0.22600682103819755,
    "duration": 0.020647048950195312
  }
}