{
  "best_params": {
    "initial_rd": 99.63235747508317,
    "initial_sigma": 0.19276266790140417,
    "tau": 1.1989421425924232
  },
  "best_metrics": {
    "accuracy": 0.6114529105537151,
    "accuracy_without_draws": 0.6114792899408285,
    "log_loss": 0.6419167111227158,
    "brier_score": 0.22584369756042058,
    "duration": 0.16581177711486816
  }
}