{
  "best_params": {
    "dimension": 1,
    "eta_r": 38.178059907919085,
    "eta_c": 0.35471401714707007
  },
  "best_metrics": {
    "accuracy": 0.6118078561287269,
    "accuracy_without_draws": 0.6118343195266273,
    "log_loss": 0.6420112613547491,
    "brier_score": 0.22582505117559573,
    "duration": 0.10535073280334473
  }
}