{
  "best_params": {
    "initial_sigma": 6.724273608542054,
    "beta": 12.887933060680872,
    "tau": 0.7734139053529127
  },
  "best_metrics": {
    "accuracy": 0.6107430194036915,
    "accuracy_without_draws": 0.6107692307692307,
    "log_loss": 0.6454703344198623,
    "brier_score": 0.22741409622980657,
    "duration": 0.12352561950683594
  }
}