{
  "best_params": {
    "v_0": 0.9274556624883321,
    "beta": 0.9976057444737653,
    "s": 4.319519642501123,
    "epsilon": 0.06947830284376522
  },
  "best_metrics": {
    "accuracy": 0.615712257453857,
    "accuracy_without_draws": 0.6157396449704142,
    "log_loss": 0.6441627317123881,
    "brier_score": 0.22682597394376816,
    "duration": 0.0726778507232666
  }
}