{
  "best_params": {
    "v_0": 1.49210231128286,
    "beta": 0.9948915132016702,
    "s": 3.028297353003043,
    "epsilon": 0.04439170649183649
  },
  "best_metrics": {
    "accuracy": 0.608140085186938,
    "accuracy_without_draws": 0.6081656804733728,
    "log_loss": 0.6450164056052292,
    "brier_score": 0.22729656850984187,
    "duration": 0.04794049263000488
  }
}