{
  "best_params": {
    "temperature": 0.028382263201310803,
    "prior": 42.51692868671344
  },
  "best_metrics": {
    "accuracy": 0.6025792711784194,
    "accuracy_without_draws": 0.602603550295858,
    "log_loss": 0.6797020235833108,
    "brier_score": 0.23969083442033995,
    "duration": 0.006548881530761719
  }
}