{
  "best_params": {
    "initial_sigma": 37.16296201944162,
    "beta": 34.081389329154014,
    "kappa": 0.00036709220499451026
  },
  "best_metrics": {
    "accuracy": 0.614529105537151,
    "accuracy_without_draws": 0.6145562130177514,
    "log_loss": 0.6438651615860052,
    "brier_score": 0.2266239900156722,
    "duration": 0.24722528457641602
  }
}