{
  "best_params": {
    "initial_sigma": 10.314862967984851,
    "beta": 19.153436512434567,
    "kappa": 0.0008910971206012965
  },
  "best_metrics": {
    "accuracy": 0.6140558447704685,
    "accuracy_without_draws": 0.6140828402366864,
    "log_loss": 0.6428420834543505,
    "brier_score": 0.22620847132260138,
    "duration": 0.156036376953125
  }
}