{
  "best_params": {
    "temperature": 6.113775504067737,
    "prior": 15.75523491453068
  },
  "best_metrics": {
    "accuracy": 0.5998580217699953,
    "accuracy_without_draws": 0.5998816568047337,
    "log_loss": 0.6535963601806446,
    "brier_score": 0.23121307769424085,
    "duration": 0.006098508834838867
  }
}