{
  "best_params": {
    "k": 43.36467603350793
  },
  "best_metrics": {
    "accuracy": 0.6207781390224897,
    "log_loss": 0.6411653761694608,
    "brier_score": 0.22473517130929074,
    "duration": 0.1291038990020752
  }
}