{
  "best_params": {
    "sigma": 104.44430425964967
  },
  "best_metrics": {
    "accuracy": 0.6208587473466427,
    "log_loss": 0.6401961396894029,
    "brier_score": 0.22435082605044263,
    "duration": 0.1987769603729248
  }
}