{
  "best_params": {
    "initial_rd": 202.18847516188563,
    "initial_sigma": 0.04258953566905132,
    "tau": 0.7525446169908555
  },
  "best_metrics": {
    "accuracy": 0.6299137490931563,
    "log_loss": 0.6333325802908334,
    "brier_score": 0.2212319320744205,
    "duration": 1.9524354934692383
  }
}