{
  "best_params": {
    "dimension": 5,
    "eta_r": 43.2329879065497,
    "eta_c": 0.15796823523130574
  },
  "best_metrics": {
    "accuracy": 0.6198108391326544,
    "log_loss": 0.6411933903667814,
    "brier_score": 0.22474386561872123,
    "duration": 1.293797492980957
  }
}