{
  "best_params": {
    "initial_sigma": 17.303354775403808,
    "beta": 18.906948674709508,
    "tau": 0.7385967009716192
  },
  "best_metrics": {
    "accuracy": 0.6282478437273289,
    "log_loss": 0.6350521790370431,
    "brier_score": 0.2219429713791573,
    "duration": 1.6806752681732178
  }
}