{
  "best_params": {
    "initial_sigma": 8.211031062843299,
    "sigma_reduction_factor": 0.6168013038306923,
    "sigma_lower_bound": 2.2233297963088017,
    "b": 0.11641313071968125
  },
  "best_metrics": {
    "accuracy": 0.6276298465754897,
    "log_loss": 0.63578567922147,
    "brier_score": 0.22231883530438698,
    "duration": 0.7904071807861328
  }
}