{
  "best_params": {
    "v_0": 8.89091677361327,
    "beta": 0.9994505193180354,
    "s": 4.706870013106088,
    "epsilon": 0.012518783194800407
  },
  "best_metrics": {
    "accuracy": 0.6251981621302093,
    "log_loss": 0.6376538075143702,
    "brier_score": 0.22324263303718792,
    "duration": 0.5831518173217773
  }
}