{
  "best_params": {
    "initial_sigma": 20.77074888292695,
    "beta": 28.700182683198065,
    "kappa": 0.0005683670434772899
  },
  "best_metrics": {
    "accuracy": 0.6256683773544348,
    "log_loss": 0.6362590488622623,
    "brier_score": 0.22234223256166166,
    "duration": 1.6514263153076172
  }
}