{
  "best_params": {
    "k": 59.490641550535685
  },
  "best_metrics": {
    "accuracy": 0.6208027551145915,
    "log_loss": 0.641853115353189,
    "brier_score": 0.2172835645538412,
    "duration": 0.18637943267822266
  }
}