{
  "best_params": {
    "initial_rd": 202.66325425491215,
    "initial_sigma": 0.11810016030867854,
    "tau": 0.5199279607893036
  },
  "best_metrics": {
    "accuracy": 0.6284900168094789,
    "log_loss": 0.6349672666616997,
    "brier_score": 0.21436921055504668,
    "duration": 1.891233205795288
  }
}