{
  "best_params": {
    "dimension": 5,
    "eta_r": 59.95671295475239,
    "eta_c": 0.15361771686718667
  },
  "best_metrics": {
    "accuracy": 0.6206387601984339,
    "log_loss": 0.6419295440943582,
    "brier_score": 0.2173074874219306,
    "duration": 2.2888805866241455
  }
}