{
  "best_params": {
    "v_0": 3.7626668337954885,
    "beta": 1.0000044253463756,
    "s": 3.655522952702227,
    "epsilon": 0.0526504265221193
  },
  "best_metrics": {
    "accuracy": 0.6248308802427125,
    "log_loss": 0.6380407420331521,
    "brier_score": 0.2157025034488747,
    "duration": 0.6220071315765381
  }
}