{
  "best_params": {
    "v_0": 9.782874481263056,
    "beta": 0.996014453832502,
    "s": 6.464514014977,
    "epsilon": 0.08447305782187306
  },
  "best_metrics": {
    "accuracy": 0.6243593948587594,
    "log_loss": 0.6376112588906759,
    "brier_score": 0.21569636531605016,
    "duration": 0.5065414905548096
  }
}