{
  "best_params": {
    "initial_sigma": 69.88691786169564,
    "beta": 34.84036532877624,
    "kappa": 0.0007191640806584034
  },
  "best_metrics": {
    "accuracy": 0.6228424418843016,
    "log_loss": 0.6396546189685863,
    "brier_score": 0.2164265513984314,
    "duration": 2.078917980194092
  }
}