{
  "best_params": {
    "temperature": 0.005007251532784665,
    "prior": 207.94315370325182
  },
  "best_metrics": {
    "accuracy": 0.627911975710025,
    "accuracy_without_draws": 0.627911975710025,
    "log_loss": 0.6688442665273843,
    "brier_score": 0.23803159513619734,
    "duration": 0.11353540420532227
  }
}