{
  "best_params": {
    "initial_rd": 211.63232949800744,
    "initial_sigma": 0.05242000021182501,
    "tau": 0.8191464522494858
  },
  "best_metrics": {
    "accuracy": 0.6305048768036112,
    "accuracy_without_draws": 0.6305048768036112,
    "log_loss": 0.6331380721981757,
    "brier_score": 0.2209989365203163,
    "duration": 0.6582973003387451
  }
}