{
  "best_params": {
    "dimension": 10,
    "eta_r": 43.430989629007755,
    "eta_c": 0.022070597080961384
  },
  "best_metrics": {
    "accuracy": 0.6211811806432544,
    "accuracy_without_draws": 0.6211811806432544,
    "log_loss": 0.6411522301833391,
    "brier_score": 0.22472506564679712,
    "duration": 0.5386135578155518
  }
}