{
  "best_params": {
    "initial_sigma": 13.606132673581296,
    "beta": 23.340696415238085,
    "tau": 0.5608372394956592
  },
  "best_metrics": {
    "accuracy": 0.6261672024317173,
    "accuracy_without_draws": 0.6261672024317173,
    "log_loss": 0.6340907632209477,
    "brier_score": 0.22157543173903657,
    "duration": 1.1726946830749512
  }
}