{
  "best_params": {
    "initial_sigma": 15.548448049071723,
    "beta": 26.7411449582026,
    "tau": 0.28420187237885675
  },
  "best_metrics": {
    "accuracy": 0.6262765422379671,
    "accuracy_without_draws": 0.6262765422379671,
    "log_loss": 0.633679649483816,
    "brier_score": 0.22154335318475069,
    "duration": 1.1152048110961914
  }
}