{
  "best_params": {
    "initial_sigma": 11.849646588416084,
    "beta": 19.450953871412285,
    "tau": 0.5431670438125339
  },
  "best_metrics": {
    "accuracy": 0.6259703907804676,
    "accuracy_without_draws": 0.6259703907804676,
    "log_loss": 0.6347302656757436,
    "brier_score": 0.22167712267297762,
    "duration": 1.0845348834991455
  }
}