{
  "best_params": {
    "v_0": 5.014904078735,
    "beta": 0.9995161800272212,
    "s": 4.205031216861924,
    "epsilon": 0.014482642841897245
  },
  "best_metrics": {
    "accuracy": 0.6242039927989897,
    "accuracy_without_draws": 0.6242039927989897,
    "log_loss": 0.6370400463283193,
    "brier_score": 0.22306672681511594,
    "duration": 0.23595309257507324
  }
}