{
  "best_params": {
    "temperature": 0.005007251532784665,
    "prior": 207.94315370325182
  },
  "best_metrics": {
    "accuracy": 0.6323991724212054,
    "accuracy_without_draws": 0.6323991724212054,
    "log_loss": 0.6734565414306721,
    "brier_score": 0.24030071838838896,
    "duration": 0.11269116401672363
  }
}