{
  "best_params": {
    "initial_sigma": 31.7908274533386,
    "beta": 15.29152480443664,
    "kappa": 0.00032956949963790043
  },
  "best_metrics": {
    "accuracy": 0.6265550689201171,
    "accuracy_without_draws": 0.6265550689201171,
    "log_loss": 0.6349858695872383,
    "brier_score": 0.2220105036000553,
    "duration": 0.6006207466125488
  }
}