{
  "best_params": {
    "initial_sigma": 18.89807515705042,
    "beta": 25.938029850031175,
    "kappa": 0.0005087750403046394
  },
  "best_metrics": {
    "accuracy": 0.625856463444125,
    "log_loss": 0.6362581530897835,
    "brier_score": 0.22232601417248155,
    "duration": 1.1008007526397705
  }
}