{
  "best_params": {
    "temperature": 0.00400660037912215,
    "prior": 192.2148809598511
  },
  "best_metrics": {
    "accuracy": 0.5776684986982933,
    "accuracy_without_draws": 0.582427703076073,
    "log_loss": 0.6852123620023137,
    "brier_score": 0.23161538652432234,
    "duration": 0.04290151596069336
  }
}