{
  "best_params": {
    "k": 25.479357130728285
  },
  "best_metrics": {
    "accuracy": 0.5749204512583165,
    "accuracy_without_draws": 0.5795112666543869,
    "log_loss": 0.6734677354669185,
    "brier_score": 0.22585452395019523,
    "duration": 0.06269478797912598
  }
}