{
  "best_params": {
    "dimension": 1,
    "eta_r": 25.61813885056768,
    "eta_c": 0.20853041427178678
  },
  "best_metrics": {
    "accuracy": 0.5731269887185421,
    "accuracy_without_draws": 0.5776079081476024,
    "log_loss": 0.6735142085867425,
    "brier_score": 0.2258732575563921,
    "duration": 0.4572296142578125
  }
}