{
  "best_params": {
    "initial_sigma": 3.6039991303023013,
    "beta": 7.998575795139762,
    "tau": 0.2900109490922755
  },
  "best_metrics": {
    "accuracy": 0.5758461093433613,
    "accuracy_without_draws": 0.5804936452385338,
    "log_loss": 0.6734230778988818,
    "brier_score": 0.2258275194522332,
    "duration": 0.48168301582336426
  }
}