{
  "best_params": {
    "initial_sigma": 0.34407032237330987,
    "sigma_reduction_factor": 0.8885643446417193,
    "sigma_lower_bound": 7.069650520288252,
    "b": 0.05964916174492037
  },
  "best_metrics": {
    "accuracy": 0.5719120624819207,
    "accuracy_without_draws": 0.5763185362559097,
    "log_loss": 0.6741689570855498,
    "brier_score": 0.2261565673956114,
    "duration": 0.2247772216796875
  }
}