{
  "best_params": {
    "v_0": 2.9869620294930934,
    "beta": 0.9932479493058786,
    "s": 4.624261010066516,
    "epsilon": 0.03951298182636723
  },
  "best_metrics": {
    "accuracy": 0.5768874746890368,
    "accuracy_without_draws": 0.581598821145699,
    "log_loss": 0.6718996567806454,
    "brier_score": 0.22517574853455014,
    "duration": 0.21229767799377441
  }
}