{
  "best_params": {
    "v_0": 6.719949107568716,
    "beta": 0.9929417000622857,
    "s": 9.948591846044094,
    "epsilon": 0.04764785370588971
  },
  "best_metrics": {
    "accuracy": 0.5758461093433613,
    "accuracy_without_draws": 0.5804936452385338,
    "log_loss": 0.67204861741745,
    "brier_score": 0.2252716774471582,
    "duration": 0.08013057708740234
  }
}