{
  "best_params": {
    "initial_sigma": 20.77074888292695,
    "beta": 28.700182683198065,
    "kappa": 0.0005683670434772899
  },
  "best_metrics": {
    "accuracy": 0.5743997685854787,
    "accuracy_without_draws": 0.5789586787008043,
    "log_loss": 0.6732148787941183,
    "brier_score": 0.22575710528726567,
    "duration": 0.5003125667572021
  }
}