{
  "best_params": {
    "initial_sigma": 10.343433208432282,
    "beta": 26.529593289509823,
    "kappa": 0.0003584201655111249
  },
  "best_metrics": {
    "accuracy": 0.5735319641307492,
    "accuracy_without_draws": 0.5780376987781667,
    "log_loss": 0.6733103459226819,
    "brier_score": 0.2257798820750002,
    "duration": 0.5817725658416748
  }
}