{
  "best_params": {
    "initial_rd": 266.9534170773903,
    "initial_sigma": 0.19957639979816927,
    "tau": 1.1214989869003227
  },
  "best_metrics": {
    "accuracy": 0.736754008223244,
    "log_loss": 0.5083361849339952,
    "brier_score": 0.1699776230597264,
    "duration": 15.199692726135254
  }
}