{
  "best_params": {
    "k": 38.87600924324852
  },
  "best_metrics": {
    "accuracy": 0.6109796497870327,
    "accuracy_without_draws": 0.6110059171597633,
    "log_loss": 0.6416772487111793,
    "brier_score": 0.225754291494488,
    "duration": 0.016735315322875977
  }
}