{
  "best_params": {
    "dimension": 1,
    "eta_r": 38.178059907919085,
    "eta_c": 0.35471401714707007
  },
  "best_metrics": {
    "accuracy": 0.6121628017037387,
    "accuracy_without_draws": 0.6121893491124261,
    "log_loss": 0.64123534766779,
    "brier_score": 0.22552417365035637,
    "duration": 0.12347531318664551
  }
}