{
  "best_params": {
    "initial_sigma": 1.0592172269866564,
    "beta": 2.1306133099075044,
    "tau": 0.06402139575113074
  },
  "best_metrics": {
    "accuracy": 0.6107430194036915,
    "accuracy_without_draws": 0.6107692307692307,
    "log_loss": 0.642707341649508,
    "brier_score": 0.22614658127336426,
    "duration": 0.19813323020935059
  }
}