{
  "best_params": {
    "initial_sigma": 0.30532168530348375,
    "sigma_reduction_factor": 0.2746542148260101,
    "sigma_lower_bound": 1.1728296629876327,
    "b": 0.4319157424158428
  },
  "best_metrics": {
    "accuracy": 0.6095598674869853,
    "accuracy_without_draws": 0.609585798816568,
    "log_loss": 0.6422513945941407,
    "brier_score": 0.2260262788767413,
    "duration": 0.0367128849029541
  }
}