{
  "best_params": {
    "v_0": 7.775441461272931,
    "beta": 0.9996186175579751,
    "s": 6.870585220427713,
    "epsilon": 0.02071699648504712
  },
  "best_metrics": {
    "accuracy": 0.6096781826786559,
    "accuracy_without_draws": 0.6097041420118343,
    "log_loss": 0.6437232554605073,
    "brier_score": 0.2267358202502338,
    "duration": 0.1347944736480713
  }
}