{
  "best_params": {
    "v_0": 5.198331223509244,
    "beta": 0.9993428219581569,
    "s": 8.893921289708457,
    "epsilon": 0.035095362661386256
  },
  "best_metrics": {
    "accuracy": 0.612991008045433,
    "accuracy_without_draws": 0.6130177514792899,
    "log_loss": 0.6445544825213714,
    "brier_score": 0.22710179672345787,
    "duration": 0.07218074798583984
  }
}