{
  "best_params": {
    "initial_sigma": 12.485674830697334,
    "beta": 11.505472592379991,
    "kappa": 0.0004602413876985273
  },
  "best_metrics": {
    "accuracy": 0.6152389966871746,
    "accuracy_without_draws": 0.6152662721893492,
    "log_loss": 0.6432572218735689,
    "brier_score": 0.22637829213565794,
    "duration": 0.16118836402893066
  }
}