{
  "best_params": {
    "initial_sigma": 10.647533314161734,
    "beta": 19.94896554729495,
    "kappa": 0.0007394556452944488
  },
  "best_metrics": {
    "accuracy": 0.6150023663038334,
    "accuracy_without_draws": 0.6150295857988166,
    "log_loss": 0.6421534308251425,
    "brier_score": 0.2259372663635629,
    "duration": 0.2303483486175537
  }
}