{
  "best_params": {
    "initial_rd": 165.63973461285076,
    "initial_sigma": 0.1026683948410306,
    "tau": 0.19250080890168425
  },
  "best_metrics": {
    "accuracy": 0.6266998341625207,
    "log_loss": 0.6405028956889326,
    "brier_score": 0.20500745753588812,
    "duration": 1.9065241813659668
  }
}