{
  "best_params": {
    "dimension": 1,
    "eta_r": 34.17370258640045,
    "eta_c": 0.0860699108862898
  },
  "best_metrics": {
    "accuracy": 0.6208427559173828,
    "log_loss": 0.6459875095211643,
    "brier_score": 0.20741520159447713,
    "duration": 1.4635820388793945
  }
}