{
  "best_params": {
    "k": 45.99794775464126
  },
  "best_metrics": {
    "accuracy": 0.7094238115048599,
    "accuracy_without_draws": 0.71055458382448,
    "log_loss": 0.5450346657929861,
    "brier_score": 0.18351553557015524,
    "duration": 0.21376395225524902
  }
}