{
  "best_params": {
    "initial_sigma": 3.555754941679482,
    "beta": 5.014846780000557,
    "tau": 0.9904624466156944
  },
  "best_metrics": {
    "accuracy": 0.7145247910442116,
    "accuracy_without_draws": 0.7156831058215142,
    "log_loss": 0.5397432671523192,
    "brier_score": 0.1813070188758018,
    "duration": 1.5300641059875488
  }
}