{
  "best_params": {
    "v_0": 1.827817313049395,
    "beta": 0.9990872301731868,
    "s": 2.97411675008669,
    "epsilon": 0.07214398189411504
  },
  "best_metrics": {
    "accuracy": 0.714137135509247,
    "accuracy_without_draws": 0.7152933571618693,
    "log_loss": 0.5417936944998305,
    "brier_score": 0.18224338550223737,
    "duration": 0.4492490291595459
  }
}