{
  "best_params": {
    "v_0": 3.661361234957629,
    "beta": 0.999093077330631,
    "s": 2.6575119788449246,
    "epsilon": 0.10626569070546482
  },
  "best_metrics": {
    "accuracy": 0.7125486933171967,
    "accuracy_without_draws": 0.7136963382638123,
    "log_loss": 0.5447583613989644,
    "brier_score": 0.183177721943966,
    "duration": 0.5543584823608398
  }
}