{
  "best_params": {
    "initial_sigma": 61.60333016713267,
    "beta": 21.684470326746865,
    "kappa": 0.0002668207946383262
  },
  "best_metrics": {
    "accuracy": 0.7092583487765213,
    "accuracy_without_draws": 0.7103882276892658,
    "log_loss": 0.5502402062041737,
    "brier_score": 0.18514148361159272,
    "duration": 1.6250922679901123
  }
}