{
  "best_params": {
    "initial_sigma": 16.208742320372842,
    "beta": 15.720593811386841,
    "kappa": 0.0008900090959129195
  },
  "best_metrics": {
    "accuracy": 0.7130592640217843,
    "accuracy_without_draws": 0.7142096657667591,
    "log_loss": 0.5447021633736673,
    "brier_score": 0.18313933302719898,
    "duration": 1.8783612251281738
  }
}