{
  "best_params": {
    "temperature": 0.005007251532784665,
    "prior": 207.94315370325182
  },
  "best_metrics": {
    "accuracy": 0.5780205813619778,
    "accuracy_without_draws": 0.5806475536626194,
    "log_loss": 0.682435498955887,
    "brier_score": 0.2365357003651852,
    "duration": 0.11689162254333496
  }
}