{
  "best_params": {
    "k": 65.65149498082732
  },
  "best_metrics": {
    "accuracy": 0.6275367963593128,
    "accuracy_without_draws": 0.6318309918843896,
    "log_loss": 0.6372441802718368,
    "brier_score": 0.21518360412315332,
    "duration": 0.19974827766418457
  }
}