{
  "best_params": {
    "initial_sigma": 16.715340700320226,
    "beta": 16.872123462874917,
    "tau": 0.7092219715076012
  },
  "best_metrics": {
    "accuracy": 0.6340965930056168,
    "accuracy_without_draws": 0.6386116585086772,
    "log_loss": 0.6312196984649611,
    "brier_score": 0.21263293125729046,
    "duration": 1.7521369457244873
  }
}