{
  "best_params": {
    "v_0": 6.199617952656245,
    "beta": 0.9991247286605807,
    "s": 3.816675253976443,
    "epsilon": 0.022606694219007215
  },
  "best_metrics": {
    "accuracy": 0.630396457709811,
    "accuracy_without_draws": 0.634786938740915,
    "log_loss": 0.6329493472532799,
    "brier_score": 0.21356736603864196,
    "duration": 1.1254010200500488
  }
}