{
  "best_params": {
    "v_0": 6.772861252883212,
    "beta": 0.9990999815693757,
    "s": 5.393839348173537,
    "epsilon": 0.021338073217164844
  },
  "best_metrics": {
    "accuracy": 0.630601451355008,
    "accuracy_without_draws": 0.6349988345729239,
    "log_loss": 0.6320352912847936,
    "brier_score": 0.21319799400834705,
    "duration": 0.8181946277618408
  }
}