{
  "best_params": {
    "initial_sigma": 69.1009627891173,
    "beta": 31.306767893924906,
    "kappa": 0.00040039327052022967
  },
  "best_metrics": {
    "accuracy": 0.6295867328112829,
    "accuracy_without_draws": 0.6339499502044795,
    "log_loss": 0.6350884181207512,
    "brier_score": 0.2143566114818604,
    "duration": 1.7166669368743896
  }
}