{
  "best_params": {
    "initial_sigma": 6.788970942660985,
    "beta": 7.690124101616731,
    "kappa": 0.0001502684283957321
  },
  "best_metrics": {
    "accuracy": 0.6308986921405436,
    "accuracy_without_draws": 0.6353060835293369,
    "log_loss": 0.633349722513724,
    "brier_score": 0.21357407255468389,
    "duration": 2.0639655590057373
  }
}