{
  "best_params": {
    "temperature": 4.3544309821906095,
    "prior": 5.971370871695716
  },
  "best_metrics": {
    "accuracy": 0.6201672748144808,
    "accuracy_without_draws": 0.6242133367236666,
    "log_loss": 0.6436132871390947,
    "brier_score": 0.21828966168278838,
    "duration": 0.21136212348937988
  }
}