{
  "best_params": {
    "initial_sigma": 9.011336631889629,
    "beta": 5.717687868120526,
    "kappa": 0.0003087362932716994
  },
  "best_metrics": {
    "accuracy": 0.5832050384884535,
    "log_loss": 0.6567151654126362,
    "brier_score": 0.23267947842023498,
    "duration": 0.3629739284515381
  }
}