{
  "best_params": {
    "v_0": 3.677332665359132,
    "beta": 0.99903786920234,
    "s": 2.720272665720049,
    "epsilon": 0.07860062710078301
  },
  "best_metrics": {
    "accuracy": 0.7309405639491035,
    "log_loss": 0.5161406681200235,
    "brier_score": 0.17295039211904464,
    "duration": 3.4003491401672363
  }
}