{
  "best_params": {
    "temperature": 0.002899826071827697,
    "prior": 529.6005909397546
  },
  "best_metrics": {
    "accuracy": 0.5991864849443833,
    "accuracy_without_draws": 0.6010917331638679,
    "log_loss": 0.6992265824813182,
    "brier_score": 0.24305902950111571,
    "duration": 1.5456483364105225
  }
}