{
  "best_params": {
    "k": 39.61065822339077
  },
  "best_metrics": {
    "accuracy": 0.6357417222049022,
    "accuracy_without_draws": 0.6383491507742852,
    "log_loss": 0.6314275691134568,
    "brier_score": 0.215776545779482,
    "duration": 0.584784984588623
  }
}