{
  "best_params": {
    "initial_rd": 195.62659205272507,
    "initial_sigma": 0.13711481513586887,
    "tau": 1.1497155310066656
  },
  "best_metrics": {
    "accuracy": 0.6443239236954642,
    "accuracy_without_draws": 0.6470962056127435,
    "log_loss": 0.6241426648429416,
    "brier_score": 0.21261000844745362,
    "duration": 7.441027879714966
  }
}