{
  "best_params": {
    "temperature": 0.00400660037912215
  },
  "best_metrics": {
    "accuracy": 0.5008735139968118,
    "accuracy_without_draws": 0.5008902931072728,
    "log_loss": 0.6931450887332542,
    "brier_score": 0.24528727252833174,
    "duration": 1.714552402496338
  }
}