{
  "best_params": {
    "initial_sigma": 7.063371220973203,
    "beta": 8.013730422820437,
    "tau": 0.6877742643297916
  },
  "best_metrics": {
    "accuracy": 0.6408857490750163,
    "accuracy_without_draws": 0.6435919879615585,
    "log_loss": 0.6264175940717747,
    "brier_score": 0.21370795108937274,
    "duration": 4.8252177238464355
  }
}