{
  "best_params": {
    "v_0": 3.1717934494925197,
    "beta": 0.9984832804030622,
    "s": 4.126849267397848,
    "epsilon": 0.06873114453275292
  },
  "best_metrics": {
    "accuracy": 0.642232784127339,
    "accuracy_without_draws": 0.6449648978710903,
    "log_loss": 0.6265979761420064,
    "brier_score": 0.2136426876240335,
    "duration": 1.8976788520812988
  }
}