{
  "best_params": {
    "v_0": 4.3389128096080904,
    "beta": 0.9983289584858132,
    "s": 4.162656246737815,
    "epsilon": 0.0706298083140322
  },
  "best_metrics": {
    "accuracy": 0.6376799232954713,
    "accuracy_without_draws": 0.6403245822816683,
    "log_loss": 0.6277231800588771,
    "brier_score": 0.21443154407090204,
    "duration": 1.8975520133972168
  }
}