{
  "best_params": {
    "temperature": 0.002899826071827697,
    "prior": 529.6005909397546
  },
  "best_metrics": {
    "accuracy": 0.60861867143521,
    "accuracy_without_draws": 0.6107051001504805,
    "log_loss": 0.6836515111645315,
    "brier_score": 0.2395251649776132,
    "duration": 2.7280282974243164
  }
}