{
  "best_params": {
    "initial_sigma": 27.890756564023487,
    "beta": 15.81271503707466,
    "kappa": 0.0007449991024486119
  },
  "best_metrics": {
    "accuracy": 0.6379946236242889,
    "accuracy_without_draws": 0.6406453276098778,
    "log_loss": 0.6279627505615684,
    "brier_score": 0.21458198139080176,
    "duration": 5.265226602554321
  }
}