{
  "best_params": {
    "initial_sigma": 20.77074888292695,
    "beta": 28.700182683198065,
    "kappa": 0.0005683670434772899
  },
  "best_metrics": {
    "accuracy": 0.6390828397145932,
    "accuracy_without_draws": 0.6417544469691066,
    "log_loss": 0.6275107740983585,
    "brier_score": 0.2141963768910602,
    "duration": 6.876092910766602
  }
}