{
  "best_params": {
    "temperature": 4.865717812598246,
    "prior": 5.714637802844374
  },
  "best_metrics": {
    "accuracy": 0.6127333047063875,
    "accuracy_without_draws": 0.6148987703763212,
    "log_loss": 0.6498849610164452,
    "brier_score": 0.2245365565765229,
    "duration": 0.7091968059539795
  }
}