{
  "best_params": {
    "temperature": 0.005007251532784665,
    "prior": 207.94315370325182
  },
  "best_metrics": {
    "accuracy": 0.576226886966504,
    "accuracy_without_draws": 0.5787934651325408,
    "log_loss": 0.6825367567533357,
    "brier_score": 0.23658583184914445,
    "duration": 0.10550689697265625
  }
}