{
  "best_params": {
    "k": 59.522655654915596
  },
  "best_metrics": {
    "accuracy": 0.6207822557500717,
    "accuracy_without_draws": 0.6248490242196936,
    "log_loss": 0.6418531093007153,
    "brier_score": 0.21728303077807506,
    "duration": 0.10065197944641113
  }
}