{
  "best_params": {
    "dimension": 10,
    "eta_r": 59.55301243477631,
    "eta_c": 0.020396549391608055
  },
  "best_metrics": {
    "accuracy": 0.6204030175064573,
    "accuracy_without_draws": 0.624457016930477,
    "log_loss": 0.6418585696386375,
    "brier_score": 0.2172845586320324,
    "duration": 0.7107372283935547
  }
}