{
  "best_params": {
    "initial_sigma": 6.435743803944423,
    "beta": 7.055055282083107,
    "tau": 0.7247984978080516
  },
  "best_metrics": {
    "accuracy": 0.6268090689188636,
    "accuracy_without_draws": 0.6310787616807577,
    "log_loss": 0.6368169245828559,
    "brier_score": 0.2151068030259796,
    "duration": 0.7156660556793213
  }
}