{
  "best_params": {
    "initial_sigma": 7.163615140667764,
    "beta": 10.356828283068086,
    "tau": 0.48870964202787515
  },
  "best_metrics": {
    "accuracy": 0.6226243625262489,
    "accuracy_without_draws": 0.6264627199767057,
    "log_loss": 0.6395202611102402,
    "brier_score": 0.21690037160461703,
    "duration": 1.904679536819458
  }
}