{
  "best_params": {
    "initial_sigma": 7.091851428617526,
    "beta": 9.951862912199973,
    "tau": 0.5291150344667066
  },
  "best_metrics": {
    "accuracy": 0.623083167163705,
    "accuracy_without_draws": 0.626935886003385,
    "log_loss": 0.6396003228937733,
    "brier_score": 0.21685507418060018,
    "duration": 1.4046835899353027
  }
}