{
  "best_params": {
    "v_0": 8.233755123716158,
    "beta": 0.9979005111922806,
    "s": 4.7713187433653275,
    "epsilon": 0.08961735207641812
  },
  "best_metrics": {
    "accuracy": 0.6242158993071215,
    "accuracy_without_draws": 0.6283982794058441,
    "log_loss": 0.6377269325797685,
    "brier_score": 0.2156983175741217,
    "duration": 0.2994668483734131
  }
}