{
  "best_params": {
    "v_0": 8.70384232637188,
    "beta": 0.9991002849670958,
    "s": 6.797119481526222,
    "epsilon": 0.09180171022180966
  },
  "best_metrics": {
    "accuracy": 0.626634824320446,
    "log_loss": 0.6368211533067766,
    "brier_score": 0.21522926287072483,
    "duration": 0.36779212951660156
  }
}