{
  "best_params": {
    "initial_sigma": 58.9594234367393,
    "beta": 29.36666415543773,
    "kappa": 0.0008353863616311436
  },
  "best_metrics": {
    "accuracy": 0.6228629412488212,
    "log_loss": 0.6396546193314072,
    "brier_score": 0.2164260340378376,
    "duration": 0.7746474742889404
  }
}