{
  "best_params": {
    "initial_sigma": 33.37080643389828,
    "beta": 41.504671632405746,
    "kappa": 0.0007785925568184263
  },
  "best_metrics": {
    "accuracy": 0.6240519043909639,
    "accuracy_without_draws": 0.6282287627402369,
    "log_loss": 0.6386488241850196,
    "brier_score": 0.21594180807185495,
    "duration": 0.8999216556549072
  }
}