{
  "best_params": {
    "temperature": 0.002899826071827697,
    "prior": 529.6005909397546
  },
  "best_metrics": {
    "accuracy": 0.5746871702095583,
    "accuracy_without_draws": 0.581088159230039,
    "log_loss": 0.7127087485041558,
    "brier_score": 0.23308826753432826,
    "duration": 0.07262969017028809
  }
}