{
  "best_params": {
    "k": 25.822243546543348
  },
  "best_metrics": {
    "accuracy": 0.6071385496758631,
    "accuracy_without_draws": 0.6163207516286379,
    "log_loss": 0.6543945217473769,
    "brier_score": 0.21132509751750023,
    "duration": 0.36386704444885254
  }
}