{
  "best_params": {
    "dimension": 1,
    "eta_r": 25.61813885056768,
    "eta_c": 0.20853041427178678
  },
  "best_metrics": {
    "accuracy": 0.607123473541384,
    "accuracy_without_draws": 0.6163043834091727,
    "log_loss": 0.6544213115753895,
    "brier_score": 0.21134009339789406,
    "duration": 2.822552442550659
  }
}