{
  "best_params": {
    "initial_sigma": 1.9379868362771493,
    "beta": 2.791185043830569,
    "tau": 0.3787483111336956
  },
  "best_metrics": {
    "accuracy": 0.6119930649781397,
    "accuracy_without_draws": 0.6215913182963957,
    "log_loss": 0.652263550818277,
    "brier_score": 0.2101906736516002,
    "duration": 2.740400552749634
  }
}