{
  "best_params": {
    "v_0": 2.884212855890891,
    "beta": 0.9906685731131256,
    "s": 4.897114453356205,
    "epsilon": 0.0857583187109269
  },
  "best_metrics": {
    "accuracy": 0.6103723805216342,
    "accuracy_without_draws": 0.619831734703899,
    "log_loss": 0.6513305837130026,
    "brier_score": 0.2101564880191291,
    "duration": 0.604100227355957
  }
}