{
  "best_params": {
    "v_0": 1.6120790098586995,
    "beta": 0.9947986451309826,
    "s": 2.788001254378883,
    "epsilon": 0.06280993825170765
  },
  "best_metrics": {
    "accuracy": 0.6110055781697573,
    "accuracy_without_draws": 0.6205191999214326,
    "log_loss": 0.6514246347335702,
    "brier_score": 0.21008599718152404,
    "duration": 0.5996701717376709
  }
}