{
  "best_params": {
    "temperature": 0.002899826071827697,
    "prior": 529.6005909397546
  },
  "best_metrics": {
    "accuracy": 0.5827679782903663,
    "accuracy_without_draws": 0.5898615248633253,
    "log_loss": 0.6877478465701241,
    "brier_score": 0.22652065554248071,
    "duration": 0.07140803337097168
  }
}