{
  "best_params": {
    "initial_sigma": 33.89342088259544,
    "beta": 32.11464384076539,
    "kappa": 0.0002803110446738156
  },
  "best_metrics": {
    "accuracy": 0.6083144881652345,
    "accuracy_without_draws": 0.6175974727469146,
    "log_loss": 0.6531971666207077,
    "brier_score": 0.21095283451430916,
    "duration": 2.332062244415283
  }
}