{
  "best_params": {
    "initial_sigma": 9.536312430121354,
    "beta": 19.269137009690063,
    "kappa": 0.00042428667421439445
  },
  "best_metrics": {
    "accuracy": 0.6093698175787728,
    "accuracy_without_draws": 0.6187432481094707,
    "log_loss": 0.6532758825624586,
    "brier_score": 0.21088287468409078,
    "duration": 3.0562963485717773
  }
}