{
  "best_params": {
    "k": 42.93664491731887
  },
  "best_metrics": {
    "accuracy": 0.6199989252223447,
    "accuracy_without_draws": 0.6199989252223447,
    "log_loss": 0.6419874731087134,
    "brier_score": 0.22510373253415117,
    "duration": 0.07552695274353027
  }
}