{
  "best_params": {
    "initial_rating_dev": 238.33578690380995,
    "c": 11.1946160666585
  },
  "best_metrics": {
    "accuracy": 0.6319020877555955,
    "accuracy_without_draws": 0.6319020877555955,
    "log_loss": 0.6342446125260157,
    "brier_score": 0.22130760916132425,
    "duration": 0.9620633125305176
  }
}