{
  "best_params": {
    "temperature": 0.002899826071827697
  },
  "best_metrics": {
    "accuracy": 0.4991267431550098,
    "accuracy_without_draws": 0.4991267431550098,
    "log_loss": 0.6931486938970134,
    "brier_score": 0.2500007566679994,
    "duration": 0.13399863243103027
  }
}