{
  "best_params": {
    "initial_sigma": 15.1735509384664,
    "beta": 14.452844346179694,
    "tau": 0.7497538286543098
  },
  "best_metrics": {
    "accuracy": 0.6292957519413171,
    "accuracy_without_draws": 0.6292957519413171,
    "log_loss": 0.6362891646872649,
    "brier_score": 0.2222299451268486,
    "duration": 1.2072858810424805
  }
}