{
  "best_params": {
    "initial_sigma": 8.211031062843299,
    "sigma_reduction_factor": 0.6168013038306923,
    "sigma_lower_bound": 2.2233297963088017,
    "b": 0.11641313071968125
  },
  "best_metrics": {
    "accuracy": 0.6268506327753446,
    "accuracy_without_draws": 0.6268506327753446,
    "log_loss": 0.6367240354221562,
    "brier_score": 0.22272052563861677,
    "duration": 0.532550573348999
  }
}