{
  "best_params": {
    "v_0": 5.337521406200287,
    "beta": 0.9991631003398695,
    "s": 6.25977417071629,
    "epsilon": 0.06423395087369241
  },
  "best_metrics": {
    "accuracy": 0.624741381626676,
    "accuracy_without_draws": 0.624741381626676,
    "log_loss": 0.6367029253109207,
    "brier_score": 0.22279025333988703,
    "duration": 0.33837127685546875
  }
}