{
  "best_params": {
    "v_0": 7.676522932182467,
    "beta": 0.9996405017039129,
    "s": 6.371766555602055,
    "epsilon": 0.07992433462982136
  },
  "best_metrics": {
    "accuracy": 0.6226724346400838,
    "accuracy_without_draws": 0.6226724346400838,
    "log_loss": 0.6382216512993881,
    "brier_score": 0.22361685713532525,
    "duration": 0.5857150554656982
  }
}