{
  "best_params": {
    "temperature": 0.00400660037912215,
    "prior": 192.2148809598511
  },
  "best_metrics": {
    "accuracy": 0.6318483488728269,
    "accuracy_without_draws": 0.6318483488728269,
    "log_loss": 0.6764142921518331,
    "brier_score": 0.24172968402292522,
    "duration": 0.1408979892730713
  }
}