{
  "best_params": {
    "initial_sigma": 70.81452532170513,
    "beta": 34.76249647708058,
    "kappa": 0.0004462112317726932
  },
  "best_metrics": {
    "accuracy": 0.6260445495338152,
    "accuracy_without_draws": 0.6260445495338152,
    "log_loss": 0.6358992160660715,
    "brier_score": 0.22241798363191453,
    "duration": 1.7153635025024414
  }
}