{
  "best_params": {
    "initial_sigma": 24.61963596162703,
    "beta": 34.15095621038413,
    "kappa": 0.0005062631559482625
  },
  "best_metrics": {
    "accuracy": 0.6252384662922857,
    "accuracy_without_draws": 0.6252384662922857,
    "log_loss": 0.6372025389920043,
    "brier_score": 0.22274744364622187,
    "duration": 1.5092639923095703
  }
}