{
  "best_params": {
    "temperature": 4.865717812598246,
    "prior": 5.714637802844374
  },
  "best_metrics": {
    "accuracy": 0.6193271891877368,
    "accuracy_without_draws": 0.6193271891877368,
    "log_loss": 0.6412087210293014,
    "brier_score": 0.22496324306209922,
    "duration": 0.1610851287841797
  }
}