{
  "best_params": {
    "temperature": 0.00400660037912215,
    "prior": 192.2148809598511
  },
  "best_metrics": {
    "accuracy": 0.5863767792708474,
    "accuracy_without_draws": 0.586650099483008,
    "log_loss": 0.6811448683239048,
    "brier_score": 0.2430006075533023,
    "duration": 1.2247276306152344
  }
}