{
  "best_params": {
    "k": 48.50306029492407
  },
  "best_metrics": {
    "accuracy": 0.6211776044861124,
    "log_loss": 0.64022424650245,
    "brier_score": 0.22397471862848203,
    "duration": 0.5052299499511719
  }
}