{
  "best_params": {
    "initial_rd": 196.49325617436912,
    "initial_sigma": 0.10585522414456691,
    "tau": 1.127313876759558
  },
  "best_metrics": {
    "accuracy": 0.6301107986904885,
    "accuracy_without_draws": 0.6305225055334926,
    "log_loss": 0.6326062980760708,
    "brier_score": 0.22076394717472497,
    "duration": 5.21637749671936
  }
}