{
  "best_params": {
    "temperature": 0.002899826071827697
  },
  "best_metrics": {
    "accuracy": 0.4993348892411365,
    "accuracy_without_draws": 0.49933278464525716,
    "log_loss": 0.6931476292966233,
    "brier_score": 0.24921164993563832,
    "duration": 1.4417014122009277
  }
}