{
  "best_params": {
    "initial_sigma": 7.063371220973203,
    "beta": 8.013730422820437,
    "tau": 0.6877742643297916
  },
  "best_metrics": {
    "accuracy": 0.6273547708753177,
    "accuracy_without_draws": 0.6277577568779116,
    "log_loss": 0.6338144833309355,
    "brier_score": 0.22130276215671604,
    "duration": 4.08147406578064
  }
}