{
  "best_params": {
    "update_method": "online",
    "variance_increase_method": "time",
    "initial_sigma": 7.063371220973203,
    "beta": 8.013730422820437,
    "tau": 0.6877742643297916
  },
  "best_metrics": {
    "accuracy": 0.6268098000812978,
    "accuracy_without_draws": 0.6272376714868372,
    "log_loss": 0.6343319250664733,
    "brier_score": 0.22143152657657464,
    "duration": 9.752216339111328
  }
}