{
  "best_params": {
    "v_0": 3.5367777665164275,
    "beta": 0.9930445786413945,
    "s": 3.357244591043056,
    "epsilon": 0.06329460958740288
  },
  "best_metrics": {
    "accuracy": 0.6233919852162207,
    "accuracy_without_draws": 0.6237824318601325,
    "log_loss": 0.635337503825542,
    "brier_score": 0.22218039868552006,
    "duration": 1.6439151763916016
  }
}