{
  "best_params": {
    "initial_sigma": 25.66678505176355,
    "beta": 33.73431057902156,
    "kappa": 0.0007834579679607317
  },
  "best_metrics": {
    "accuracy": 0.6255824697514,
    "accuracy_without_draws": 0.6259798476991059,
    "log_loss": 0.6357425652555119,
    "brier_score": 0.2220530681003839,
    "duration": 4.714803695678711
  }
}