{
  "best_params": {
    "k": 59.34543138237191
  },
  "best_metrics": {
    "accuracy": 0.6622200664616401,
    "log_loss": 0.5979480143207073,
    "brier_score": 0.20577749159287972,
    "duration": 0.8133256435394287
  }
}