{
  "best_params": {
    "temperature": 0.005007251532784665,
    "prior": 207.94315370325182
  },
  "best_metrics": {
    "accuracy": 0.5977956613016095,
    "accuracy_without_draws": 0.5977956613016095,
    "log_loss": 0.6813587858629389,
    "brier_score": 0.2441528240278943,
    "duration": 0.028484106063842773
  }
}