{
  "best_params": {
    "k": 48.23255960384911
  },
  "best_metrics": {
    "accuracy": 0.5779216235129461,
    "accuracy_without_draws": 0.5779216235129461,
    "log_loss": 0.6591349793168746,
    "brier_score": 0.23372781354836758,
    "duration": 0.02941131591796875
  }
}