{
  "best_params": {
    "temperature": 0.0021751450396781044
  },
  "best_metrics": {
    "accuracy": 0.49363191042687193,
    "accuracy_without_draws": 0.49363191042687193,
    "log_loss": 0.6931523858982024,
    "brier_score": 0.2500026026689732,
    "duration": 0.035737037658691406
  }
}