{
  "best_params": {
    "initial_sigma": 6.25063079533627,
    "beta": 8.776850533015283,
    "tau": 0.6810037543887072
  },
  "best_metrics": {
    "accuracy": 0.5833799860041987,
    "accuracy_without_draws": 0.5833799860041987,
    "log_loss": 0.6578971379315858,
    "brier_score": 0.23313852905988094,
    "duration": 0.2068958282470703
  }
}