{
  "best_params": {
    "initial_sigma": 1.5958714496676716,
    "sigma_reduction_factor": 0.3313330960817461,
    "sigma_lower_bound": 0.46605984708368065,
    "b": 0.44134074517445143
  },
  "best_metrics": {
    "accuracy": 0.5818054583624912,
    "accuracy_without_draws": 0.5818054583624912,
    "log_loss": 0.6574766484869852,
    "brier_score": 0.23305081193865748,
    "duration": 0.10965514183044434
  }
}