{
  "best_params": {
    "v_0": 5.25689447775708,
    "beta": 0.9974741944235397,
    "s": 4.717789023958729,
    "epsilon": 0.06622867494244655
  },
  "best_metrics": {
    "accuracy": 0.582330300909727,
    "accuracy_without_draws": 0.582330300909727,
    "log_loss": 0.658520625096611,
    "brier_score": 0.23348487394971373,
    "duration": 0.08735871315002441
  }
}