{
  "best_params": {
    "v_0": 3.80982057007321,
    "beta": 0.9971078731560001,
    "s": 5.667244078081901,
    "epsilon": 0.041556963726124184
  },
  "best_metrics": {
    "accuracy": 0.5828901329601119,
    "accuracy_without_draws": 0.5828901329601119,
    "log_loss": 0.6580865109937377,
    "brier_score": 0.23332535554823788,
    "duration": 0.06470084190368652
  }
}