{
  "best_params": {
    "initial_sigma": 66.32349585693278,
    "beta": 42.42768073512778,
    "kappa": 0.0006377843441281648
  },
  "best_metrics": {
    "accuracy": 0.5809657102869139,
    "accuracy_without_draws": 0.5809657102869139,
    "log_loss": 0.6575352446414836,
    "brier_score": 0.23306417647507147,
    "duration": 0.22537589073181152
  }
}