{
  "best_params": {
    "initial_sigma": 25.137002271380215,
    "beta": 38.65410959485342,
    "kappa": 0.0004545905231577798
  },
  "best_metrics": {
    "accuracy": 0.5813855843247026,
    "accuracy_without_draws": 0.5813855843247026,
    "log_loss": 0.6574385722249152,
    "brier_score": 0.23297621614888783,
    "duration": 0.2597827911376953
  }
}