{
  "best_params": {
    "sigma": 134.93790555684296
  },
  "best_metrics": {
    "accuracy": 0.6222787093600098,
    "log_loss": 0.6397154110169497,
    "brier_score": 0.21642379981589402,
    "duration": 0.1817317008972168
  }
}