{
  "best_params": {
    "k": 56.43743845631168
  },
  "best_metrics": {
    "accuracy": 0.639949035732901,
    "log_loss": 0.63379957482496,
    "brier_score": 0.21427948340674824,
    "duration": 0.35559678077697754
  }
}