{
  "best_params": {
    "k": 187.01448482248122,
    "kappa": 1.4776714965690423,
    "sigma": 588.2848945686831
  },
  "best_metrics": {
    "accuracy": 0.6412762301886064,
    "log_loss": 0.6315523706431644,
    "brier_score": 0.21338972985236945,
    "duration": 0.6466588973999023
  }
}