{
  "best_params": {
    "b": 0.008863040937372616,
    "sigma": 87.28419970343653,
    "use_approx": true
  },
  "best_metrics": {
    "accuracy": 0.6420049805988302,
    "log_loss": 0.6303367758140825,
    "brier_score": 0.21294402156551687,
    "duration": 0.6164431571960449
  }
}