{
  "best_params": {
    "initial_rd": 206.5279140641628,
    "initial_sigma": 0.14637447414365756,
    "tau": 0.628272430258692
  },
  "best_metrics": {
    "accuracy": 0.6455232524468639,
    "log_loss": 0.6256974451494952,
    "brier_score": 0.21085908611842866,
    "duration": 3.7036540508270264
  }
}