{
  "best_params": {
    "initial_rating_dev": 198.71138479997805,
    "c": 23.766229136958177
  },
  "best_metrics": {
    "accuracy": 0.6448186328449258,
    "log_loss": 0.6256991629588922,
    "brier_score": 0.21092532917006193,
    "duration": 2.388601541519165
  }
}