{
  "best_params": {
    "dimension": 20,
    "eta_r": 57.14109925243175,
    "eta_c": 0.05243991248371748
  },
  "best_metrics": {
    "accuracy": 0.6400310804810718,
    "log_loss": 0.6337992840568444,
    "brier_score": 0.21425991344152262,
    "duration": 4.218992233276367
  }
}