{
  "best_params": {
    "initial_sigma": 7.063371220973203,
    "beta": 8.013730422820437,
    "tau": 0.6877742643297916
  },
  "best_metrics": {
    "accuracy": 0.6407839616995811,
    "log_loss": 0.6284223200516028,
    "brier_score": 0.21213769635383675,
    "duration": 3.651909589767456
  }
}