{
  "best_params": {
    "v_0": 7.49150944643998,
    "beta": 0.9940330010526633,
    "s": 4.753629417215739,
    "epsilon": 0.09657128894400303
  },
  "best_metrics": {
    "accuracy": 0.6422366363583715,
    "log_loss": 0.6265042087554459,
    "brier_score": 0.21146276438907533,
    "duration": 1.375295639038086
  }
}