{
  "best_params": {
    "initial_sigma": 2.1410904225489147,
    "beta": 1.3392725461925339,
    "kappa": 0.0009121645287315866
  },
  "best_metrics": {
    "accuracy": 0.6378303507654293,
    "log_loss": 0.6325760302172432,
    "brier_score": 0.21407787704900144,
    "duration": 3.5568277835845947
  }
}