{
  "best_params": {
    "initial_sigma": 1.9379868362771493,
    "beta": 2.791185043830569,
    "kappa": 0.0004546798452985542
  },
  "best_metrics": {
    "accuracy": 0.6392299376459913,
    "log_loss": 0.6310905758047559,
    "brier_score": 0.21331948336466006,
    "duration": 4.766907453536987
  }
}