{
  "best_params": {
    "temperature": 0.00400660037912215,
    "prior": 192.2148809598511
  },
  "best_metrics": {
    "accuracy": 0.6541105079568206,
    "accuracy_without_draws": 0.6541105079568206,
    "log_loss": 0.6607361146167661,
    "brier_score": 0.2341415158343169,
    "duration": 9.309625387191772
  }
}