{
  "best_params": {
    "k": 58.268766354365155
  },
  "best_metrics": {
    "accuracy": 0.6608289128774588,
    "accuracy_without_draws": 0.6608289128774588,
    "log_loss": 0.5991889919744512,
    "brier_score": 0.20634510849511628,
    "duration": 0.9263136386871338
  }
}