{
  "best_params": {
    "sigma": 128.97501962538584
  },
  "best_metrics": {
    "accuracy": 0.6621375054180685,
    "accuracy_without_draws": 0.6621375054180685,
    "log_loss": 0.5977632966993307,
    "brier_score": 0.20596080556733282,
    "duration": 1.1371853351593018
  }
}