{
  "best_params": {
    "temperature": 0.00400660037912215
  },
  "best_metrics": {
    "accuracy": 0.5012074552622345,
    "accuracy_without_draws": 0.5012074552622345,
    "log_loss": 0.6931453432801313,
    "brier_score": 0.24999908136047916,
    "duration": 12.63435673713684
  }
}