{
  "best_params": {
    "initial_sigma": 7.741600378415408,
    "beta": 6.421529335347412,
    "tau": 0.46060243607048296
  },
  "best_metrics": {
    "accuracy": 0.6672789944064893,
    "accuracy_without_draws": 0.6672789944064893,
    "log_loss": 0.5944507488809,
    "brier_score": 0.20460525789274459,
    "duration": 8.770897388458252
  }
}