{
  "best_params": {
    "initial_sigma": 1.8266873312394365,
    "sigma_reduction_factor": 0.35262645702340684,
    "sigma_lower_bound": 0.44038309985542734,
    "b": 0.4340964001211022
  },
  "best_metrics": {
    "accuracy": 0.6635678754979463,
    "accuracy_without_draws": 0.6635678754979463,
    "log_loss": 0.5948022370482887,
    "brier_score": 0.20509141850993115,
    "duration": 3.8530921936035156
  }
}