{
  "best_params": {
    "v_0": 2.5230316242743704,
    "beta": 0.9977169563081466,
    "s": 3.1400833562477883,
    "epsilon": 0.041716084041074
  },
  "best_metrics": {
    "accuracy": 0.6663955912402733,
    "accuracy_without_draws": 0.6663955912402733,
    "log_loss": 0.5944325343238549,
    "brier_score": 0.2048053160224,
    "duration": 2.190176248550415
  }
}