{
  "best_params": {
    "v_0": 1.5345465101919054,
    "beta": 0.9915455460096674,
    "s": 1.563469096624805,
    "epsilon": 0.030557509215599903
  },
  "best_metrics": {
    "accuracy": 0.6640343453941258,
    "accuracy_without_draws": 0.6640343453941258,
    "log_loss": 0.5960780346443729,
    "brier_score": 0.20554944583513848,
    "duration": 3.329439401626587
  }
}