{
  "best_params": {
    "temperature": 0.00400660037912215,
    "prior": 192.2148809598511
  },
  "best_metrics": {
    "accuracy": 0.6610002270428699,
    "accuracy_without_draws": 0.6610002270428699,
    "log_loss": 0.6669707553881481,
    "brier_score": 0.2371771867245474,
    "duration": 9.294877290725708
  }
}