{
  "best_params": {
    "initial_sigma": 81.65438547930857,
    "beta": 31.67278956940799,
    "kappa": 0.0006796277089696495
  },
  "best_metrics": {
    "accuracy": 0.6650085657082706,
    "accuracy_without_draws": 0.6650085657082706,
    "log_loss": 0.5935492093069361,
    "brier_score": 0.20439267564904606,
    "duration": 10.559468507766724
  }
}