{
  "best_params": {
    "initial_sigma": 8.047233622361663,
    "beta": 9.1234990704364,
    "kappa": 0.0001293624855787578
  },
  "best_metrics": {
    "accuracy": 0.6668372928233813,
    "accuracy_without_draws": 0.6668372928233813,
    "log_loss": 0.5938758180564011,
    "brier_score": 0.20411926035924127,
    "duration": 10.258265733718872
  }
}