{
  "best_params": {
    "temperature": 6.101484989329872,
    "prior": 5.921761620601499
  },
  "best_metrics": {
    "accuracy": 0.6570084005861834,
    "accuracy_without_draws": 0.6570084005861834,
    "log_loss": 0.6064288077961337,
    "brier_score": 0.20970737398575465,
    "duration": 9.441045999526978
  }
}