{
  "best_params": {
    "sigma": 103.97778869927109
  },
  "best_metrics": {
    "accuracy": 0.6253108281214679,
    "log_loss": 0.6425050554329866,
    "brier_score": 0.22456999056299323,
    "duration": 0.05202364921569824
  }
}