{
  "best_params": {
    "initial_rd": 172.41178533307072,
    "initial_sigma": 0.11273966635727323,
    "tau": 0.20014436703367286
  },
  "best_metrics": {
    "accuracy": 0.6302087257930826,
    "accuracy_without_draws": 0.6307011572498298,
    "log_loss": 0.6378199225403026,
    "brier_score": 0.22250328820817808,
    "duration": 0.25684094429016113
  }
}