{
  "best_params": {
    "initial_rd": 175.2097980335168,
    "initial_sigma": 0.11314722498102334,
    "tau": 1.0902796888771806
  },
  "best_metrics": {
    "accuracy": 0.6305854871524377,
    "log_loss": 0.6378182194778126,
    "brier_score": 0.22248855803764112,
    "duration": 0.3965005874633789
  }
}