{
  "best_params": {
    "initial_sigma": 7.557098062208074,
    "beta": 13.436413382292567,
    "tau": 0.45237036492743105
  },
  "best_metrics": {
    "accuracy": 0.6209825809617272,
    "accuracy_without_draws": 0.6213846153846154,
    "log_loss": 0.6433532678071456,
    "brier_score": 0.22507406537657954,
    "duration": 1.1722135543823242
  }
}