{
  "best_params": {
    "initial_sigma": 14.961054901130666,
    "beta": 26.39723070774305,
    "tau": 0.7963615029970512
  },
  "best_metrics": {
    "accuracy": 0.6204919038272817,
    "accuracy_without_draws": 0.6208923076923077,
    "log_loss": 0.6434041252876223,
    "brier_score": 0.22511034721733014,
    "duration": 1.1729226112365723
  }
}