{
  "best_params": {
    "initial_sigma": 5.554134860132897,
    "beta": 9.892979145958526,
    "tau": 0.5222463345631705
  },
  "best_metrics": {
    "accuracy": 0.6223932777232581,
    "accuracy_without_draws": 0.6228,
    "log_loss": 0.6443631741712187,
    "brier_score": 0.22534772046903778,
    "duration": 1.1142191886901855
  }
}