{
  "best_params": {
    "initial_sigma": 6.649591902901799,
    "beta": 8.916733327027634,
    "tau": 0.8167237693201427
  },
  "best_metrics": {
    "accuracy": 0.6293421746665662,
    "accuracy_without_draws": 0.6298313289463732,
    "log_loss": 0.6390359942326569,
    "brier_score": 0.22295119855076637,
    "duration": 0.23622775077819824
  }
}