{
  "best_params": {
    "v_0": 6.164065354282963,
    "beta": 0.9971092376862486,
    "s": 6.084810031895578,
    "epsilon": 0.07503835940733512
  },
  "best_metrics": {
    "accuracy": 0.6276844246854043,
    "log_loss": 0.6388998816005035,
    "brier_score": 0.2231735106730575,
    "duration": 0.11534500122070312
  }
}