{
  "best_params": {
    "temperature": 0.005007251532784665,
    "prior": 207.94315370325182
  },
  "best_metrics": {
    "accuracy": 0.6129153793986889,
    "accuracy_without_draws": 0.6133424098025868,
    "log_loss": 0.6750121052016664,
    "brier_score": 0.2398978634250292,
    "duration": 0.08604693412780762
  }
}