{
  "best_params": {
    "initial_sigma": 24.76573310913424,
    "beta": 33.25412703788865,
    "kappa": 0.0008581584632097337
  },
  "best_metrics": {
    "accuracy": 0.6254238565292743,
    "accuracy_without_draws": 0.6258981922698736,
    "log_loss": 0.6409878579850791,
    "brier_score": 0.22384147152944614,
    "duration": 0.27335047721862793
  }
}