{
  "best_params": {
    "temperature": 0.002899826071827697,
    "prior": 529.6005909397546
  },
  "best_metrics": {
    "accuracy": 0.6903341401611134,
    "accuracy_without_draws": 0.6913618388531884,
    "log_loss": 0.6624664413658857,
    "brier_score": 0.2207205537797888,
    "duration": 0.2589709758758545
  }
}