{
  "best_params": {
    "sigma": 106.97314017283118
  },
  "best_metrics": {
    "accuracy": 0.712520328278053,
    "log_loss": 0.5417002886163432,
    "brier_score": 0.18226434716042977,
    "duration": 0.3993692398071289
  }
}