{
  "best_params": {
    "initial_rd": 248.55960117104905,
    "initial_sigma": 0.13679424076426752,
    "tau": 0.6842043341192257
  },
  "best_metrics": {
    "accuracy": 0.7223582693544117,
    "accuracy_without_draws": 0.723558880565801,
    "log_loss": 0.5321800000558978,
    "brier_score": 0.1782238394180706,
    "duration": 4.442998170852661
  }
}