{
  "best_params": {
    "temperature": 0.002899826071827697
  },
  "best_metrics": {
    "accuracy": 0.500349835482773,
    "accuracy_without_draws": 0.5003517244001673,
    "log_loss": 0.6931485119006127,
    "brier_score": 0.2486580538172635,
    "duration": 0.5074231624603271
  }
}