{
  "best_params": {
    "update_method": "online",
    "variance_increase_method": "time",
    "initial_sigma": 6.724273608542054,
    "beta": 12.887933060680872,
    "tau": 0.7734139053529127
  },
  "best_metrics": {
    "accuracy": 0.6826781140536357,
    "accuracy_without_draws": 0.684674765269577,
    "log_loss": 0.5806561753416878,
    "brier_score": 0.1966304081256655,
    "duration": 10.107981443405151
  }
}