{
  "best_params": {
    "update_method": "batched",
    "variance_increase_method": "match",
    "initial_sigma": 17.912480642305674,
    "beta": 28.28804248259492,
    "tau": 0.6622132608416106
  },
  "best_metrics": {
    "accuracy": 0.6809745705235105,
    "accuracy_without_draws": 0.6829526022004969,
    "log_loss": 0.5829035952837902,
    "brier_score": 0.19761456757355517,
    "duration": 2.6826705932617188
  }
}