{
  "best_params": {
    "initial_sigma": 27.79716469979733,
    "beta": 24.62830472845215,
    "kappa": 0.0009166755612541621
  },
  "best_metrics": {
    "accuracy": 0.7166568964865172,
    "log_loss": 0.5408630379182873,
    "brier_score": 0.18149577062089542,
    "duration": 2.5291454792022705
  }
}