{
  "best_params": {
    "temperature": 6.141958580155138,
    "prior": 3.973160764102398
  },
  "best_metrics": {
    "accuracy": 0.69811561589955,
    "accuracy_without_draws": 0.6991853302406935,
    "log_loss": 0.567949357124904,
    "brier_score": 0.19199295076050704,
    "duration": 0.1525592803955078
  }
}