{
  "best_params": {
    "temperature": 0.005007251532784665,
    "prior": 207.94315370325182
  },
  "best_metrics": {
    "accuracy": 0.5757014752675731,
    "accuracy_without_draws": 0.5803401485847609,
    "log_loss": 0.6844014947426122,
    "brier_score": 0.23120588122254793,
    "duration": 0.02695298194885254
  }
}