{
  "best_params": {
    "k": 24.46480818003116
  },
  "best_metrics": {
    "accuracy": 0.5723170378941279,
    "accuracy_without_draws": 0.5767483268864739,
    "log_loss": 0.6741750440977972,
    "brier_score": 0.22621205968641922,
    "duration": 0.035788536071777344
  }
}