{
  "best_params": {
    "sigma": 72.09815785476414
  },
  "best_metrics": {
    "accuracy": 0.5729534278275962,
    "accuracy_without_draws": 0.5774237121630749,
    "log_loss": 0.6738506988985249,
    "brier_score": 0.22606176190422436,
    "duration": 0.03817176818847656
  }
}