{
  "best_params": {
    "initial_sigma": 2.839084616968458,
    "beta": 6.735609999859278,
    "tau": 0.3369779851549565
  },
  "best_metrics": {
    "accuracy": 0.5741105004339022,
    "accuracy_without_draws": 0.5786516853932584,
    "log_loss": 0.6741312492120927,
    "brier_score": 0.22619586357988755,
    "duration": 0.24536538124084473
  }
}