{
  "best_params": {
    "v_0": 3.5936630257212663,
    "beta": 0.9816903732143343,
    "s": 4.87869724208009,
    "epsilon": 0.10633971458229133
  },
  "best_metrics": {
    "accuracy": 0.5746022562915823,
    "accuracy_without_draws": 0.5791735740160865,
    "log_loss": 0.6727456428009575,
    "brier_score": 0.22559220131194047,
    "duration": 0.09555959701538086
  }
}