{
  "best_params": {
    "v_0": 3.453159807483305,
    "beta": 0.9869945347353708,
    "s": 7.3156565708589785,
    "epsilon": 0.07921734481103264
  },
  "best_metrics": {
    "accuracy": 0.5746601099218976,
    "accuracy_without_draws": 0.5792349726775956,
    "log_loss": 0.6726565096285694,
    "brier_score": 0.22555271828025764,
    "duration": 0.0747671127319336
  }
}