{
  "best_params": {
    "initial_sigma": 21.646702163001827,
    "beta": 30.56697303514168,
    "kappa": 0.00023594386141367204
  },
  "best_metrics": {
    "accuracy": 0.5719988429273937,
    "accuracy_without_draws": 0.5764106342481734,
    "log_loss": 0.6739923792110781,
    "brier_score": 0.22614096885049714,
    "duration": 0.27059459686279297
  }
}