{
  "best_params": {
    "initial_rd": 198.71138479997805,
    "initial_sigma": 0.14712611368490006,
    "tau": 0.12040833167272244
  },
  "best_metrics": {
    "accuracy": 0.6457412375760238,
    "log_loss": 0.6252043815871509,
    "brier_score": 0.21066011501849263,
    "duration": 2.9779210090637207
  }
}