{
  "best_params": {
    "initial_sigma": 7.063371220973203,
    "beta": 8.013730422820437,
    "tau": 0.6877742643297916
  },
  "best_metrics": {
    "accuracy": 0.6412633548793645,
    "log_loss": 0.6279035666051503,
    "brier_score": 0.21190827004426352,
    "duration": 2.5236055850982666
  }
}