{
  "best_params": {
    "sigma": 173.4058951628271
  },
  "best_metrics": {
    "accuracy": 0.6323780754402003,
    "log_loss": 0.622786323418073,
    "brier_score": 0.2150234515742204,
    "duration": 0.0986781120300293
  }
}