{
  "best_params": {
    "initial_rd": 249.67345812334875,
    "initial_sigma": 0.17799459254112154,
    "tau": 0.5009869592584677
  },
  "best_metrics": {
    "accuracy": 0.6387376286815851,
    "log_loss": 0.6184696380697244,
    "brier_score": 0.21333023927571804,
    "duration": 0.7545740604400635
  }
}