{
  "best_params": {
    "initial_sigma": 60.67711459075987,
    "beta": 22.034057711006007,
    "kappa": 0.0006063786943880036
  },
  "best_metrics": {
    "accuracy": 0.6320203505703724,
    "log_loss": 0.6265044181831824,
    "brier_score": 0.2164591724015302,
    "duration": 0.6859586238861084
  }
}