{
  "best_params": {
    "initial_rd": 254.12109705438115,
    "initial_sigma": 0.14232503300836605,
    "tau": 0.8440159543835708
  },
  "best_metrics": {
    "accuracy": 0.7268325043240979,
    "accuracy_without_draws": 0.7268325043240979,
    "log_loss": 0.5224046520541124,
    "brier_score": 0.17482725825079867,
    "duration": 14.928999900817871
  }
}