{
  "best_params": {
    "dimension": 1,
    "eta_r": 63.194080643943664,
    "eta_c": 0.16162405819967593
  },
  "best_metrics": {
    "accuracy": 0.7175826950141272,
    "accuracy_without_draws": 0.7175826950141272,
    "log_loss": 0.5314355879831896,
    "brier_score": 0.17836873701371075,
    "duration": 10.42326021194458
  }
}