{
  "best_params": {
    "initial_sigma": 7.063371220973203,
    "beta": 8.013730422820437,
    "tau": 0.6877742643297916
  },
  "best_metrics": {
    "accuracy": 0.7224734914001483,
    "log_loss": 0.5273152204602245,
    "brier_score": 0.17659279339836662,
    "duration": 8.820319652557373
  }
}