{
  "best_params": {
    "update_method": "batched",
    "variance_increase_method": "match",
    "initial_sigma": 15.453921240915784,
    "beta": 22.933309556907552,
    "tau": 0.3864575947530482
  },
  "best_metrics": {
    "accuracy": 0.7169637186151114,
    "accuracy_without_draws": 0.7169637186151114,
    "log_loss": 0.5338097604284272,
    "brier_score": 0.1793901832145569,
    "duration": 14.67579984664917
  }
}