{
  "best_params": {
    "update_method": "online",
    "variance_increase_method": "match",
    "initial_sigma": 1.9379868362771493,
    "beta": 2.791185043830569,
    "tau": 0.3787483111336956
  },
  "best_metrics": {
    "accuracy": 0.7161782052445331,
    "accuracy_without_draws": 0.7161782052445331,
    "log_loss": 0.5360674128613804,
    "brier_score": 0.17922684105616932,
    "duration": 33.537846088409424
  }
}