{
  "best_params": {
    "update_method": "online",
    "variance_increase_method": "time",
    "initial_sigma": 7.063371220973203,
    "beta": 8.013730422820437,
    "tau": 0.6877742643297916
  },
  "best_metrics": {
    "accuracy": 0.7225063839164193,
    "accuracy_without_draws": 0.7225063839164193,
    "log_loss": 0.5275718512866241,
    "brier_score": 0.17664656330024428,
    "duration": 28.695136070251465
  }
}