{
  "best_params": {
    "v_0": 3.1717934494925197,
    "beta": 0.9984832804030622,
    "s": 4.126849267397848,
    "epsilon": 0.06873114453275292
  },
  "best_metrics": {
    "accuracy": 0.7222398289698441,
    "accuracy_without_draws": 0.7222398289698441,
    "log_loss": 0.5270863987210761,
    "brier_score": 0.17690079305435974,
    "duration": 4.545170783996582
  }
}