{
  "best_params": {
    "initial_sigma": 35.96503449866381,
    "beta": 37.66598332383718,
    "kappa": 0.0006121738674696064
  },
  "best_metrics": {
    "accuracy": 0.7166802745936423,
    "accuracy_without_draws": 0.7166802745936423,
    "log_loss": 0.5331206133668598,
    "brier_score": 0.17931623518108245,
    "duration": 16.34032106399536
  }
}