{
  "best_params": {
    "k": 45.93929662649108
  },
  "best_metrics": {
    "accuracy": 0.6277045511066899,
    "accuracy_without_draws": 0.6277045511066899,
    "log_loss": 0.6329426853013769,
    "brier_score": 0.22130089455397978,
    "duration": 0.1259307861328125
  }
}