{
  "best_params": {
    "sigma": 107.07682314699291
  },
  "best_metrics": {
    "accuracy": 0.6285572174654492,
    "log_loss": 0.632056587687612,
    "brier_score": 0.22100000519760185,
    "duration": 0.2039034366607666
  }
}