{
  "best_params": {
    "initial_rating_dev": 166.66206104907312,
    "c": 14.36529110875923
  },
  "best_metrics": {
    "accuracy": 0.6354051941592355,
    "accuracy_without_draws": 0.6354051941592355,
    "log_loss": 0.627992365030895,
    "brier_score": 0.21915558815930397,
    "duration": 0.6976110935211182
  }
}