{
  "best_params": {
    "initial_rd": 166.85614803443573,
    "initial_sigma": 0.08284897662814486,
    "tau": 0.8652759888248089
  },
  "best_metrics": {
    "accuracy": 0.6354051941592355,
    "accuracy_without_draws": 0.6354051941592355,
    "log_loss": 0.6279905960205614,
    "brier_score": 0.21915293908052627,
    "duration": 1.0143625736236572
  }
}