{
  "best_params": {
    "temperature": 0.0021751450396781044
  },
  "best_metrics": {
    "accuracy": 0.4993960279958788,
    "accuracy_without_draws": 0.4993960279958788,
    "log_loss": 0.6931473537550642,
    "brier_score": 0.2500000865974902,
    "duration": 0.2085254192352295
  }
}