{
  "best_params": {
    "initial_sigma": 17.788884979599434,
    "beta": 32.16761899312669,
    "tau": 0.7398753018399933
  },
  "best_metrics": {
    "accuracy": 0.6278638716055126,
    "accuracy_without_draws": 0.6278638716055126,
    "log_loss": 0.6328490509643571,
    "brier_score": 0.2213665155303388,
    "duration": 1.757230281829834
  }
}