{
  "best_params": {
    "initial_sigma": 6.391881829138487,
    "beta": 8.87044558749464,
    "tau": 0.5944772845195195
  },
  "best_metrics": {
    "accuracy": 0.6338064447365617,
    "accuracy_without_draws": 0.6338064447365617,
    "log_loss": 0.6290222720370974,
    "brier_score": 0.21953687551245898,
    "duration": 0.841529130935669
  }
}