{
  "best_params": {
    "initial_sigma": 7.905228473208419,
    "beta": 14.231284706614687,
    "tau": 0.42000859581603717
  },
  "best_metrics": {
    "accuracy": 0.627747572250974,
    "accuracy_without_draws": 0.627747572250974,
    "log_loss": 0.6331720656764083,
    "brier_score": 0.22139069394826144,
    "duration": 1.7206149101257324
  }
}