{
  "best_params": {
    "initial_sigma": 5.554134860132897,
    "beta": 9.892979145958526,
    "tau": 0.5222463345631705
  },
  "best_metrics": {
    "accuracy": 0.6265409664476362,
    "accuracy_without_draws": 0.6265409664476362,
    "log_loss": 0.6390846882936709,
    "brier_score": 0.22304048196563098,
    "duration": 1.7816765308380127
  }
}