{
  "best_params": {
    "temperature": 0.005007251532784665,
    "prior": 207.94315370325182
  },
  "best_metrics": {
    "accuracy": 0.6376256794685047,
    "accuracy_without_draws": 0.6376256794685047,
    "log_loss": 0.6682386757579565,
    "brier_score": 0.23775521484845882,
    "duration": 0.2386951446533203
  }
}