{
  "best_params": {
    "k": 45.90741883234164
  },
  "best_metrics": {
    "accuracy": 0.6276665718552229,
    "log_loss": 0.63296232255711,
    "brier_score": 0.22131224791306867,
    "duration": 0.18898844718933105
  }
}