{
  "best_params": {
    "k": 186.80870325720642,
    "kappa": 2.043244373195338,
    "sigma": 767.6713377309793
  },
  "best_metrics": {
    "accuracy": 0.6278798976036407,
    "log_loss": 0.6331249869675749,
    "brier_score": 0.22128824247562165,
    "duration": 0.41665148735046387
  }
}