{
  "best_params": {
    "b": 0.003957880745528108,
    "sigma": 155.82347132940126,
    "use_approx": true
  },
  "best_metrics": {
    "accuracy": 0.6284487662660884,
    "log_loss": 0.6320749879522609,
    "brier_score": 0.22100898377255004,
    "duration": 0.19377827644348145
  }
}