{
  "best_params": {
    "initial_rd": 173.1348255453435,
    "initial_sigma": 0.09047741893209633,
    "tau": 1.074902311773533
  },
  "best_metrics": {
    "accuracy": 0.6354085188082201,
    "log_loss": 0.6280956901326604,
    "brier_score": 0.21911094695875974,
    "duration": 1.8328173160552979
  }
}