{
  "best_params": {
    "initial_rating_dev": 173.1348255453435,
    "c": 14.230365520236216
  },
  "best_metrics": {
    "accuracy": 0.6355329588281305,
    "log_loss": 0.6280149579876706,
    "brier_score": 0.2191482071055532,
    "duration": 1.834670066833496
  }
}