{
  "best_params": {
    "dimension": 20,
    "eta_r": 45.13148323003819,
    "eta_c": 0.15452884274545373
  },
  "best_metrics": {
    "accuracy": 0.6276576832823721,
    "log_loss": 0.6329641679125899,
    "brier_score": 0.22133372848822946,
    "duration": 1.8614141941070557
  }
}