{
  "best_params": {
    "initial_sigma": 6.634983842823713,
    "beta": 11.536174705646836,
    "tau": 0.6359438110577388
  },
  "best_metrics": {
    "accuracy": 0.6315331010452961,
    "log_loss": 0.6299814162559398,
    "brier_score": 0.22017451074095806,
    "duration": 1.9318063259124756
  }
}