{
  "best_params": {
    "v_0": 3.7626668337954885,
    "beta": 1.0000044253463756,
    "s": 3.655522952702227,
    "epsilon": 0.0526504265221193
  },
  "best_metrics": {
    "accuracy": 0.6333641470525493,
    "log_loss": 0.6339186148088732,
    "brier_score": 0.2205530752234145,
    "duration": 0.7870314121246338
  }
}