{
  "best_params": {
    "v_0": 3.956966166496096,
    "beta": 0.999607363839203,
    "s": 7.89246541303144,
    "epsilon": 0.049492073233881634
  },
  "best_metrics": {
    "accuracy": 0.6308931238000427,
    "log_loss": 0.6308761744909965,
    "brier_score": 0.2206152850574701,
    "duration": 0.550025463104248
  }
}