{
  "best_params": {
    "initial_sigma": 2.1410904225489147,
    "beta": 1.3392725461925339,
    "kappa": 0.0009121645287315866
  },
  "best_metrics": {
    "accuracy": 0.629808717912252,
    "log_loss": 0.6300793382901443,
    "brier_score": 0.2202679031662911,
    "duration": 1.4954328536987305
  }
}