{
  "best_params": {
    "initial_sigma": 1.9379868362771493,
    "beta": 2.791185043830569,
    "kappa": 0.0004546798452985542
  },
  "best_metrics": {
    "accuracy": 0.6316930953566096,
    "log_loss": 0.6294344819954218,
    "brier_score": 0.21968521307690217,
    "duration": 2.7329046726226807
  }
}