{
  "best_params": {
    "temperature": 0.005007251532784665
  },
  "best_metrics": {
    "accuracy": 0.4995486947424762,
    "accuracy_without_draws": 0.49954666425539296,
    "log_loss": 0.6931466056369366,
    "brier_score": 0.24887996458909692,
    "duration": 5.49390983581543
  }
}