{
  "best_params": {
    "initial_sigma": 2.037646748518549,
    "beta": 2.584673601043062,
    "tau": 0.37884337485448855
  },
  "best_metrics": {
    "accuracy": 0.7335668929275235,
    "accuracy_without_draws": 0.7346177438787456,
    "log_loss": 0.5117707645924668,
    "brier_score": 0.1713128020693628,
    "duration": 10.600095510482788
  }
}