{
  "best_params": {
    "initial_sigma": 2.0113610442760996,
    "beta": 3.484102125522976,
    "tau": 0.28589262680266697
  },
  "best_metrics": {
    "accuracy": 0.7316021207984461,
    "accuracy_without_draws": 0.7326855287459324,
    "log_loss": 0.514052587465443,
    "brier_score": 0.17202384579729155,
    "duration": 12.71005129814148
  }
}