{
  "best_params": {
    "initial_sigma": 18.59668924418518,
    "beta": 19.45675867181867,
    "tau": 0.6931209233579754
  },
  "best_metrics": {
    "accuracy": 0.7338047796039946,
    "accuracy_without_draws": 0.734898491334742,
    "log_loss": 0.5120516245020642,
    "brier_score": 0.17129907428371716,
    "duration": 12.16642427444458
  }
}