{
  "best_params": {
    "initial_sigma": 7.828027895969175,
    "beta": 9.842046496433213,
    "tau": 0.5275750736325995
  },
  "best_metrics": {
    "accuracy": 0.7339325385465291,
    "accuracy_without_draws": 0.7350268479188407,
    "log_loss": 0.5108555691545211,
    "brier_score": 0.1709449365429794,
    "duration": 13.137444257736206
  }
}