{
  "best_params": {
    "initial_sigma": 72.89336094123335,
    "beta": 14.485185764461331,
    "kappa": 0.00021622109348341394
  },
  "best_metrics": {
    "accuracy": 0.7311218159258448,
    "accuracy_without_draws": 0.7321616661249447,
    "log_loss": 0.5211487472989573,
    "brier_score": 0.17427978949132794,
    "duration": 11.321175336837769
  }
}