{
  "best_params": {
    "initial_sigma": 30.81956318888337,
    "beta": 19.427778246821617,
    "kappa": 0.000516719893419809
  },
  "best_metrics": {
    "accuracy": 0.7335863562270394,
    "accuracy_without_draws": 0.7346372947464375,
    "log_loss": 0.5172446509792452,
    "brier_score": 0.17292469372261712,
    "duration": 13.184856414794922
  }
}