{
  "best_params": {
    "temperature": 0.005007251532784665,
    "prior": 207.94315370325182
  },
  "best_metrics": {
    "accuracy": 0.5946521533364884,
    "accuracy_without_draws": 0.5946745562130178,
    "log_loss": 0.6767764430376932,
    "brier_score": 0.24189777656563763,
    "duration": 0.004015207290649414
  }
}