{
  "best_params": {
    "k": 38.45235085587421
  },
  "best_metrics": {
    "accuracy": 0.6087316611452911,
    "accuracy_without_draws": 0.6087573964497042,
    "log_loss": 0.6444647899339105,
    "brier_score": 0.22693908084598022,
    "duration": 0.011995792388916016
  }
}