{
  "best_params": {
    "initial_rd": 101.01515355870085,
    "initial_sigma": 0.21328444168490543,
    "tau": 0.43738269660223006
  },
  "best_metrics": {
    "accuracy": 0.6099148130619971,
    "accuracy_without_draws": 0.6099408284023669,
    "log_loss": 0.6442394186303563,
    "brier_score": 0.22688049149710615,
    "duration": 0.07500076293945312
  }
}