{
  "best_params": {
    "temperature": 0.0021751450396781044
  },
  "best_metrics": {
    "accuracy": 0.4859204921911974,
    "accuracy_without_draws": 0.4859171597633136,
    "log_loss": 0.6931610272499236,
    "brier_score": 0.24994776574805347,
    "duration": 0.004480123519897461
  }
}