{
  "best_params": {
    "initial_sigma": 1.4689860078608556,
    "beta": 3.1317535357571904,
    "tau": 0.41978374253543416
  },
  "best_metrics": {
    "accuracy": 0.6056554661618552,
    "accuracy_without_draws": 0.6056804733727811,
    "log_loss": 0.6460025054430703,
    "brier_score": 0.22761367048512066,
    "duration": 0.06170463562011719
  }
}