{
  "best_params": {
    "v_0": 0.7786280986358622,
    "beta": 0.9995133939314553,
    "s": 3.5922927220007264,
    "epsilon": 0.05416435345878743
  },
  "best_metrics": {
    "accuracy": 0.604472314245149,
    "accuracy_without_draws": 0.6044970414201184,
    "log_loss": 0.6460780026765266,
    "brier_score": 0.22767261156508342,
    "duration": 0.018077850341796875
  }
}