{
  "best_params": {
    "v_0": 0.2959759908377537,
    "beta": 0.996622154591466,
    "s": 1.730936986693827,
    "epsilon": 0.02908610251483785
  },
  "best_metrics": {
    "accuracy": 0.6077851396119262,
    "accuracy_without_draws": 0.6078106508875739,
    "log_loss": 0.6463878534738144,
    "brier_score": 0.22782294008809903,
    "duration": 0.025044918060302734
  }
}