{
  "best_params": {
    "temperature": 0.02128939373879725,
    "prior": 43.13618181470482
  },
  "best_metrics": {
    "accuracy": 0.6025792711784194,
    "accuracy_without_draws": 0.602603550295858,
    "log_loss": 0.6698059905607892,
    "brier_score": 0.23763105566291073,
    "duration": 0.00409698486328125
  }
}