{
  "best_params": {
    "initial_sigma": 38.06130628960743,
    "beta": 35.37990753881545,
    "kappa": 0.0008502101802553831
  },
  "best_metrics": {
    "accuracy": 0.6127543776620918,
    "accuracy_without_draws": 0.6127810650887574,
    "log_loss": 0.6453573269771141,
    "brier_score": 0.2273167704755724,
    "duration": 0.06744623184204102
  }
}