{
  "best_params": {
    "initial_sigma": 16.407188881624315,
    "beta": 30.994260095265208,
    "kappa": 0.0003785805861260177
  },
  "best_metrics": {
    "accuracy": 0.6127543776620918,
    "accuracy_without_draws": 0.6127810650887574,
    "log_loss": 0.6444757618049911,
    "brier_score": 0.22695619574461473,
    "duration": 0.07851028442382812
  }
}