{
  "best_params": {
    "temperature": 4.622324297401399,
    "prior": 11.998881572666887
  },
  "best_metrics": {
    "accuracy": 0.6021060104117368,
    "accuracy_without_draws": 0.6021301775147929,
    "log_loss": 0.6528537369001682,
    "brier_score": 0.23083066873164657,
    "duration": 0.00432133674621582
  }
}