{
  "best_params": {
    "k": 63.58764313599298
  },
  "best_metrics": {
    "accuracy": 0.7174980930997067,
    "log_loss": 0.5315089862173809,
    "brier_score": 0.17838230365497074,
    "duration": 1.2757682800292969
  }
}