{
  "best_params": {
    "v_0": 8.097107949417001,
    "beta": 0.9988465909374568,
    "s": 4.4965790850960214,
    "epsilon": 0.08380439527015636
  },
  "best_metrics": {
    "accuracy": 0.7192102747010732,
    "log_loss": 0.5312154876529848,
    "brier_score": 0.1783164796488575,
    "duration": 3.292562961578369
  }
}