{
  "best_params": {
    "initial_sigma": 74.17668541406061,
    "beta": 30.14326842015704,
    "kappa": 0.0004986408928630892
  },
  "best_metrics": {
    "accuracy": 0.7096516012590913,
    "log_loss": 0.5390653822815215,
    "brier_score": 0.182175398765591,
    "duration": 9.928903818130493
  }
}