{
  "best_params": {
    "dimension": 10,
    "eta_r": 43.52626268871497,
    "eta_c": 0.017987426835907386
  },
  "best_metrics": {
    "accuracy": 0.6211274417604858,
    "log_loss": 0.6411529349132199,
    "brier_score": 0.22472220439534382,
    "duration": 0.9297218322753906
  }
}