{
  "best_params": {
    "k": 71.796165654418
  },
  "best_metrics": {
    "accuracy": 0.6500168605631428,
    "accuracy_without_draws": 0.6507284431644926,
    "log_loss": 0.6102378095393355,
    "brier_score": 0.2094864250854438,
    "duration": 0.06334471702575684
  }
}