{
  "best_params": {
    "initial_sigma": 13.192588143424233,
    "beta": 9.599868828626269,
    "tau": 0.787428206271835
  },
  "best_metrics": {
    "accuracy": 0.6583628393188332,
    "accuracy_without_draws": 0.6591140098255125,
    "log_loss": 0.6052141965073559,
    "brier_score": 0.20793422086577334,
    "duration": 0.4810323715209961
  }
}