{
  "best_params": {
    "initial_sigma": 1.9930398917660912,
    "sigma_reduction_factor": 0.7751146483040694,
    "sigma_lower_bound": 0.8154871046841371,
    "b": 0.6217315838783082
  },
  "best_metrics": {
    "accuracy": 0.6563395717416962,
    "accuracy_without_draws": 0.6570811451804167,
    "log_loss": 0.6053831878870521,
    "brier_score": 0.20798980443557522,
    "duration": 0.2634556293487549
  }
}