{
  "best_params": {
    "v_0": 1.5345465101919054,
    "beta": 0.9915455460096674,
    "s": 1.563469096624805,
    "epsilon": 0.030557509215599903
  },
  "best_metrics": {
    "accuracy": 0.654147698533131,
    "accuracy_without_draws": 0.6548788751482297,
    "log_loss": 0.6063272173658872,
    "brier_score": 0.20845360625434192,
    "duration": 0.1313927173614502
  }
}