{
  "best_params": {
    "v_0": 3.5367777665164275,
    "beta": 0.9930445786413945,
    "s": 3.357244591043056,
    "epsilon": 0.06329460958740288
  },
  "best_metrics": {
    "accuracy": 0.6576884167931208,
    "accuracy_without_draws": 0.6584363882771472,
    "log_loss": 0.6045770951194863,
    "brier_score": 0.20784476397457238,
    "duration": 0.09631657600402832
  }
}