{
  "best_params": {
    "initial_sigma": 59.89415984245843,
    "beta": 19.348834145873752,
    "kappa": 0.0009055626993788858
  },
  "best_metrics": {
    "accuracy": 0.6480778958017198,
    "accuracy_without_draws": 0.6487802812129426,
    "log_loss": 0.610004615858292,
    "brier_score": 0.21017575832286933,
    "duration": 0.43886518478393555
  }
}