{
  "best_params": {
    "initial_sigma": 15.79719396233813,
    "beta": 15.617150626412508,
    "kappa": 0.0007594093527170578
  },
  "best_metrics": {
    "accuracy": 0.6514500084302816,
    "accuracy_without_draws": 0.6521683889547688,
    "log_loss": 0.6071058068666145,
    "brier_score": 0.208716411008671,
    "duration": 0.5261266231536865
  }
}