{
  "best_params": {
    "k": 25.56786150887638
  },
  "best_metrics": {
    "accuracy": 0.5744865490309516,
    "log_loss": 0.6728929926727993,
    "brier_score": 0.2256028722306777,
    "duration": 0.11014890670776367
  }
}