{
  "best_params": {
    "k": 118.86000644563933,
    "kappa": 1.14220968163867,
    "sigma": 680.1500545372974
  },
  "best_metrics": {
    "accuracy": 0.5744286954006363,
    "log_loss": 0.6721973049785671,
    "brier_score": 0.22525281216328125,
    "duration": 0.0977025032043457
  }
}