{
  "best_params": {
    "b": 0.006509249701355612,
    "sigma": 65.47333625881221,
    "use_approx": true
  },
  "best_metrics": {
    "accuracy": 0.5744286954006363,
    "log_loss": 0.6725244588796353,
    "brier_score": 0.22543489755469573,
    "duration": 0.11776494979858398
  }
}