{
  "best_params": {
    "initial_rd": 90.51045439388737,
    "initial_sigma": 0.03452234951023481,
    "tau": 0.9124706050158737
  },
  "best_metrics": {
    "accuracy": 0.5778709864043968,
    "log_loss": 0.6723710785707406,
    "brier_score": 0.22534964114464687,
    "duration": 0.6508536338806152
  }
}