{
  "best_params": {
    "dimension": 5,
    "eta_r": 26.014099560946203,
    "eta_c": 0.4058210643838969
  },
  "best_metrics": {
    "accuracy": 0.5737055250216951,
    "log_loss": 0.672891498922158,
    "brier_score": 0.2255970709772928,
    "duration": 0.6658141613006592
  }
}