{
  "best_params": {
    "initial_sigma": 12.834386837712854,
    "beta": 28.746131662903554,
    "tau": 0.5955333421263173
  },
  "best_metrics": {
    "accuracy": 0.5758171825282037,
    "log_loss": 0.6728610997895406,
    "brier_score": 0.2255935675572962,
    "duration": 0.4773068428039551
  }
}