{
  "best_params": {
    "v_0": 5.014370190314983,
    "beta": 0.9934997064741931,
    "s": 9.29419683428414,
    "epsilon": 0.06573851877701815
  },
  "best_metrics": {
    "accuracy": 0.5752675730402083,
    "log_loss": 0.6715854940271428,
    "brier_score": 0.2250657173729081,
    "duration": 0.23749566078186035
  }
}