{
  "best_params": {
    "v_0": 5.9595929998615835,
    "beta": 0.9956210522784545,
    "s": 7.812972331591968,
    "epsilon": 0.07994331208543722
  },
  "best_metrics": {
    "accuracy": 0.5750361585189471,
    "log_loss": 0.6715410584833188,
    "brier_score": 0.22502793815595756,
    "duration": 0.2848801612854004
  }
}