{
  "best_params": {
    "initial_sigma": 1.9379868362771493,
    "beta": 2.791185043830569,
    "kappa": 0.0004546798452985542
  },
  "best_metrics": {
    "accuracy": 0.5750650853341047,
    "log_loss": 0.672635611838633,
    "brier_score": 0.22548873874597883,
    "duration": 0.47046613693237305
  }
}