{
  "best_params": {
    "initial_sigma": 15.959584980570776,
    "beta": 40.52546101536648,
    "kappa": 0.0005400925345042813
  },
  "best_metrics": {
    "accuracy": 0.5740237199884293,
    "log_loss": 0.6727473853469218,
    "brier_score": 0.22552599540903395,
    "duration": 0.5412652492523193
  }
}