{
  "best_params": {
    "initial_rd": 257.27393387946245,
    "initial_sigma": 0.07644303315358622,
    "tau": 0.43164425690417
  },
  "best_metrics": {
    "accuracy": 0.7381176556455733,
    "accuracy_without_draws": 0.7391889811309689,
    "log_loss": 0.5070409011216926,
    "brier_score": 0.1694517371219216,
    "duration": 13.785036563873291
  }
}