{
  "best_params": {
    "initial_sigma": 12.33178253114887,
    "beta": 14.391967440330745,
    "tau": 0.809501845221962
  },
  "best_metrics": {
    "accuracy": 0.7348624188015473,
    "accuracy_without_draws": 0.7359190985094908,
    "log_loss": 0.5103593086105981,
    "brier_score": 0.17071559158678853,
    "duration": 11.86775255203247
  }
}