{
  "best_params": {
    "initial_sigma": 1.7061084292044628,
    "sigma_reduction_factor": 0.4928942157711981,
    "sigma_lower_bound": 0.8812816505442185,
    "b": 0.5915283573569479
  },
  "best_metrics": {
    "accuracy": 0.7323711164635185,
    "accuracy_without_draws": 0.7334165874449216,
    "log_loss": 0.5135544259401738,
    "brier_score": 0.1720362183193058,
    "duration": 5.21561074256897
  }
}