{
  "best_params": {
    "v_0": 6.444681612901387,
    "beta": 0.9995163431237442,
    "s": 5.2990268637193605,
    "epsilon": 0.062307939797877854
  },
  "best_metrics": {
    "accuracy": 0.7300987762450429,
    "accuracy_without_draws": 0.7311340236418867,
    "log_loss": 0.5203995889851784,
    "brier_score": 0.17443491410632,
    "duration": 4.823754072189331
  }
}