{
  "best_params": {
    "v_0": 1.5032880764972778,
    "beta": 0.9995165840789919,
    "s": 1.4275179517198842,
    "epsilon": 0.005346518350775588
  },
  "best_metrics": {
    "accuracy": 0.7292058973797533,
    "accuracy_without_draws": 0.7302371275865187,
    "log_loss": 0.5201777954457196,
    "brier_score": 0.17438835518854054,
    "duration": 5.732618808746338
  }
}