{
  "best_params": {
    "initial_sigma": 42.299625610667796,
    "beta": 8.280478661468617,
    "kappa": 0.00027843054337312414
  },
  "best_metrics": {
    "accuracy": 0.7325170912098874,
    "accuracy_without_draws": 0.7335632189526111,
    "log_loss": 0.5195471819165677,
    "brier_score": 0.1736197336889038,
    "duration": 12.842180013656616
  }
}