{
  "best_params": {
    "initial_sigma": 40.5076652092741,
    "beta": 24.40678677324155,
    "kappa": 0.0005099913436257391
  },
  "best_metrics": {
    "accuracy": 0.7347991630781208,
    "accuracy_without_draws": 0.7358555581894919,
    "log_loss": 0.5157989801283012,
    "brier_score": 0.17230851954927748,
    "duration": 13.965161085128784
  }
}