{
  "best_params": {
    "k": 79.75584071270391
  },
  "best_metrics": {
    "accuracy": 0.63278615253342,
    "log_loss": 0.6257016389016393,
    "brier_score": 0.2156897663447249,
    "duration": 0.08109331130981445
  }
}