{
  "best_params": {
    "k": 187.01448482248122,
    "kappa": 1.4776714965690423,
    "sigma": 588.2848945686831
  },
  "best_metrics": {
    "accuracy": 0.6327048880581854,
    "log_loss": 0.6256412208984689,
    "brier_score": 0.21598475824028446,
    "duration": 0.1462247371673584
  }
}