{
  "best_params": {
    "b": 0.006433934230991325,
    "sigma": 158.47380747557924,
    "use_approx": true
  },
  "best_metrics": {
    "accuracy": 0.6343301775628784,
    "log_loss": 0.6221101141995177,
    "brier_score": 0.214367497110167,
    "duration": 0.08634328842163086
  }
}