{
  "best_params": {
    "initial_rd": 249.67345812334875,
    "initial_sigma": 0.17799459254112154,
    "tau": 0.5009869592584677
  },
  "best_metrics": {
    "accuracy": 0.639653000690748,
    "log_loss": 0.6179679522607373,
    "brier_score": 0.21279178425885734,
    "duration": 0.763439416885376
  }
}