{
  "best_params": {
    "initial_rating_dev": 251.13677529912437,
    "c": 32.15828972667678
  },
  "best_metrics": {
    "accuracy": 0.639896794116452,
    "log_loss": 0.6179620958379262,
    "brier_score": 0.21277780104508442,
    "duration": 0.59993577003479
  }
}