{
  "best_params": {
    "dimension": 5,
    "eta_r": 79.721226344815,
    "eta_c": 0.2954424979786273
  },
  "best_metrics": {
    "accuracy": 0.6331315265531673,
    "log_loss": 0.6257026735035933,
    "brier_score": 0.21569096139452393,
    "duration": 0.5566496849060059
  }
}