{
  "best_params": {
    "initial_sigma": 4.184114816547302,
    "beta": 5.147860788471235,
    "tau": 0.8303933467320773
  },
  "best_metrics": {
    "accuracy": 0.6334769005729145,
    "log_loss": 0.6217403516164001,
    "brier_score": 0.21431408756851703,
    "duration": 0.6818990707397461
  }
}