{
  "best_params": {
    "initial_sigma": 1.9930398917660912,
    "sigma_reduction_factor": 0.7751146483040694,
    "sigma_lower_bound": 0.8154871046841371,
    "b": 0.6217315838783082
  },
  "best_metrics": {
    "accuracy": 0.6346958677014343,
    "log_loss": 0.6254936337740911,
    "brier_score": 0.21576335016310985,
    "duration": 0.5379378795623779
  }
}