{
  "best_params": {
    "v_0": 7.49150944643998,
    "beta": 0.9940330010526633,
    "s": 4.753629417215739,
    "epsilon": 0.09657128894400303
  },
  "best_metrics": {
    "accuracy": 0.6346958677014343,
    "log_loss": 0.6212877633419247,
    "brier_score": 0.21447562675146717,
    "duration": 0.37297558784484863
  }
}