{
  "best_params": {
    "v_0": 3.4496566882532105,
    "beta": 0.9938481686107152,
    "s": 2.282713550041307,
    "epsilon": 0.04156148655678254
  },
  "best_metrics": {
    "accuracy": 0.6335987972857665,
    "log_loss": 0.6225538153798446,
    "brier_score": 0.21501553119766584,
    "duration": 0.2945857048034668
  }
}