{
  "best_params": {
    "initial_sigma": 7.542236164642635,
    "beta": 2.3970018009939698,
    "kappa": 0.0007364313879312176
  },
  "best_metrics": {
    "accuracy": 0.632420462394864,
    "log_loss": 0.6259836497148358,
    "brier_score": 0.21581525094001888,
    "duration": 0.9363512992858887
  }
}