{
  "best_params": {
    "initial_sigma": 14.942004430953546,
    "beta": 15.799471624086673,
    "kappa": 7.481748275533522e-05
  },
  "best_metrics": {
    "accuracy": 0.6338019584738531,
    "log_loss": 0.6239857420438447,
    "brier_score": 0.2150985544639942,
    "duration": 1.0724620819091797
  }
}