{
  "best_params": {
    "initial_sigma": 7.29501831720537,
    "beta": 14.663808192440523,
    "tau": 0.669111832968154
  },
  "best_metrics": {
    "accuracy": 0.6143390061930073,
    "log_loss": 0.6475734486442336,
    "brier_score": 0.22741058406746686,
    "duration": 2.0479018688201904
  }
}