{
  "best_params": {
    "k": 61.78120826293975
  },
  "best_metrics": {
    "accuracy": 0.6464000305527178,
    "accuracy_without_draws": 0.6506341300482351,
    "log_loss": 0.6279472230019846,
    "brier_score": 0.21163367020530124,
    "duration": 0.41472625732421875
  }
}