{
  "best_params": {
    "initial_rd": 217.45573340021394,
    "initial_sigma": 0.05911205362063489,
    "tau": 0.5407292232831321
  },
  "best_metrics": {
    "accuracy": 0.6521668560298652,
    "accuracy_without_draws": 0.6565677404143704,
    "log_loss": 0.6191174779609874,
    "brier_score": 0.2080116101277395,
    "duration": 4.110664129257202
  }
}