{
  "best_params": {
    "initial_sigma": 17.67916712323281,
    "beta": 17.842290407141814,
    "tau": 0.770180677417191
  },
  "best_metrics": {
    "accuracy": 0.6495316841230893,
    "accuracy_without_draws": 0.6538563555450768,
    "log_loss": 0.6216834561651013,
    "brier_score": 0.20899209654088322,
    "duration": 3.3065733909606934
  }
}