{
  "best_params": {
    "initial_sigma": 1.5089252402511437,
    "sigma_reduction_factor": 0.7679487577285138,
    "sigma_lower_bound": 0.8626379820781027,
    "b": 0.6786856170704886
  },
  "best_metrics": {
    "accuracy": 0.6470922405644615,
    "accuracy_without_draws": 0.6513463597693359,
    "log_loss": 0.6245084681096523,
    "brier_score": 0.21029458956295713,
    "duration": 1.450073480606079
  }
}