{
  "best_params": {
    "v_0": 9.291102597367088,
    "beta": 0.9978970597100412,
    "s": 4.723920860534233,
    "epsilon": 0.04787327761411394
  },
  "best_metrics": {
    "accuracy": 0.6475075665715077,
    "accuracy_without_draws": 0.6517736976019962,
    "log_loss": 0.6206893383400682,
    "brier_score": 0.20903613151712394,
    "duration": 1.7631425857543945
  }
}