{
  "best_params": {
    "v_0": 6.772861252883212,
    "beta": 0.9990999815693757,
    "s": 5.393839348173537,
    "epsilon": 0.021338073217164844
  },
  "best_metrics": {
    "accuracy": 0.6495651011581389,
    "accuracy_without_draws": 0.6538907390488541,
    "log_loss": 0.6195323321260646,
    "brier_score": 0.20847271531548558,
    "duration": 1.5533373355865479
  }
}