{
  "best_params": {
    "temperature": 0.005002261193448078,
    "prior": 144.5200960636074
  },
  "best_metrics": {
    "accuracy": 0.5994443224457451,
    "accuracy_without_draws": 0.6023203953120548,
    "log_loss": 0.6845908344963407,
    "brier_score": 0.23858474512622999,
    "duration": 0.23163986206054688
  }
}