{
  "best_params": {
    "initial_sigma": 58.38811551942737,
    "beta": 30.868653293024025,
    "kappa": 0.0006517730516040504
  },
  "best_metrics": {
    "accuracy": 0.640437476727422,
    "accuracy_without_draws": 0.6444991305885474,
    "log_loss": 0.6303489244997388,
    "brier_score": 0.21299594582163214,
    "duration": 2.160831928253174
  }
}