{
  "best_params": {
    "initial_sigma": 9.611508867607041,
    "beta": 10.976275141136533,
    "kappa": 0.00020478896346907703
  },
  "best_metrics": {
    "accuracy": 0.6439892301669897,
    "accuracy_without_draws": 0.6481536058471604,
    "log_loss": 0.6269675703888568,
    "brier_score": 0.21141003950225773,
    "duration": 4.332011699676514
  }
}