{
  "best_params": {
    "temperature": 4.094363656233979,
    "prior": 5.9477401992838885
  },
  "best_metrics": {
    "accuracy": 0.6244211692143178,
    "accuracy_without_draws": 0.6280196084210112,
    "log_loss": 0.6406668948436945,
    "brier_score": 0.21802572660377065,
    "duration": 0.3743462562561035
  }
}