{
  "best_params": {
    "temperature": 0.005007251532784665,
    "prior": 207.94315370325182
  },
  "best_metrics": {
    "accuracy": 0.5909843823946995,
    "accuracy_without_draws": 0.5910059171597634,
    "log_loss": 0.6766074063423582,
    "brier_score": 0.24181913210541875,
    "duration": 0.0475921630859375
  }
}