{
  "best_params": {
    "k": 39.26152463381833
  },
  "best_metrics": {
    "accuracy": 0.6103880738286797,
    "accuracy_without_draws": 0.6104142011834319,
    "log_loss": 0.6418298556979888,
    "brier_score": 0.2257926066205381,
    "duration": 0.009677886962890625
  }
}