{
  "best_params": {
    "initial_sigma": 5.686270238423992,
    "beta": 12.075467309992634,
    "tau": 0.9085973207538065
  },
  "best_metrics": {
    "accuracy": 0.6142924751538098,
    "accuracy_without_draws": 0.6143195266272189,
    "log_loss": 0.6432024180063433,
    "brier_score": 0.2263608538635385,
    "duration": 0.07288622856140137
  }
}