{
  "best_params": {
    "initial_sigma": 6.77524483607168,
    "beta": 13.830917856744769,
    "tau": 0.6474763751564525
  },
  "best_metrics": {
    "accuracy": 0.6163112164296999,
    "accuracy_without_draws": 0.6163341892158799,
    "log_loss": 0.6398523744733396,
    "brier_score": 0.22499781986927184,
    "duration": 0.5419249534606934
  }
}