{
  "best_params": {
    "initial_sigma": 2.4327035022185037,
    "beta": 8.49622410994725,
    "tau": 0.6008253290660602
  },
  "best_metrics": {
    "accuracy": 0.6157187993680885,
    "accuracy_without_draws": 0.6157416551451709,
    "log_loss": 0.642066737154026,
    "brier_score": 0.22599388212104396,
    "duration": 0.4503037929534912
  }
}