{
  "best_params": {
    "initial_sigma": 0.361566695795972,
    "sigma_reduction_factor": 0.2270688001098269,
    "sigma_lower_bound": 0.9364410010191748,
    "b": 0.5389694031636453
  },
  "best_metrics": {
    "accuracy": 0.608140085186938,
    "accuracy_without_draws": 0.6081656804733728,
    "log_loss": 0.6422329190898792,
    "brier_score": 0.22598527844852032,
    "duration": 0.03371548652648926
  }
}