{
  "best_params": {
    "v_0": 2.0880106002766383,
    "beta": 0.9990386754860192,
    "s": 5.897533671296266,
    "epsilon": 0.057812062829893894
  },
  "best_metrics": {
    "accuracy": 0.614529105537151,
    "accuracy_without_draws": 0.6145562130177514,
    "log_loss": 0.6435170293137243,
    "brier_score": 0.22654563696444782,
    "duration": 0.0221707820892334
  }
}