{
  "best_params": {
    "initial_sigma": 9.78461050102951,
    "beta": 18.286652301420073,
    "kappa": 0.0007668540313337825
  },
  "best_metrics": {
    "accuracy": 0.6147657359204922,
    "accuracy_without_draws": 0.6147928994082841,
    "log_loss": 0.6423153378122157,
    "brier_score": 0.2259945946833837,
    "duration": 0.09064078330993652
  }
}