{
  "best_params": {
    "temperature": 0.002899826071827697,
    "prior": 529.6005909397546
  },
  "best_metrics": {
    "accuracy": 0.5621127204330848,
    "accuracy_without_draws": 0.5639091096637293,
    "log_loss": 0.6892333046980423,
    "brier_score": 0.2408930013700267,
    "duration": 1.387317180633545
  }
}