{
  "best_params": {
    "k": 50.80853511228502
  },
  "best_metrics": {
    "accuracy": 0.6323935190047452,
    "accuracy_without_draws": 0.6362225300364465,
    "log_loss": 0.6391981697405378,
    "brier_score": 0.2167611532403379,
    "duration": 0.21247386932373047
  }
}