{
  "best_params": {
    "initial_rating_dev": 203.15632447223697,
    "c": 31.691843418925156
  },
  "best_metrics": {
    "accuracy": 0.6383369773814411,
    "accuracy_without_draws": 0.6423378817796902,
    "log_loss": 0.6319213699606681,
    "brier_score": 0.2136173164955146,
    "duration": 3.0437681674957275
  }
}