{
  "best_params": {
    "dimension": 1,
    "eta_r": 52.332656683950106,
    "eta_c": 0.15477923342260103
  },
  "best_metrics": {
    "accuracy": 0.6327181416309423,
    "accuracy_without_draws": 0.6365565412159971,
    "log_loss": 0.639200858415322,
    "brier_score": 0.21671642140597058,
    "duration": 3.4230411052703857
  }
}