{
  "best_params": {
    "initial_sigma": 4.184114816547302,
    "beta": 5.147860788471235,
    "tau": 0.8303933467320773
  },
  "best_metrics": {
    "accuracy": 0.6370098437037532,
    "accuracy_without_draws": 0.6409723654868213,
    "log_loss": 0.6342322566738663,
    "brier_score": 0.21441353309124375,
    "duration": 4.037654876708984
  }
}