{
  "best_params": {
    "initial_sigma": 1.3665209422145799,
    "sigma_reduction_factor": 0.655560061131993,
    "sigma_lower_bound": 0.9052985611995714,
    "b": 0.5900923649178649
  },
  "best_metrics": {
    "accuracy": 0.6327611063902919,
    "accuracy_without_draws": 0.6366007485779965,
    "log_loss": 0.6365661145340232,
    "brier_score": 0.21571723268460635,
    "duration": 2.1057024002075195
  }
}