{
  "best_params": {
    "v_0": 0.9075313654381735,
    "beta": 0.9870553304310193,
    "s": 1.70695457211663,
    "epsilon": 0.0452792085717937
  },
  "best_metrics": {
    "accuracy": 0.6343937672455771,
    "accuracy_without_draws": 0.6382806283339719,
    "log_loss": 0.632618048663632,
    "brier_score": 0.21417946719830314,
    "duration": 1.3862767219543457
  }
}