{
  "best_params": {
    "v_0": 1.49210231128286,
    "beta": 0.9948915132016702,
    "s": 3.028297353003043,
    "epsilon": 0.04439170649183649
  },
  "best_metrics": {
    "accuracy": 0.6351766806381699,
    "accuracy_without_draws": 0.6390861847081822,
    "log_loss": 0.6322774604227669,
    "brier_score": 0.21405708595234407,
    "duration": 1.1319117546081543
  }
}