{
  "best_params": {
    "initial_sigma": 22.24522824505894,
    "beta": 13.857254692652885,
    "kappa": 0.0009280407379919624
  },
  "best_metrics": {
    "accuracy": 0.6292570915722238,
    "accuracy_without_draws": 0.6329953926104939,
    "log_loss": 0.6397467663320432,
    "brier_score": 0.21727152676486863,
    "duration": 3.4533722400665283
  }
}