{
  "best_params": {
    "initial_sigma": 25.66678505176355,
    "beta": 33.73431057902156,
    "kappa": 0.0007834579679607317
  },
  "best_metrics": {
    "accuracy": 0.6318349771332002,
    "accuracy_without_draws": 0.6356478343304549,
    "log_loss": 0.6377320380367965,
    "brier_score": 0.21622312596630938,
    "duration": 4.3442277908325195
  }
}