{
  "best_params": {
    "temperature": 3.569020691858383,
    "prior": 9.65582920906668
  },
  "best_metrics": {
    "accuracy": 0.6129209352950724,
    "accuracy_without_draws": 0.6161867711925182,
    "log_loss": 0.6510160338480613,
    "brier_score": 0.22270259590234429,
    "duration": 1.666590929031372
  }
}