{
  "best_params": {
    "temperature": 0.002899826071827697,
    "prior": 529.6005909397546
  },
  "best_metrics": {
    "accuracy": 0.6006241771102551,
    "accuracy_without_draws": 0.6009601859213504,
    "log_loss": 0.6795129352978596,
    "brier_score": 0.24052482233971179,
    "duration": 0.7199468612670898
  }
}