{
  "best_params": {
    "k": 25.822243546543348
  },
  "best_metrics": {
    "accuracy": 0.6098283512946798,
    "accuracy_without_draws": 0.610195095101217,
    "log_loss": 0.6506158537981952,
    "brier_score": 0.22883074575516343,
    "duration": 0.4632399082183838
  }
}