{
  "best_params": {
    "initial_rd": 116.04765869270149,
    "initial_sigma": 0.08943288154239072,
    "tau": 0.6547892805035629
  },
  "best_metrics": {
    "accuracy": 0.615137514019603,
    "accuracy_without_draws": 0.6155219864228487,
    "log_loss": 0.6473453902515572,
    "brier_score": 0.22731793329511552,
    "duration": 3.4996743202209473
  }
}