{
  "best_params": {
    "temperature": 0.002899826071827697
  },
  "best_metrics": {
    "accuracy": 0.5014933925001219,
    "accuracy_without_draws": 0.5014983793040181,
    "log_loss": 0.6931494022140229,
    "brier_score": 0.24916907786198966,
    "duration": 0.5830678939819336
  }
}