{
  "best_params": {
    "initial_sigma": 1.8266873312394365,
    "sigma_reduction_factor": 0.35262645702340684,
    "sigma_lower_bound": 0.44038309985542734,
    "b": 0.4340964001211022
  },
  "best_metrics": {
    "accuracy": 0.6158445896523138,
    "accuracy_without_draws": 0.6162314231545472,
    "log_loss": 0.6493267365493683,
    "brier_score": 0.2279789960372077,
    "duration": 1.098559856414795
  }
}