{
  "best_params": {
    "v_0": 3.298958995043526,
    "beta": 0.9990053615355108,
    "s": 5.83020142176408,
    "epsilon": 0.035573378569664506
  },
  "best_metrics": {
    "accuracy": 0.6131808650704638,
    "accuracy_without_draws": 0.6135588037428903,
    "log_loss": 0.6492632007749215,
    "brier_score": 0.22819790868710246,
    "duration": 1.1296684741973877
  }
}