{
  "best_params": {
    "v_0": 5.337521406200287,
    "beta": 0.9991631003398695,
    "s": 6.25977417071629,
    "epsilon": 0.06423395087369241
  },
  "best_metrics": {
    "accuracy": 0.6118276686009655,
    "accuracy_without_draws": 0.6122010886184331,
    "log_loss": 0.6493041905719309,
    "brier_score": 0.2282411228177044,
    "duration": 1.0293004512786865
  }
}