{
  "best_params": {
    "temperature": 0.002899826071827697,
    "prior": 529.6005909397546
  },
  "best_metrics": {
    "accuracy": 0.6072743453454917,
    "accuracy_without_draws": 0.6076325606996514,
    "log_loss": 0.6747765075107166,
    "brier_score": 0.2397295489270576,
    "duration": 0.3445751667022705
  }
}