{
  "best_params": {
    "initial_sigma": 20.591998446908505,
    "beta": 17.719058817298453,
    "kappa": 0.0002882640453027042
  },
  "best_metrics": {
    "accuracy": 0.6138696542643975,
    "accuracy_without_draws": 0.6142498929729069,
    "log_loss": 0.6488426429700295,
    "brier_score": 0.22793032610972855,
    "duration": 2.611172914505005
  }
}