{
  "best_params": {
    "initial_sigma": 12.097681086555912,
    "beta": 22.02040027578804,
    "kappa": 0.0002834434537799444
  },
  "best_metrics": {
    "accuracy": 0.6141988101623835,
    "accuracy_without_draws": 0.6145801480031803,
    "log_loss": 0.6481230775131837,
    "brier_score": 0.22759714096968392,
    "duration": 3.3419511318206787
  }
}