{
  "best_params": {
    "temperature": 0.005007251532784665,
    "prior": 207.94315370325182
  },
  "best_metrics": {
    "accuracy": 0.6541105079568206,
    "accuracy_without_draws": 0.6541105079568206,
    "log_loss": 0.6568307509902684,
    "brier_score": 0.23211422969773227,
    "duration": 9.490694284439087
  }
}