{
  "best_params": {
    "k": 58.44277536379731
  },
  "best_metrics": {
    "accuracy": 0.6608392330079053,
    "accuracy_without_draws": 0.6608392330079053,
    "log_loss": 0.5991887242675303,
    "brier_score": 0.20633858822935616,
    "duration": 0.5160434246063232
  }
}