{
  "best_params": {
    "temperature": 0.005007251532784665
  },
  "best_metrics": {
    "accuracy": 0.5012074552622345,
    "accuracy_without_draws": 0.5012074552622345,
    "log_loss": 0.693144988708016,
    "brier_score": 0.2499989040747237,
    "duration": 9.354194164276123
  }
}