{
  "best_params": {
    "initial_sigma": 5.963422749993734,
    "beta": 5.184471751001956,
    "tau": 0.5750250988519144
  },
  "best_metrics": {
    "accuracy": 0.6678032570331689,
    "accuracy_without_draws": 0.6678032570331689,
    "log_loss": 0.5933919738497244,
    "brier_score": 0.20405472044622527,
    "duration": 3.268035888671875
  }
}