{
  "best_params": {
    "v_0": 2.439634358470779,
    "beta": 0.9957937832586244,
    "s": 2.999359449637231,
    "epsilon": 0.04595717886611883
  },
  "best_metrics": {
    "accuracy": 0.6659704018658796,
    "accuracy_without_draws": 0.6659704018658796,
    "log_loss": 0.5943102617931318,
    "brier_score": 0.20483177917001144,
    "duration": 0.9906039237976074
  }
}