{
  "best_params": {
    "v_0": 1.291594224133365,
    "beta": 0.9929484795896375,
    "s": 1.5911792447155542,
    "epsilon": 0.03326566876135583
  },
  "best_metrics": {
    "accuracy": 0.6641829552725547,
    "accuracy_without_draws": 0.6641829552725547,
    "log_loss": 0.595855025828574,
    "brier_score": 0.20536568215191747,
    "duration": 1.1847217082977295
  }
}