{
  "best_params": {
    "temperature": 0.005007251532784665,
    "prior": 207.94315370325182
  },
  "best_metrics": {
    "accuracy": 0.6610002270428699,
    "accuracy_without_draws": 0.6610002270428699,
    "log_loss": 0.6628665972536955,
    "brier_score": 0.23516815470184713,
    "duration": 9.133274555206299
  }
}