{
  "best_params": {
    "initial_sigma": 68.88693386748939,
    "beta": 26.696739984595506,
    "kappa": 0.0007894606173045819
  },
  "best_metrics": {
    "accuracy": 0.6650209498648063,
    "accuracy_without_draws": 0.6650209498648063,
    "log_loss": 0.5935492059695926,
    "brier_score": 0.20439177490136268,
    "duration": 3.71466326713562
  }
}