{
  "best_params": {
    "initial_sigma": 6.788970942660985,
    "beta": 7.690124101616731,
    "kappa": 0.0001502684283957321
  },
  "best_metrics": {
    "accuracy": 0.6668290367190242,
    "accuracy_without_draws": 0.6668290367190242,
    "log_loss": 0.5938758355677196,
    "brier_score": 0.20411710057846766,
    "duration": 4.195622444152832
  }
}