{
  "best_params": {
    "temperature": 0.005007251532784665,
    "prior": 207.94315370325182
  },
  "best_metrics": {
    "accuracy": 0.5895646000946522,
    "accuracy_without_draws": 0.589585798816568,
    "log_loss": 0.6766598789639969,
    "brier_score": 0.24184522609008421,
    "duration": 0.05654644966125488
  }
}