{
  "best_params": {
    "k": 39.11216388658825
  },
  "best_metrics": {
    "accuracy": 0.6109796497870327,
    "accuracy_without_draws": 0.6110059171597633,
    "log_loss": 0.6416767194968517,
    "brier_score": 0.22575349293271088,
    "duration": 0.023758411407470703
  }
}