{
  "best_params": {
    "initial_rd": 103.14399882154714,
    "initial_sigma": 0.04448415910772792,
    "tau": 0.93551239849606
  },
  "best_metrics": {
    "accuracy": 0.6138192143871273,
    "accuracy_without_draws": 0.6138461538461538,
    "log_loss": 0.6407312406766111,
    "brier_score": 0.2253706991167832,
    "duration": 0.18583035469055176
  }
}