{
  "best_params": {
    "initial_sigma": 1.0016454643947243,
    "beta": 2.0681422782310808,
    "tau": 0.05900407184365297
  },
  "best_metrics": {
    "accuracy": 0.6114529105537151,
    "accuracy_without_draws": 0.6114792899408285,
    "log_loss": 0.6426712274790986,
    "brier_score": 0.22614238228458802,
    "duration": 0.20786833763122559
  }
}