{
  "best_params": {
    "v_0": 6.527726818554582,
    "beta": 0.9995163114047,
    "s": 5.713865273439791,
    "epsilon": 0.016150692724084655
  },
  "best_metrics": {
    "accuracy": 0.6082584003786086,
    "accuracy_without_draws": 0.6082840236686391,
    "log_loss": 0.6443008327192491,
    "brier_score": 0.2270205637062204,
    "duration": 0.1401200294494629
  }
}