{
  "best_params": {
    "v_0": 5.894003799558352,
    "beta": 0.9990994823518854,
    "s": 9.487642891167736,
    "epsilon": 0.04031080556493962
  },
  "best_metrics": {
    "accuracy": 0.6127543776620918,
    "accuracy_without_draws": 0.6127810650887574,
    "log_loss": 0.6448714755924827,
    "brier_score": 0.2272723198900691,
    "duration": 0.0735933780670166
  }
}