{
  "best_params": {
    "initial_sigma": 11.403517902523912,
    "beta": 10.530075654398674,
    "kappa": 0.0004525792588381144
  },
  "best_metrics": {
    "accuracy": 0.6154756270705158,
    "accuracy_without_draws": 0.6155029585798817,
    "log_loss": 0.6432571659588479,
    "brier_score": 0.22637859603232727,
    "duration": 0.1585094928741455
  }
}