{
  "best_params": {
    "initial_sigma": 12.357668808966627,
    "beta": 23.069279165689792,
    "kappa": 0.0008003455200457582
  },
  "best_metrics": {
    "accuracy": 0.6150023663038334,
    "accuracy_without_draws": 0.6150295857988166,
    "log_loss": 0.642152969968409,
    "brier_score": 0.2259364594736077,
    "duration": 0.23809242248535156
  }
}