{
  "best_params": {
    "initial_rd": 193.7936194568548,
    "initial_sigma": 0.13927180484189816,
    "tau": 1.2896168709768832
  },
  "best_metrics": {
    "accuracy": 0.6444298041799262,
    "accuracy_without_draws": 0.6472041199287766,
    "log_loss": 0.624143952646917,
    "brier_score": 0.21261179109582637,
    "duration": 5.895026445388794
  }
}