{
  "best_params": {
    "initial_sigma": 6.652556913183289,
    "beta": 7.5828634892060744,
    "tau": 0.772172697717898
  },
  "best_metrics": {
    "accuracy": 0.6416445592136609,
    "accuracy_without_draws": 0.6443653738931289,
    "log_loss": 0.62621094414444,
    "brier_score": 0.21350997581381756,
    "duration": 4.428207874298096
  }
}