{
  "best_params": {
    "v_0": 5.010816836048896,
    "beta": 0.9971020218854442,
    "s": 4.046307709944866,
    "epsilon": 0.08251002575820343
  },
  "best_metrics": {
    "accuracy": 0.6383563819462009,
    "accuracy_without_draws": 0.6410140348563241,
    "log_loss": 0.6274987433497802,
    "brier_score": 0.21433785585962545,
    "duration": 1.5859432220458984
  }
}