{
  "best_params": {
    "v_0": 2.9020258073789638,
    "beta": 0.9975020894313946,
    "s": 4.289464099005416,
    "epsilon": 0.06354971132611617
  },
  "best_metrics": {
    "accuracy": 0.640626930112998,
    "accuracy_without_draws": 0.6433281974112555,
    "log_loss": 0.6263146453333197,
    "brier_score": 0.21375581822450113,
    "duration": 1.3481528759002686
  }
}