{
  "best_params": {
    "initial_sigma": 23.529767466402596,
    "beta": 13.328410523177554,
    "kappa": 0.0008653965156925434
  },
  "best_metrics": {
    "accuracy": 0.6380240348699728,
    "accuracy_without_draws": 0.6406753038087758,
    "log_loss": 0.6279627557281587,
    "brier_score": 0.21458157737256178,
    "duration": 3.9762256145477295
  }
}