{
  "best_params": {
    "initial_sigma": 24.10680746760666,
    "beta": 33.18931625077526,
    "kappa": 0.0006151687662179736
  },
  "best_metrics": {
    "accuracy": 0.639141662205961,
    "accuracy_without_draws": 0.6418143993669027,
    "log_loss": 0.6275104421984923,
    "brier_score": 0.21419227806789942,
    "duration": 5.698863744735718
  }
}