{
  "best_params": {
    "initial_rating_dev": 172.3032266757477,
    "c": 29.579914754307215
  },
  "best_metrics": {
    "accuracy": 0.6138255418462201,
    "accuracy_without_draws": 0.614185717596107,
    "log_loss": 0.6443297841415958,
    "brier_score": 0.22601183030617045,
    "duration": 2.962521553039551
  }
}