{
  "best_params": {
    "initial_rd": 167.23924446024066,
    "initial_sigma": 0.18619966121570372,
    "tau": 0.6225528394273823
  },
  "best_metrics": {
    "accuracy": 0.6139529882191759,
    "accuracy_without_draws": 0.6143135672449199,
    "log_loss": 0.644313986296794,
    "brier_score": 0.2259941968017088,
    "duration": 5.634676694869995
  }
}