{
  "best_params": {
    "dimension": 10,
    "eta_r": 39.23363031597335,
    "eta_c": 0.010374304033328905
  },
  "best_metrics": {
    "accuracy": 0.6066566833674518,
    "accuracy_without_draws": 0.606994174850376,
    "log_loss": 0.649468949202537,
    "brier_score": 0.22822512016265456,
    "duration": 4.5072362422943115
  }
}