{
  "best_params": {
    "initial_sigma": 1.9379868362771493,
    "beta": 2.791185043830569,
    "tau": 0.3787483111336956
  },
  "best_metrics": {
    "accuracy": 0.6111173064209076,
    "accuracy_without_draws": 0.6114689125588308,
    "log_loss": 0.6452626894857403,
    "brier_score": 0.22649962230460235,
    "duration": 3.9524624347686768
  }
}