{
  "best_params": {
    "initial_sigma": 1.8266873312394365,
    "sigma_reduction_factor": 0.35262645702340684,
    "sigma_lower_bound": 0.44038309985542734,
    "b": 0.4340964001211022
  },
  "best_metrics": {
    "accuracy": 0.6114757493448459,
    "accuracy_without_draws": 0.6118284896961174,
    "log_loss": 0.6474429556786276,
    "brier_score": 0.2272399876700597,
    "duration": 2.2691872119903564
  }
}