{
  "best_params": {
    "v_0": 0.9075313654381735,
    "beta": 0.9870553304310193,
    "s": 1.70695457211663,
    "epsilon": 0.0452792085717937
  },
  "best_metrics": {
    "accuracy": 0.6115115936372398,
    "accuracy_without_draws": 0.611864447409846,
    "log_loss": 0.6457383627824774,
    "brier_score": 0.22668554912062144,
    "duration": 1.529191017150879
  }
}