{
  "best_params": {
    "v_0": 1.6354349984213865,
    "beta": 0.9834699292806949,
    "s": 3.150945681298497,
    "epsilon": 0.04568591548025804
  },
  "best_metrics": {
    "accuracy": 0.6106353998231682,
    "accuracy_without_draws": 0.6109854810742567,
    "log_loss": 0.6451187096134892,
    "brier_score": 0.22657358089001395,
    "duration": 1.1852803230285645
  }
}