{
  "best_params": {
    "temperature": 0.00400660037912215,
    "prior": 192.2148809598511
  },
  "best_metrics": {
    "accuracy": 0.5939757692583417,
    "accuracy_without_draws": 0.5942731347934829,
    "log_loss": 0.6811852813077122,
    "brier_score": 0.24326177654912082,
    "duration": 3.5520997047424316
  }
}