{
  "best_params": {
    "initial_sigma": 30.194388619652063,
    "beta": 19.004228695514385,
    "kappa": 0.0005566408293831848
  },
  "best_metrics": {
    "accuracy": 0.6104960053527476,
    "accuracy_without_draws": 0.6108456455208675,
    "log_loss": 0.6458276699941848,
    "brier_score": 0.22672975783947322,
    "duration": 4.8680336475372314
  }
}