{
  "best_params": {
    "initial_sigma": 16.63877643609384,
    "beta": 26.66344456639182,
    "kappa": 0.0007977414644096735
  },
  "best_metrics": {
    "accuracy": 0.6102809395983846,
    "accuracy_without_draws": 0.6106298992384955,
    "log_loss": 0.6466014226030705,
    "brier_score": 0.22696392856020256,
    "duration": 4.330794095993042
  }
}