{
  "best_params": {
    "temperature": 4.865717812598246,
    "prior": 5.714637802844374
  },
  "best_metrics": {
    "accuracy": 0.6015867073433007,
    "accuracy_without_draws": 0.601908156008534,
    "log_loss": 0.6574173609323782,
    "brier_score": 0.23183579341341098,
    "duration": 5.073174476623535
  }
}