{
  "best_params": {
    "k": 27.12443046575573
  },
  "best_metrics": {
    "accuracy": 0.5759039629736766,
    "accuracy_without_draws": 0.580555043900043,
    "log_loss": 0.6717665631030514,
    "brier_score": 0.2250511327074221,
    "duration": 0.06912422180175781
  }
}