{
  "best_params": {
    "temperature": 0.002899826071827697
  },
  "best_metrics": {
    "accuracy": 0.5026323401793462,
    "accuracy_without_draws": 0.5027936390986677,
    "log_loss": 0.6931486923968306,
    "brier_score": 0.23556627515450532,
    "duration": 0.20987296104431152
  }
}