{
  "best_params": {
    "initial_sigma": 17.511500598267364,
    "beta": 36.41213165169215,
    "tau": 0.3381216453672875
  },
  "best_metrics": {
    "accuracy": 0.5788834249349146,
    "accuracy_without_draws": 0.5837170749677657,
    "log_loss": 0.6716836959085647,
    "brier_score": 0.22500252006777832,
    "duration": 0.3170597553253174
  }
}