{
  "best_params": {
    "initial_sigma": 0.34407032237330987,
    "sigma_reduction_factor": 0.8885643446417193,
    "sigma_lower_bound": 7.069650520288252,
    "b": 0.05964916174492037
  },
  "best_metrics": {
    "accuracy": 0.5737923054671681,
    "accuracy_without_draws": 0.578313992754958,
    "log_loss": 0.6724102369797087,
    "brier_score": 0.22535270264462862,
    "duration": 0.23944926261901855
  }
}