{
  "best_params": {
    "v_0": 4.06510396097093,
    "beta": 0.9981657776586009,
    "s": 9.147204265577074,
    "epsilon": 0.039492505176183204
  },
  "best_metrics": {
    "accuracy": 0.5760485970494649,
    "accuracy_without_draws": 0.5807085405538159,
    "log_loss": 0.6724585248502523,
    "brier_score": 0.2254234786455649,
    "duration": 0.19039320945739746
  }
}