{
  "best_params": {
    "v_0": 8.459573593363062,
    "beta": 0.9987033071699128,
    "s": 8.426110780670058,
    "epsilon": 0.024526442280979076
  },
  "best_metrics": {
    "accuracy": 0.5759907434191496,
    "accuracy_without_draws": 0.5806471418923067,
    "log_loss": 0.6709061073646162,
    "brier_score": 0.22473169934969298,
    "duration": 0.2618527412414551
  }
}