{
  "best_params": {
    "initial_sigma": 30.010544105151986,
    "beta": 38.79134774738489,
    "kappa": 0.0003357244591043056
  },
  "best_metrics": {
    "accuracy": 0.5773213769164015,
    "accuracy_without_draws": 0.5820593111070179,
    "log_loss": 0.6715419980973985,
    "brier_score": 0.22496202648008207,
    "duration": 0.30402183532714844
  }
}