{
  "best_params": {
    "initial_sigma": 14.325092142936175,
    "beta": 34.8424368129541,
    "kappa": 0.00031509456812984967
  },
  "best_metrics": {
    "accuracy": 0.5763378652010414,
    "accuracy_without_draws": 0.5810155338613618,
    "log_loss": 0.67156136973333,
    "brier_score": 0.22495231034506766,
    "duration": 0.3887465000152588
  }
}