{
  "best_params": {
    "temperature": 3.569020691858383,
    "prior": 9.65582920906668
  },
  "best_metrics": {
    "accuracy": 0.5767717674284061,
    "accuracy_without_draws": 0.5814760238226807,
    "log_loss": 0.6716875937983953,
    "brier_score": 0.22507192994427605,
    "duration": 0.0769052505493164
  }
}