{
  "best_params": {
    "k": 57.92424407763663
  },
  "best_metrics": {
    "accuracy": 0.6255479504729677,
    "accuracy_without_draws": 0.6255479504729677,
    "log_loss": 0.633331893284295,
    "brier_score": 0.22159480946734414,
    "duration": 0.027876615524291992
  }
}