{
  "best_params": {
    "initial_rd": 206.86909720158528,
    "initial_sigma": 0.09229810045469969,
    "tau": 0.26875683751095497
  },
  "best_metrics": {
    "accuracy": 0.6303545335691764,
    "accuracy_without_draws": 0.6303545335691764,
    "log_loss": 0.6253129900794725,
    "brier_score": 0.2183341230974882,
    "duration": 0.4437284469604492
  }
}