{
  "best_params": {
    "dimension": 1,
    "eta_r": 56.60056182093947,
    "eta_c": 0.3925062467163804
  },
  "best_metrics": {
    "accuracy": 0.6254710451434284,
    "accuracy_without_draws": 0.6254710451434284,
    "log_loss": 0.633249865122751,
    "brier_score": 0.2216006814171021,
    "duration": 0.35124826431274414
  }
}