{
  "best_params": {
    "initial_sigma": 7.063371220973203,
    "beta": 8.013730422820437,
    "tau": 0.6877742643297916
  },
  "best_metrics": {
    "accuracy": 0.6275090363762209,
    "accuracy_without_draws": 0.6275090363762209,
    "log_loss": 0.6266712952096126,
    "brier_score": 0.21881457829900267,
    "duration": 0.33986425399780273
  }
}