{
  "best_params": {
    "v_0": 2.5230316242743704,
    "beta": 0.9977169563081466,
    "s": 3.1400833562477883,
    "epsilon": 0.041716084041074
  },
  "best_metrics": {
    "accuracy": 0.6258940244558948,
    "accuracy_without_draws": 0.6258940244558948,
    "log_loss": 0.6289060408153491,
    "brier_score": 0.21992876859538793,
    "duration": 0.1271817684173584
  }
}