{
  "best_params": {
    "v_0": 7.676522932182467,
    "beta": 0.9996405017039129,
    "s": 6.371766555602055,
    "epsilon": 0.07992433462982136
  },
  "best_metrics": {
    "accuracy": 0.6292778589556256,
    "accuracy_without_draws": 0.6292778589556256,
    "log_loss": 0.6276601703902238,
    "brier_score": 0.2191975278220509,
    "duration": 0.09864592552185059
  }
}