{
  "best_params": {
    "temperature": 0.028382263201310803,
    "prior": 42.51692868671344
  },
  "best_metrics": {
    "accuracy": 0.635968622625548,
    "accuracy_without_draws": 0.635968622625548,
    "log_loss": 0.6545424933449391,
    "brier_score": 0.22950894677010228,
    "duration": 0.041295528411865234
  }
}