{
  "best_params": {
    "initial_sigma": 74.24424769465806,
    "beta": 29.546765283805275,
    "kappa": 0.000913933709703114
  },
  "best_metrics": {
    "accuracy": 0.6256633084672768,
    "accuracy_without_draws": 0.6256633084672768,
    "log_loss": 0.6288996754721692,
    "brier_score": 0.21997645157671694,
    "duration": 0.33307933807373047
  }
}