{
  "best_params": {
    "initial_sigma": 22.66977459812261,
    "beta": 27.657704885447718,
    "kappa": 0.0005279597173734005
  },
  "best_metrics": {
    "accuracy": 0.6278166576943782,
    "accuracy_without_draws": 0.6278166576943782,
    "log_loss": 0.6290190163985677,
    "brier_score": 0.21980445563581072,
    "duration": 0.4312760829925537
  }
}