{
  "best_params": {
    "temperature": 4.865717812598246,
    "prior": 5.714637802844374
  },
  "best_metrics": {
    "accuracy": 0.6244712758594171,
    "accuracy_without_draws": 0.6244712758594171,
    "log_loss": 0.6332794477382381,
    "brier_score": 0.22166349408672806,
    "duration": 0.047046661376953125
  }
}