{
  "best_params": {
    "k": 42.42965440262995
  },
  "best_metrics": {
    "accuracy": 0.6397769451127333,
    "log_loss": 0.628389405820455,
    "brier_score": 0.21440702674567874,
    "duration": 0.798041820526123
  }
}