{
  "best_params": {
    "initial_rd": 195.40788142594155,
    "initial_sigma": 0.11635565994897229,
    "tau": 1.0090721153249045
  },
  "best_metrics": {
    "accuracy": 0.6478091563090063,
    "log_loss": 0.6207315412763719,
    "brier_score": 0.21107520927357903,
    "duration": 7.545604228973389
  }
}