{
  "best_params": {
    "dimension": 1,
    "eta_r": 39.58967162578268,
    "eta_c": 0.1348948500000805
  },
  "best_metrics": {
    "accuracy": 0.6390651929671829,
    "log_loss": 0.6284500765005853,
    "brier_score": 0.2145022863182324,
    "duration": 7.215605735778809
  }
}