{
  "best_params": {
    "v_0": 9.782874481263056,
    "beta": 0.996014453832502,
    "s": 6.464514014977,
    "epsilon": 0.08447305782187306
  },
  "best_metrics": {
    "accuracy": 0.6398622377252167,
    "log_loss": 0.6253671942143649,
    "brier_score": 0.21351442925424988,
    "duration": 2.1160528659820557
  }
}