{
  "best_params": {
    "v_0": 6.2399362637971905,
    "beta": 0.9978318206890862,
    "s": 3.4779367244066948,
    "epsilon": 0.041767051370434044
  },
  "best_metrics": {
    "accuracy": 0.6414210337464633,
    "log_loss": 0.6252859504695603,
    "brier_score": 0.2132383468396671,
    "duration": 2.304137945175171
  }
}