{
  "best_params": {
    "k": 49.28534719068299
  },
  "best_metrics": {
    "accuracy": 0.5809307207837648,
    "accuracy_without_draws": 0.5809307207837648,
    "log_loss": 0.6581599361622268,
    "brier_score": 0.23326336874464773,
    "duration": 0.029392480850219727
  }
}