{
  "best_params": {
    "initial_rd": 149.76434466146577,
    "initial_sigma": 0.07472057218695438,
    "tau": 1.3983007720397986
  },
  "best_metrics": {
    "accuracy": 0.5859342197340798,
    "log_loss": 0.656575612233328,
    "brier_score": 0.2325356450750285,
    "duration": 0.414705753326416
  }
}