{
  "best_params": {
    "dimension": 5,
    "eta_r": 48.88719849901859,
    "eta_c": 0.12915823073014693
  },
  "best_metrics": {
    "accuracy": 0.5821203638908328,
    "log_loss": 0.65809579805387,
    "brier_score": 0.2332356833409064,
    "duration": 0.20063161849975586
  }
}