{
  "best_params": {
    "temperature": 0.0021751450396781044
  },
  "best_metrics": {
    "accuracy": 0.49692092372288316,
    "accuracy_without_draws": 0.49692092372288316,
    "log_loss": 0.693149560062174,
    "brier_score": 0.25000118975100316,
    "duration": 0.05777239799499512
  }
}