{
  "best_params": {
    "initial_sigma": 5.554134860132897,
    "beta": 9.892979145958526,
    "tau": 0.5222463345631705
  },
  "best_metrics": {
    "accuracy": 0.5887220098306936,
    "accuracy_without_draws": 0.5887220098306936,
    "log_loss": 0.6558829696731101,
    "brier_score": 0.23163590762860156,
    "duration": 0.5861203670501709
  }
}