{
  "best_params": {
    "initial_sigma": 23.088364932394022,
    "beta": 39.75108109271632,
    "tau": 0.5236798213946179
  },
  "best_metrics": {
    "accuracy": 0.5888312397596942,
    "accuracy_without_draws": 0.5888312397596942,
    "log_loss": 0.6517009822521133,
    "brier_score": 0.2303528479205957,
    "duration": 0.5760564804077148
  }
}