{
  "best_params": {
    "initial_sigma": 8.171580074222135,
    "beta": 14.304632283070514,
    "tau": 0.4121034476455206
  },
  "best_metrics": {
    "accuracy": 0.5901419989077007,
    "accuracy_without_draws": 0.5901419989077007,
    "log_loss": 0.6523031982771732,
    "brier_score": 0.23052052777616588,
    "duration": 0.6057274341583252
  }
}