{
  "best_params": {
    "initial_sigma": 8.857492846347666,
    "beta": 12.254568521157331,
    "tau": 0.6568767614072245
  },
  "best_metrics": {
    "accuracy": 0.5851994401679497,
    "accuracy_without_draws": 0.5851994401679497,
    "log_loss": 0.6571418807136024,
    "brier_score": 0.23277013955827133,
    "duration": 0.2144618034362793
  }
}