{
  "best_params": {
    "v_0": 1.3504593237514666,
    "beta": 0.9978883631487055,
    "s": 2.143589280855284,
    "epsilon": 0.00862749621326536
  },
  "best_metrics": {
    "accuracy": 0.5842897130860741,
    "accuracy_without_draws": 0.5842897130860741,
    "log_loss": 0.6578105849534231,
    "brier_score": 0.23312667874603413,
    "duration": 0.09404778480529785
  }
}