{
  "best_params": {
    "v_0": 3.80982057007321,
    "beta": 0.9971078731560001,
    "s": 5.667244078081901,
    "epsilon": 0.041556963726124184
  },
  "best_metrics": {
    "accuracy": 0.5846396081175648,
    "accuracy_without_draws": 0.5846396081175648,
    "log_loss": 0.6572478422966327,
    "brier_score": 0.23290882077895425,
    "duration": 0.06928324699401855
  }
}