{
  "best_params": {
    "temperature": 0.02128939373879725,
    "prior": 43.13618181470482
  },
  "best_metrics": {
    "accuracy": 0.5996151154653604,
    "accuracy_without_draws": 0.5996151154653604,
    "log_loss": 0.675766010463382,
    "brier_score": 0.24046015877576446,
    "duration": 0.030002593994140625
  }
}