{
  "best_params": {
    "initial_sigma": 27.55856896337043,
    "beta": 41.948993109757836,
    "kappa": 0.00038308816045211396
  },
  "best_metrics": {
    "accuracy": 0.5841147655703289,
    "accuracy_without_draws": 0.5841147655703289,
    "log_loss": 0.6565264980569574,
    "brier_score": 0.2325475633542006,
    "duration": 0.26030492782592773
  }
}