{
  "best_params": {
    "v_0": 6.321202482266163,
    "beta": 0.9956776827128774,
    "s": 8.393002654337163,
    "epsilon": 0.037097850820533906
  },
  "best_metrics": {
    "accuracy": 0.5779288400347122,
    "log_loss": 0.6714849194184722,
    "brier_score": 0.22499954173364226,
    "duration": 0.1371324062347412
  }
}