{
  "best_params": {
    "sigma": 106.25216438396586
  },
  "best_metrics": {
    "accuracy": 0.730351799138749,
    "log_loss": 0.5164291737640242,
    "brier_score": 0.17301228517117184,
    "duration": 1.457871913909912
  }
}