{
  "best_params": {
    "initial_rd": 244.50449251790616,
    "initial_sigma": 0.19635220091977196,
    "tau": 1.300791615451999
  },
  "best_metrics": {
    "accuracy": 0.7365642410529645,
    "log_loss": 0.5082898361876208,
    "brier_score": 0.16997690289697684,
    "duration": 14.206459760665894
  }
}