{
  "best_params": {
    "v_0": 2.662820016881522,
    "beta": 0.9995146658385692,
    "s": 3.4320600008854956,
    "epsilon": 0.05358187885605651
  },
  "best_metrics": {
    "accuracy": 0.7325097924725689,
    "log_loss": 0.5137518460573435,
    "brier_score": 0.17214675506186142,
    "duration": 2.7897067070007324
  }
}