{
  "best_params": {
    "k": 42.293857562087084
  },
  "best_metrics": {
    "accuracy": 0.6397887096110069,
    "log_loss": 0.6283890916587066,
    "brier_score": 0.21441034005287038,
    "duration": 0.523963212966919
  }
}