{
  "best_params": {
    "k": 59.27129979366801
  },
  "best_metrics": {
    "accuracy": 0.6290855956317772,
    "log_loss": 0.6306373407091298,
    "brier_score": 0.22035110199946156,
    "duration": 0.07990026473999023
  }
}