{
  "best_params": {
    "dimension": 5,
    "eta_r": 59.388243123156414,
    "eta_c": 0.2797776973976198
  },
  "best_metrics": {
    "accuracy": 0.6281627316773052,
    "log_loss": 0.6306051154612614,
    "brier_score": 0.2203535817161326,
    "duration": 0.4395613670349121
  }
}