{
  "best_params": {
    "v_0": 6.2399362637971905,
    "beta": 0.9978318206890862,
    "s": 3.4779367244066948,
    "epsilon": 0.041767051370434044
  },
  "best_metrics": {
    "accuracy": 0.629585480273783,
    "log_loss": 0.6264966802347117,
    "brier_score": 0.21870322050043814,
    "duration": 0.23226618766784668
  }
}