{
  "best_params": {
    "v_0": 9.782874481263056,
    "beta": 0.996014453832502,
    "s": 6.464514014977,
    "epsilon": 0.08447305782187306
  },
  "best_metrics": {
    "accuracy": 0.6304314388987157,
    "log_loss": 0.6257529819245605,
    "brier_score": 0.21871432386163378,
    "duration": 0.12999439239501953
  }
}