{
  "best_params": {
    "initial_sigma": 22.75333883414128,
    "beta": 8.572093463627962,
    "kappa": 0.0008320006642262503
  },
  "best_metrics": {
    "accuracy": 0.6306621548873337,
    "log_loss": 0.6259202096444232,
    "brier_score": 0.21867224478680894,
    "duration": 0.6173350811004639
  }
}