{
  "best_params": {
    "initial_rd": 167.27117875473508,
    "initial_sigma": 0.08160220966015724,
    "tau": 1.3185081833180707
  },
  "best_metrics": {
    "accuracy": 0.6352630830994422,
    "log_loss": 0.6279879489892441,
    "brier_score": 0.2191598756980139,
    "duration": 1.6258232593536377
  }
}