{
  "best_params": {
    "v_0": 6.444681612901387,
    "beta": 0.9995163431237442,
    "s": 5.2990268637193605,
    "epsilon": 0.062307939797877854
  },
  "best_metrics": {
    "accuracy": 0.6320122926066721,
    "log_loss": 0.6306931605792935,
    "brier_score": 0.22026328386898955,
    "duration": 0.5703647136688232
  }
}