{
  "best_params": {
    "initial_sigma": 69.41209456129559,
    "beta": 41.42097265594117,
    "kappa": 0.00013647989079545707
  },
  "best_metrics": {
    "accuracy": 0.626558780687107,
    "log_loss": 0.6325695246110187,
    "brier_score": 0.22143481931906955,
    "duration": 1.4276108741760254
  }
}