{
  "best_params": {
    "initial_sigma": 19.083274314703115,
    "beta": 25.928350281232138,
    "kappa": 0.0003976087107211884
  },
  "best_metrics": {
    "accuracy": 0.6299872100046187,
    "log_loss": 0.6302272688765064,
    "brier_score": 0.2202604786520341,
    "duration": 1.6685917377471924
  }
}