{
  "best_params": {
    "sigma": 132.0554059687385
  },
  "best_metrics": {
    "accuracy": 0.7159322862391629,
    "accuracy_without_draws": 0.7159322862391629,
    "log_loss": 0.5331043850459167,
    "brier_score": 0.179392599164057,
    "duration": 0.7948589324951172
  }
}