{
  "best_params": {
    "temperature": 0.0021751450396781044
  },
  "best_metrics": {
    "accuracy": 0.5003437792078038,
    "accuracy_without_draws": 0.5003437792078038,
    "log_loss": 0.6931473329704203,
    "brier_score": 0.25000007620519016,
    "duration": 11.76435112953186
  }
}