{
  "best_params": {
    "initial_sigma": 3.8760455884378926,
    "beta": 4.508543078729233,
    "tau": 0.8892529840612028
  },
  "best_metrics": {
    "accuracy": 0.7213884382755176,
    "accuracy_without_draws": 0.7213884382755176,
    "log_loss": 0.529111515539048,
    "brier_score": 0.17697988464161285,
    "duration": 5.008819103240967
  }
}