{
  "best_params": {
    "initial_sigma": 5.300752638148893,
    "sigma_reduction_factor": 0.11239004234052338,
    "sigma_lower_bound": 0.24699379516824105,
    "b": 0.15894794125865552
  },
  "best_metrics": {
    "accuracy": 0.7180795634004061,
    "accuracy_without_draws": 0.7180795634004061,
    "log_loss": 0.5296179298404137,
    "brier_score": 0.178004878999206,
    "duration": 4.413261413574219
  }
}