{
  "best_params": {
    "v_0": 0.6490536952925141,
    "beta": 0.9973391160597325,
    "s": 1.5295059970685112,
    "epsilon": 0.04134941881252549
  },
  "best_metrics": {
    "accuracy": 0.7186919201143066,
    "accuracy_without_draws": 0.7186919201143066,
    "log_loss": 0.5322714272560074,
    "brier_score": 0.178351720357666,
    "duration": 3.0972869396209717
  }
}