{
  "best_params": {
    "v_0": 1.827817313049395,
    "beta": 0.9990872301731868,
    "s": 2.97411675008669,
    "epsilon": 0.07214398189411504
  },
  "best_metrics": {
    "accuracy": 0.7199058904418637,
    "accuracy_without_draws": 0.7199058904418637,
    "log_loss": 0.5295876963742427,
    "brier_score": 0.17795828633408023,
    "duration": 1.4963762760162354
  }
}