{
  "best_params": {
    "temperature": 0.005007251532784665,
    "prior": 207.94315370325182
  },
  "best_metrics": {
    "accuracy": 0.7099846373666513,
    "accuracy_without_draws": 0.7099846373666513,
    "log_loss": 0.6343610592727381,
    "brier_score": 0.21976037177513524,
    "duration": 11.638953924179077
  }
}