{
  "best_params": {
    "initial_sigma": 58.46140076963603,
    "beta": 24.38165825570556,
    "kappa": 0.0007868763440665767
  },
  "best_metrics": {
    "accuracy": 0.7072908049805012,
    "accuracy_without_draws": 0.7072908049805012,
    "log_loss": 0.5412859286166434,
    "brier_score": 0.1831214605576102,
    "duration": 5.722752094268799
  }
}