{
  "best_params": {
    "initial_sigma": 15.506362765589227,
    "beta": 16.367140576471677,
    "kappa": 7.832962516894439e-05
  },
  "best_metrics": {
    "accuracy": 0.7143597649409666,
    "accuracy_without_draws": 0.7143597649409666,
    "log_loss": 0.5352852340592922,
    "brier_score": 0.18023155261073978,
    "duration": 6.4465553760528564
  }
}