{
  "best_params": {
    "k": 48.50306029492407
  },
  "best_metrics": {
    "accuracy": 0.7316704376809479,
    "accuracy_without_draws": 0.7327127562080115,
    "log_loss": 0.5147911736776748,
    "brier_score": 0.17231726312911744,
    "duration": 2.27624249458313
  }
}