{
  "best_params": {
    "initial_sigma": 15.1735509384664,
    "beta": 14.452844346179694,
    "tau": 0.7497538286543098
  },
  "best_metrics": {
    "accuracy": 0.7347991630781208,
    "accuracy_without_draws": 0.7358555581894919,
    "log_loss": 0.5107526296663181,
    "brier_score": 0.17088365733096791,
    "duration": 16.002375841140747
  }
}