{
  "best_params": {
    "initial_sigma": 1.3665209422145799,
    "sigma_reduction_factor": 0.655560061131993,
    "sigma_lower_bound": 0.9052985611995714,
    "b": 0.5900923649178649
  },
  "best_metrics": {
    "accuracy": 0.7314247135245603,
    "accuracy_without_draws": 0.7324659265034006,
    "log_loss": 0.514285090046448,
    "brier_score": 0.17227662774987734,
    "duration": 7.742096424102783
  }
}