{
  "best_params": {
    "v_0": 7.676522932182467,
    "beta": 0.9996405017039129,
    "s": 6.371766555602055,
    "epsilon": 0.07992433462982136
  },
  "best_metrics": {
    "accuracy": 0.7314052502250444,
    "accuracy_without_draws": 0.7324463756357087,
    "log_loss": 0.51821431932818,
    "brier_score": 0.17360166241268887,
    "duration": 6.759073734283447
  }
}