{
  "best_params": {
    "v_0": 1.7906276967672452,
    "beta": 0.9998067456733011,
    "s": 1.7165059502842381,
    "epsilon": 0.006858145577562857
  },
  "best_metrics": {
    "accuracy": 0.7324368050993845,
    "accuracy_without_draws": 0.7334825716233818,
    "log_loss": 0.516523120939473,
    "brier_score": 0.17278066225169533,
    "duration": 7.534404993057251
  }
}