{
  "best_params": {
    "temperature": 0.002899826071827697,
    "prior": 529.6005909397546
  },
  "best_metrics": {
    "accuracy": 0.6884497481935625,
    "accuracy_without_draws": 0.6892976106395822,
    "log_loss": 0.6625295545656817,
    "brier_score": 0.22104270754657518,
    "duration": 2.3775527477264404
  }
}