{
  "best_params": {
    "initial_sigma": 38.247524215393376,
    "beta": 7.510596912021799,
    "kappa": 0.0002642878939327187
  },
  "best_metrics": {
    "accuracy": 0.7325170912098874,
    "accuracy_without_draws": 0.7335632189526111,
    "log_loss": 0.5195472515957228,
    "brier_score": 0.17362330285978222,
    "duration": 16.335191011428833
  }
}