{
  "best_params": {
    "initial_sigma": 41.99992117844501,
    "beta": 25.245062409623106,
    "kappa": 0.0005317519003825993
  },
  "best_metrics": {
    "accuracy": 0.7348186263776366,
    "accuracy_without_draws": 0.7358751090571839,
    "log_loss": 0.5157990124285788,
    "brier_score": 0.1723065099088096,
    "duration": 16.70675754547119
  }
}