{
  "best_params": {
    "k": 34.28718586013275
  },
  "best_metrics": {
    "accuracy": 0.6212494419385132,
    "log_loss": 0.6461518726300651,
    "brier_score": 0.2072365502205655,
    "duration": 0.41368842124938965
  }
}