{
  "best_params": {
    "k": 118.86000644563933,
    "kappa": 1.14220968163867,
    "sigma": 680.1500545372974
  },
  "best_metrics": {
    "accuracy": 0.6219422079221639,
    "log_loss": 0.644033064164304,
    "brier_score": 0.20650864187412454,
    "duration": 0.31974053382873535
  }
}