{
  "best_params": {
    "b": 0.008080126346132106,
    "sigma": 64.98957127558248,
    "use_approx": true
  },
  "best_metrics": {
    "accuracy": 0.6217574703265237,
    "log_loss": 0.6448700082445322,
    "brier_score": 0.20674066481909145,
    "duration": 0.2731289863586426
  }
}