{
  "best_params": {
    "initial_rd": 155.99772992070282,
    "initial_sigma": 0.10322793653177188,
    "tau": 0.20910298701826385
  },
  "best_metrics": {
    "accuracy": 0.6264528842157119,
    "log_loss": 0.6408722564410403,
    "brier_score": 0.2049465532895992,
    "duration": 3.1340768337249756
  }
}