{
  "best_params": {
    "initial_rating_dev": 155.99772992070282,
    "c": 16.376702649514932
  },
  "best_metrics": {
    "accuracy": 0.6260680142247949,
    "log_loss": 0.6409154870781062,
    "brier_score": 0.20498947740635243,
    "duration": 1.847437858581543
  }
}