{
  "best_params": {
    "dimension": 10,
    "eta_r": 33.9976911238941,
    "eta_c": 0.021548473069862104
  },
  "best_metrics": {
    "accuracy": 0.621018519943963,
    "log_loss": 0.6461521753930478,
    "brier_score": 0.20724310404137372,
    "duration": 2.7059178352355957
  }
}