{
  "best_params": {
    "initial_sigma": 7.063371220973203,
    "beta": 8.013730422820437,
    "tau": 0.6877742643297916
  },
  "best_metrics": {
    "accuracy": 0.6257909078313346,
    "log_loss": 0.6428101729051633,
    "brier_score": 0.20558907197578413,
    "duration": 2.294774055480957
  }
}