{
  "best_params": {
    "initial_sigma": 4.799879758090398,
    "sigma_reduction_factor": 0.10704541300021869,
    "sigma_lower_bound": 0.31182090505645965,
    "b": 0.13329979908389117
  },
  "best_metrics": {
    "accuracy": 0.621765167726342,
    "log_loss": 0.6446815033641556,
    "brier_score": 0.20659758982423115,
    "duration": 1.1599397659301758
  }
}