{
  "best_params": {
    "v_0": 2.9190520124822714,
    "beta": 0.9944668513518281,
    "s": 5.394988354418285,
    "epsilon": 0.07480234547771016
  },
  "best_metrics": {
    "accuracy": 0.6208414797481411,
    "log_loss": 0.643092123586589,
    "brier_score": 0.20620718344148062,
    "duration": 0.4848625659942627
  }
}