{
  "best_params": {
    "v_0": 3.7626668337954885,
    "beta": 1.0000044253463756,
    "s": 3.655522952702227,
    "epsilon": 0.0526504265221193
  },
  "best_metrics": {
    "accuracy": 0.6253983404405992,
    "log_loss": 0.6428073462252027,
    "brier_score": 0.2056093650937113,
    "duration": 0.622180700302124
  }
}