{
  "best_params": {
    "initial_sigma": 1.8316268582841793,
    "beta": 1.3718482764599524,
    "kappa": 0.0006488741847522567
  },
  "best_metrics": {
    "accuracy": 0.6238049786782025,
    "log_loss": 0.6425381640858949,
    "brier_score": 0.20575471225835634,
    "duration": 2.5679376125335693
  }
}