{
  "best_params": {
    "initial_sigma": 1.9379868362771493,
    "beta": 2.791185043830569,
    "kappa": 0.0004546798452985542
  },
  "best_metrics": {
    "accuracy": 0.6250057730498637,
    "log_loss": 0.6433640682717487,
    "brier_score": 0.20584005903862712,
    "duration": 2.6027235984802246
  }
}