{
  "best_params": {
    "v_0": 5.973456638422408,
    "beta": 0.9995279753587974,
    "s": 5.056301460992634,
    "epsilon": 0.018577336958578213
  },
  "best_metrics": {
    "accuracy": 0.630277628239637,
    "log_loss": 0.6246640100660872,
    "brier_score": 0.21805306375548264,
    "duration": 0.09758424758911133
  }
}