{
  "best_params": {
    "k": 45.998572791099875
  },
  "best_metrics": {
    "accuracy": 0.6284506341706043,
    "accuracy_without_draws": 0.6284506341706043,
    "log_loss": 0.6327436535912757,
    "brier_score": 0.22123023837244257,
    "duration": 0.35570263862609863
  }
}