{
  "best_params": {
    "initial_rd": 152.00824556573963,
    "initial_sigma": 0.029740380930449128,
    "tau": 0.7856894601767181
  },
  "best_metrics": {
    "accuracy": 0.6343748889757346,
    "accuracy_without_draws": 0.6343748889757346,
    "log_loss": 0.6279556907034887,
    "brier_score": 0.21921907669057708,
    "duration": 1.2507803440093994
  }
}