{
  "best_params": {
    "initial_sigma": 21.338488059965712,
    "beta": 28.756227267423352,
    "tau": 0.6604608845411637
  },
  "best_metrics": {
    "accuracy": 0.6336643336767684,
    "accuracy_without_draws": 0.6336643336767684,
    "log_loss": 0.6289672999489196,
    "brier_score": 0.21959363681254512,
    "duration": 0.8983685970306396
  }
}