{
  "best_params": {
    "v_0": 7.775441461272931,
    "beta": 0.9996186175579751,
    "s": 6.870585220427713,
    "epsilon": 0.02071699648504712
  },
  "best_metrics": {
    "accuracy": 0.6311063346004903,
    "accuracy_without_draws": 0.6311063346004903,
    "log_loss": 0.6321112714096072,
    "brier_score": 0.2208416633827177,
    "duration": 0.5696039199829102
  }
}