{
  "best_params": {
    "v_0": 7.775441461272931,
    "beta": 0.9996186175579751,
    "s": 6.870585220427713,
    "epsilon": 0.02071699648504712
  },
  "best_metrics": {
    "accuracy": 0.629454293530394,
    "accuracy_without_draws": 0.629454293530394,
    "log_loss": 0.6322075842494502,
    "brier_score": 0.2212090075160055,
    "duration": 0.45034241676330566
  }
}