{
  "best_params": {
    "initial_sigma": 68.00407083134041,
    "beta": 40.517944313726936,
    "kappa": 0.00014702410449831023
  },
  "best_metrics": {
    "accuracy": 0.6270739332788574,
    "accuracy_without_draws": 0.6270739332788574,
    "log_loss": 0.6324423179569877,
    "brier_score": 0.22137334456406876,
    "duration": 1.5281062126159668
  }
}