{
  "best_params": {
    "initial_sigma": 18.69617026244579,
    "beta": 25.363080233971367,
    "kappa": 0.0004283273110331084
  },
  "best_metrics": {
    "accuracy": 0.6306800014211106,
    "accuracy_without_draws": 0.6306800014211106,
    "log_loss": 0.630077570031454,
    "brier_score": 0.22019322482789033,
    "duration": 2.0384953022003174
  }
}