{
  "best_params": {
    "temperature": 6.101484989329872,
    "prior": 5.921761620601499
  },
  "best_metrics": {
    "accuracy": 0.6241073649056738,
    "accuracy_without_draws": 0.6241073649056738,
    "log_loss": 0.6377614208428216,
    "brier_score": 0.22343299837646588,
    "duration": 0.579808235168457
  }
}