{
  "best_params": {
    "k": 43.36467603350793
  },
  "best_metrics": {
    "accuracy": 0.6278976462196861,
    "log_loss": 0.6419899663570875,
    "brier_score": 0.2239497852526481,
    "duration": 0.0429685115814209
  }
}