{
  "best_params": {
    "sigma": 105.22943969666967
  },
  "best_metrics": {
    "accuracy": 0.6270060627674751,
    "log_loss": 0.6407044009060097,
    "brier_score": 0.22352088282134022,
    "duration": 0.083709716796875
  }
}