{
  "best_params": {
    "initial_rd": 187.66097194825275,
    "initial_sigma": 0.12434626616762391,
    "tau": 1.134955611491105
  },
  "best_metrics": {
    "accuracy": 0.6314639800285307,
    "log_loss": 0.6354404727250643,
    "brier_score": 0.221121304929217,
    "duration": 0.5554647445678711
  }
}