{
  "best_params": {
    "initial_rating_dev": 187.66097194825275,
    "c": 19.931621471550024
  },
  "best_metrics": {
    "accuracy": 0.6323555634807418,
    "log_loss": 0.6354674395818118,
    "brier_score": 0.22115797869657755,
    "duration": 0.4375612735748291
  }
}