{
  "best_params": {
    "dimension": 1,
    "eta_r": 42.24442880607499,
    "eta_c": 0.25578438600165904
  },
  "best_metrics": {
    "accuracy": 0.6286554921540656,
    "log_loss": 0.6420055102543869,
    "brier_score": 0.22398275951344868,
    "duration": 0.5436503887176514
  }
}