{
  "best_params": {
    "initial_sigma": 7.063371220973203,
    "beta": 8.013730422820437,
    "tau": 0.6877742643297916
  },
  "best_metrics": {
    "accuracy": 0.6314639800285307,
    "log_loss": 0.6371066087294172,
    "brier_score": 0.22173135969158267,
    "duration": 0.42649412155151367
  }
}