{
  "best_params": {
    "v_0": 1.7401734138013054,
    "beta": 0.9918457965770142,
    "s": 3.50471480044336,
    "epsilon": 0.08149088620358536
  },
  "best_metrics": {
    "accuracy": 0.6266494293865906,
    "log_loss": 0.6370852610427643,
    "brier_score": 0.22212278791305284,
    "duration": 0.12357616424560547
  }
}