{
  "best_params": {
    "v_0": 3.7626668337954885,
    "beta": 1.0000044253463756,
    "s": 3.655522952702227,
    "epsilon": 0.0526504265221193
  },
  "best_metrics": {
    "accuracy": 0.6319989300998573,
    "log_loss": 0.6379754757697066,
    "brier_score": 0.2220464513397185,
    "duration": 0.25996947288513184
  }
}