{
  "best_params": {
    "initial_sigma": 65.93595224541632,
    "beta": 40.0900634355734,
    "kappa": 0.00019982590847740397
  },
  "best_metrics": {
    "accuracy": 0.6248216833095578,
    "log_loss": 0.641610833085747,
    "brier_score": 0.22395513447436957,
    "duration": 0.5902996063232422
  }
}