{
  "best_params": {
    "initial_sigma": 21.338488059965712,
    "beta": 28.756227267423352,
    "kappa": 0.0007928702095332098
  },
  "best_metrics": {
    "accuracy": 0.6274964336661911,
    "log_loss": 0.6393368862107162,
    "brier_score": 0.22282475813871058,
    "duration": 0.39870619773864746
  }
}