{
  "best_params": {
    "temperature": 0.00400660037912215,
    "prior": 192.2148809598511
  },
  "best_metrics": {
    "accuracy": 0.5999300209937019,
    "accuracy_without_draws": 0.5999300209937019,
    "log_loss": 0.6828803408988625,
    "brier_score": 0.24490076761155166,
    "duration": 0.06528592109680176
  }
}