{
  "best_params": {
    "k": 49.28601689749326
  },
  "best_metrics": {
    "accuracy": 0.5817004898530441,
    "accuracy_without_draws": 0.5817004898530441,
    "log_loss": 0.6578357818728547,
    "brier_score": 0.23312845598656068,
    "duration": 0.058251380920410156
  }
}