{
  "best_params": {
    "initial_rd": 152.00824556573963,
    "initial_sigma": 0.029740380930449128,
    "tau": 0.7856894601767181
  },
  "best_metrics": {
    "accuracy": 0.5862841147655703,
    "accuracy_without_draws": 0.5862841147655703,
    "log_loss": 0.656351394096528,
    "brier_score": 0.2324282923551647,
    "duration": 0.4964315891265869
  }
}