{
  "best_params": {
    "temperature": 0.002899826071827697
  },
  "best_metrics": {
    "accuracy": 0.4981805458362491,
    "accuracy_without_draws": 0.4981805458362491,
    "log_loss": 0.6931479805247341,
    "brier_score": 0.25000039998253515,
    "duration": 0.15511608123779297
  }
}