{
  "best_params": {
    "initial_sigma": 25.66678505176355,
    "beta": 33.73431057902156,
    "tau": 0.6526204873112895
  },
  "best_metrics": {
    "accuracy": 0.5859692092372288,
    "accuracy_without_draws": 0.5859692092372288,
    "log_loss": 0.6569892453941286,
    "brier_score": 0.23268842047009666,
    "duration": 0.23419618606567383
  }
}