{
  "best_params": {
    "initial_sigma": 1.8266873312394365,
    "sigma_reduction_factor": 0.35262645702340684,
    "sigma_lower_bound": 0.44038309985542734,
    "b": 0.4340964001211022
  },
  "best_metrics": {
    "accuracy": 0.586074177746676,
    "accuracy_without_draws": 0.586074177746676,
    "log_loss": 0.656588297709056,
    "brier_score": 0.232556595395519,
    "duration": 0.1994152069091797
  }
}