{
  "best_params": {
    "v_0": 7.775441461272931,
    "beta": 0.9996186175579751,
    "s": 6.870585220427713,
    "epsilon": 0.02071699648504712
  },
  "best_metrics": {
    "accuracy": 0.5879986004198741,
    "accuracy_without_draws": 0.5879986004198741,
    "log_loss": 0.6589858805071024,
    "brier_score": 0.23334662016966679,
    "duration": 0.14702916145324707
  }
}