{
  "best_params": {
    "v_0": 7.775441461272931,
    "beta": 0.9996186175579751,
    "s": 6.870585220427713,
    "epsilon": 0.02071699648504712
  },
  "best_metrics": {
    "accuracy": 0.5824002799160252,
    "accuracy_without_draws": 0.5824002799160252,
    "log_loss": 0.6581716301396011,
    "brier_score": 0.2332870074634076,
    "duration": 0.19650864601135254
  }
}