{
  "best_params": {
    "temperature": 0.028382263201310803,
    "prior": 42.51692868671344
  },
  "best_metrics": {
    "accuracy": 0.6004198740377886,
    "accuracy_without_draws": 0.6004198740377886,
    "log_loss": 0.6796243707350264,
    "brier_score": 0.24050314747834364,
    "duration": 0.17345452308654785
  }
}