{
  "best_params": {
    "initial_sigma": 7.764288594912927,
    "beta": 4.944322597689286,
    "kappa": 0.00028524779516975147
  },
  "best_metrics": {
    "accuracy": 0.5838348495451364,
    "accuracy_without_draws": 0.5838348495451364,
    "log_loss": 0.6563998753327477,
    "brier_score": 0.23254682798906223,
    "duration": 0.4422585964202881
  }
}