{
  "best_params": {
    "initial_sigma": 19.408512501797013,
    "beta": 29.5912068389766,
    "kappa": 0.00030070828315354896
  },
  "best_metrics": {
    "accuracy": 0.5843946815955213,
    "accuracy_without_draws": 0.5843946815955213,
    "log_loss": 0.6562126039810393,
    "brier_score": 0.23241810314762623,
    "duration": 0.5281376838684082
  }
}