{
  "best_params": {
    "k": 43.38400730529722
  },
  "best_metrics": {
    "accuracy": 0.6206975306983368,
    "log_loss": 0.6412326592162244,
    "brier_score": 0.2247622631197608,
    "duration": 0.12109732627868652
  }
}