{
  "best_params": {
    "k": 118.86000644563933,
    "kappa": 1.14220968163867,
    "sigma": 680.1500545372974
  },
  "best_metrics": {
    "accuracy": 0.6210199639949485,
    "log_loss": 0.6411292203983675,
    "brier_score": 0.22509727492719162,
    "duration": 0.2120356559753418
  }
}