{
  "best_params": {
    "b": 0.012773754099602365,
    "sigma": 46.97500320001127,
    "use_approx": true
  },
  "best_metrics": {
    "accuracy": 0.6208587473466427,
    "log_loss": 0.6402626431902373,
    "brier_score": 0.22438272058247458,
    "duration": 0.138352632522583
  }
}