{
  "best_params": {
    "initial_rd": 202.18847516188563,
    "initial_sigma": 0.04258953566905132,
    "tau": 0.7525446169908555
  },
  "best_metrics": {
    "accuracy": 0.6299943574173092,
    "log_loss": 0.6334009590186236,
    "brier_score": 0.22125277037407312,
    "duration": 1.4467012882232666
  }
}