{
  "best_params": {
    "initial_rating_dev": 238.33578690380995,
    "c": 11.1946160666585
  },
  "best_metrics": {
    "accuracy": 0.6317408711072897,
    "log_loss": 0.6335670656555267,
    "brier_score": 0.22082761330576875,
    "duration": 0.8046960830688477
  }
}