{
  "best_params": {
    "dimension": 20,
    "eta_r": 43.092297548868444,
    "eta_c": 0.1866185349585069
  },
  "best_metrics": {
    "accuracy": 0.6207378348604132,
    "log_loss": 0.6412288700830228,
    "brier_score": 0.2247710213810643,
    "duration": 1.157231092453003
  }
}