{
  "best_params": {
    "initial_sigma": 17.303354775403808,
    "beta": 18.906948674709508,
    "tau": 0.7385967009716192
  },
  "best_metrics": {
    "accuracy": 0.6283284520514818,
    "log_loss": 0.6351237756365353,
    "brier_score": 0.22196457566448788,
    "duration": 1.181891918182373
  }
}