{
  "best_params": {
    "initial_sigma": 8.211031062843299,
    "sigma_reduction_factor": 0.6168013038306923,
    "sigma_lower_bound": 2.2233297963088017,
    "b": 0.11641313071968125
  },
  "best_metrics": {
    "accuracy": 0.6275492382513368,
    "log_loss": 0.6358583256884037,
    "brier_score": 0.2223398289074076,
    "duration": 0.43679046630859375
  }
}