{
  "best_params": {
    "v_0": 4.177581909435163,
    "beta": 0.997028862195556,
    "s": 4.519807282437765,
    "epsilon": 0.019060156514615408
  },
  "best_metrics": {
    "accuracy": 0.623290431791923,
    "log_loss": 0.6379072632312901,
    "brier_score": 0.22364620112990993,
    "duration": 0.3022627830505371
  }
}