{
  "best_params": {
    "v_0": 8.89091677361327,
    "beta": 0.9994505193180354,
    "s": 4.706870013106088,
    "epsilon": 0.012518783194800407
  },
  "best_metrics": {
    "accuracy": 0.6251444232474407,
    "log_loss": 0.6377169411416358,
    "brier_score": 0.22326186856975744,
    "duration": 0.4763503074645996
  }
}