{
  "best_params": {
    "initial_sigma": 11.108652200881632,
    "beta": 5.328104984588006,
    "kappa": 0.0008617576267609393
  },
  "best_metrics": {
    "accuracy": 0.6264475911545799,
    "log_loss": 0.6350469934425824,
    "brier_score": 0.22202033318285216,
    "duration": 1.382277011871338
  }
}