{
  "best_params": {
    "initial_sigma": 24.61963596162703,
    "beta": 34.15095621038413,
    "kappa": 0.0005062631559482625
  },
  "best_metrics": {
    "accuracy": 0.6257489856785877,
    "log_loss": 0.6363497696166338,
    "brier_score": 0.22237635778716558,
    "duration": 1.5859644412994385
  }
}