{
  "best_params": {
    "k": 39.845277493079216
  },
  "best_metrics": {
    "accuracy": 0.6114536400284563,
    "log_loss": 0.6414374175272526,
    "brier_score": 0.2255680088065091,
    "duration": 0.028961896896362305
  }
}