{
  "best_params": {
    "k": 118.86000644563933,
    "kappa": 1.14220968163867,
    "sigma": 680.1500545372974
  },
  "best_metrics": {
    "accuracy": 0.611927910837088,
    "log_loss": 0.6414301206846228,
    "brier_score": 0.22556667572346933,
    "duration": 0.03196406364440918
  }
}