{
  "best_params": {
    "b": 0.0037196356541783562,
    "sigma": 148.84973814635458,
    "use_approx": true
  },
  "best_metrics": {
    "accuracy": 0.611927910837088,
    "log_loss": 0.6409145163002155,
    "brier_score": 0.2253772313331503,
    "duration": 0.01675558090209961
  }
}