{
  "best_params": {
    "initial_rating_dev": 96.57066629499175,
    "c": 21.118900770861174
  },
  "best_metrics": {
    "accuracy": 0.6146549679867204,
    "log_loss": 0.640739413703435,
    "brier_score": 0.22530797972455557,
    "duration": 0.16098237037658691
  }
}