{
  "best_params": {
    "initial_rd": 96.57066629499175,
    "initial_sigma": 0.13139941051996737,
    "tau": 0.25021362063137215
  },
  "best_metrics": {
    "accuracy": 0.6139435617737729,
    "log_loss": 0.6407206628914726,
    "brier_score": 0.22529360012354208,
    "duration": 0.12739276885986328
  }
}