{
  "best_params": {
    "dimension": 20,
    "eta_r": 39.76516087428997,
    "eta_c": 0.3813085069542738
  },
  "best_metrics": {
    "accuracy": 0.6127578847521935,
    "log_loss": 0.6410753424708568,
    "brier_score": 0.22539480122421818,
    "duration": 0.23561406135559082
  }
}