{
  "best_params": {
    "initial_sigma": 6.724273608542054,
    "beta": 12.887933060680872,
    "tau": 0.7734139053529127
  },
  "best_metrics": {
    "accuracy": 0.6118093431349301,
    "log_loss": 0.6432440606730973,
    "brier_score": 0.22638441314963884,
    "duration": 0.20606517791748047
  }
}