{
  "best_params": {
    "initial_sigma": 0.30532168530348375,
    "sigma_reduction_factor": 0.2746542148260101,
    "sigma_lower_bound": 1.1728296629876327,
    "b": 0.4319157424158428
  },
  "best_metrics": {
    "accuracy": 0.6092008536874556,
    "log_loss": 0.6419571268741294,
    "brier_score": 0.22581672290002347,
    "duration": 0.05359029769897461
  }
}