{
  "best_params": {
    "v_0": 3.956966166496096,
    "beta": 0.999607363839203,
    "s": 7.89246541303144,
    "epsilon": 0.049492073233881634
  },
  "best_metrics": {
    "accuracy": 0.6087265828788239,
    "log_loss": 0.6435408014245826,
    "brier_score": 0.22654339600679763,
    "duration": 0.056143999099731445
  }
}