{
  "best_params": {
    "v_0": 5.581898350386851,
    "beta": 1.0028366695781157,
    "s": 5.692691761590949,
    "epsilon": 0.034261088799257225
  },
  "best_metrics": {
    "accuracy": 0.6115722077306142,
    "log_loss": 0.6453441429677941,
    "brier_score": 0.22701554905475346,
    "duration": 0.05781269073486328
  }
}