{
  "best_params": {
    "initial_sigma": 1.8316268582841793,
    "beta": 1.3718482764599524,
    "kappa": 0.0006488741847522567
  },
  "best_metrics": {
    "accuracy": 0.6141806971780887,
    "log_loss": 0.6428930148161791,
    "brier_score": 0.22612073904525462,
    "duration": 0.19035816192626953
  }
}