{
  "best_params": {
    "initial_sigma": 1.0592172269866564,
    "beta": 2.1306133099075044,
    "kappa": 7.685641746834422e-05
  },
  "best_metrics": {
    "accuracy": 0.6156035096039839,
    "log_loss": 0.6415066796377972,
    "brier_score": 0.22557289022687485,
    "duration": 0.2655031681060791
  }
}