{
  "best_params": {
    "initial_sigma": 1.6931621418145297,
    "beta": 2.2600352725338597,
    "tau": 0.33204596593598806
  },
  "best_metrics": {
    "accuracy": 0.7175409402064975,
    "accuracy_without_draws": 0.7187155405148484,
    "log_loss": 0.5370248089369901,
    "brier_score": 0.18016049831185563,
    "duration": 1.5093560218811035
  }
}