{
  "best_params": {
    "initial_sigma": 4.590836217279586,
    "sigma_reduction_factor": 0.08099885274625176,
    "sigma_lower_bound": 0.30332813210936593,
    "b": 0.1641726269831375
  },
  "best_metrics": {
    "accuracy": 0.7153237396467607,
    "accuracy_without_draws": 0.7164863683029773,
    "log_loss": 0.5391477232094173,
    "brier_score": 0.18111889421285135,
    "duration": 0.7935552597045898
  }
}