{
  "best_params": {
    "v_0": 3.261231281948949,
    "beta": 0.9983421071241608,
    "s": 2.9748460617088632,
    "epsilon": 0.08531902430058917
  },
  "best_metrics": {
    "accuracy": 0.7140520403918157,
    "accuracy_without_draws": 0.7152078025780448,
    "log_loss": 0.5416584495786421,
    "brier_score": 0.18208419192812372,
    "duration": 0.611213207244873
  }
}