{
  "best_params": {
    "v_0": 2.662820016881522,
    "beta": 0.9995146658385692,
    "s": 3.4320600008854956,
    "epsilon": 0.05358187885605651
  },
  "best_metrics": {
    "accuracy": 0.716217238379789,
    "accuracy_without_draws": 0.7173846914331343,
    "log_loss": 0.5389882275265566,
    "brier_score": 0.18105848617312884,
    "duration": 0.49565672874450684
  }
}