{
  "best_params": {
    "initial_sigma": 32.72101749847349,
    "beta": 29.841667008476954,
    "kappa": 0.0008682127454868232
  },
  "best_metrics": {
    "accuracy": 0.7157586702469649,
    "accuracy_without_draws": 0.7169236472869691,
    "log_loss": 0.5420681540042905,
    "brier_score": 0.181995370387885,
    "duration": 1.9095227718353271
  }
}