{
  "best_params": {
    "temperature": 5.9818326896718474,
    "prior": 3.9894109208650104
  },
  "best_metrics": {
    "accuracy": 0.697879240573352,
    "accuracy_without_draws": 0.6989476786189589,
    "log_loss": 0.5686215412087083,
    "brier_score": 0.1922687393204605,
    "duration": 0.22654294967651367
  }
}