{
  "best_params": {
    "initial_rating_dev": 288.5144181832934,
    "c": 31.403998060069437
  },
  "best_metrics": {
    "accuracy": 0.6702073849266565,
    "log_loss": 0.593340985889372,
    "brier_score": 0.20286656975712486,
    "duration": 0.23624515533447266
  }
}