{
  "best_params": {
    "initial_sigma": 58.96981554604753,
    "beta": 17.369565239358515,
    "kappa": 8.910479121384022e-05
  },
  "best_metrics": {
    "accuracy": 0.6583206879109762,
    "log_loss": 0.6038508259040098,
    "brier_score": 0.20746421623603592,
    "duration": 0.29914093017578125
  }
}