{
  "best_params": {
    "initial_sigma": 45.32177565328709,
    "beta": 41.32784659631063,
    "kappa": 0.0008282676041719931
  },
  "best_metrics": {
    "accuracy": 0.663463159669533,
    "log_loss": 0.5999841517249609,
    "brier_score": 0.20562222939824898,
    "duration": 0.3684523105621338
  }
}