{
  "best_params": {
    "sigma": 135.66026227378907
  },
  "best_metrics": {
    "accuracy": 0.6224427042761674,
    "log_loss": 0.6397146081176316,
    "brier_score": 0.21641943408128858,
    "duration": 0.17542552947998047
  }
}