{
  "best_params": {
    "initial_rd": 198.25529069377077,
    "initial_sigma": 0.1307892026462574,
    "tau": 0.6115866626901516
  },
  "best_metrics": {
    "accuracy": 0.628346521257841,
    "log_loss": 0.6349043467151345,
    "brier_score": 0.2143294450073081,
    "duration": 0.8819632530212402
  }
}