{
  "best_params": {
    "dimension": 10,
    "eta_r": 59.55301243477631,
    "eta_c": 0.020396549391608055
  },
  "best_metrics": {
    "accuracy": 0.6204030175064573,
    "log_loss": 0.6418585696386375,
    "brier_score": 0.2172845586320324,
    "duration": 1.1905295848846436
  }
}