{
  "best_params": {
    "temperature": 0.005007251532784665,
    "prior": 207.94315370325182
  },
  "best_metrics": {
    "accuracy": 0.6087927836789748,
    "accuracy_without_draws": 0.6093088260206675,
    "log_loss": 0.6713257985712479,
    "brier_score": 0.2380987354370412,
    "duration": 0.02068042755126953
  }
}