{
  "best_params": {
    "k": 71.82983651207905
  },
  "best_metrics": {
    "accuracy": 0.6500168605631428,
    "accuracy_without_draws": 0.6507284431644926,
    "log_loss": 0.6102378008139784,
    "brier_score": 0.20948514921153225,
    "duration": 0.02500772476196289
  }
}