{
  "best_params": {
    "initial_rd": 269.83517178735815,
    "initial_sigma": 0.21803433985386014,
    "tau": 0.5425630198422227
  },
  "best_metrics": {
    "accuracy": 0.6608919237902546,
    "accuracy_without_draws": 0.6616550906318821,
    "log_loss": 0.6012172543549109,
    "brier_score": 0.20615969886872018,
    "duration": 0.20914602279663086
  }
}