{
  "best_params": {
    "temperature": 0.005007251532784665
  },
  "best_metrics": {
    "accuracy": 0.5050581689428427,
    "accuracy_without_draws": 0.5050821616127393,
    "log_loss": 0.6931464935454664,
    "brier_score": 0.24881941707016308,
    "duration": 0.022690296173095703
  }
}