{
  "best_params": {
    "initial_sigma": 9.985060062918071,
    "beta": 8.122733876651411,
    "tau": 0.9554805344905739
  },
  "best_metrics": {
    "accuracy": 0.6592901702916878,
    "accuracy_without_draws": 0.6600457394545146,
    "log_loss": 0.6038941138743833,
    "brier_score": 0.20726383057839468,
    "duration": 0.1780717372894287
  }
}