{
  "best_params": {
    "v_0": 3.098753300313001,
    "beta": 0.9941732942889393,
    "s": 3.033403312175368,
    "epsilon": 0.06048665740927773
  },
  "best_metrics": {
    "accuracy": 0.6567610858202664,
    "accuracy_without_draws": 0.657504658648145,
    "log_loss": 0.6043664905484386,
    "brier_score": 0.20758068938952864,
    "duration": 0.05406618118286133
  }
}