{
  "best_params": {
    "v_0": 1.2746003292222627,
    "beta": 0.9866668032117503,
    "s": 1.3848546958479013,
    "epsilon": 0.03245731250635759
  },
  "best_metrics": {
    "accuracy": 0.6544849097959872,
    "accuracy_without_draws": 0.6552176859224124,
    "log_loss": 0.606378814729739,
    "brier_score": 0.20853367458770497,
    "duration": 0.07387018203735352
  }
}