{
  "best_params": {
    "initial_sigma": 61.13426793176776,
    "beta": 19.780063960674774,
    "kappa": 0.0008406179295660332
  },
  "best_metrics": {
    "accuracy": 0.6481621986174338,
    "accuracy_without_draws": 0.6488649839064883,
    "log_loss": 0.6100046058927656,
    "brier_score": 0.21017675297652452,
    "duration": 0.19149255752563477
  }
}