{
  "best_params": {
    "initial_sigma": 16.12427473402961,
    "beta": 15.965211957734823,
    "kappa": 0.0007049463479579567
  },
  "best_metrics": {
    "accuracy": 0.6514500084302816,
    "accuracy_without_draws": 0.6521683889547688,
    "log_loss": 0.6071058080156354,
    "brier_score": 0.20871899439093472,
    "duration": 0.22520184516906738
  }
}