{
  "best_params": {
    "temperature": 0.002899826071827697,
    "prior": 529.6005909397546
  },
  "best_metrics": {
    "accuracy": 0.600496172038816,
    "accuracy_without_draws": 0.6008317534095774,
    "log_loss": 0.6796438331447721,
    "brier_score": 0.24060023898167712,
    "duration": 0.5713949203491211
  }
}