{
  "best_params": {
    "k": 25.479357130728285
  },
  "best_metrics": {
    "accuracy": 0.6088104062027601,
    "accuracy_without_draws": 0.6091737508409272,
    "log_loss": 0.6516025981306307,
    "brier_score": 0.22926391708057703,
    "duration": 0.36428070068359375
  }
}