{
  "best_params": {
    "initial_rating_dev": 130.68319912195318,
    "c": 20.806554674671737
  },
  "best_metrics": {
    "accuracy": 0.6139062271419515,
    "accuracy_without_draws": 0.6142865879762706,
    "log_loss": 0.648566125474488,
    "brier_score": 0.22781245892489616,
    "duration": 2.110888719558716
  }
}