{
  "best_params": {
    "dimension": 1,
    "eta_r": 25.61813885056768,
    "eta_c": 0.20853041427178678
  },
  "best_metrics": {
    "accuracy": 0.6101940800702199,
    "accuracy_without_draws": 0.6105620451348541,
    "log_loss": 0.6511955986796213,
    "brier_score": 0.229063069496448,
    "duration": 2.9730067253112793
  }
}