{
  "best_params": {
    "initial_sigma": 6.724273608542054,
    "beta": 12.887933060680872,
    "tau": 0.7734139053529127
  },
  "best_metrics": {
    "accuracy": 0.6101209343151119,
    "accuracy_without_draws": 0.6104886551281267,
    "log_loss": 0.6500014271595984,
    "brier_score": 0.22858107396250027,
    "duration": 2.6585705280303955
  }
}