{
  "best_params": {
    "v_0": 3.1717934494925197,
    "beta": 0.9984832804030622,
    "s": 4.126849267397848,
    "epsilon": 0.06873114453275292
  },
  "best_metrics": {
    "accuracy": 0.6112668844784708,
    "accuracy_without_draws": 0.6116384319001896,
    "log_loss": 0.6506644983345343,
    "brier_score": 0.22874551969147383,
    "duration": 0.9289419651031494
  }
}