{
  "best_params": {
    "temperature": 0.002899826071827697,
    "prior": 529.6005909397546
  },
  "best_metrics": {
    "accuracy": 0.6064819329984883,
    "accuracy_without_draws": 0.6068375022934377,
    "log_loss": 0.6749387987605747,
    "brier_score": 0.23981112154010734,
    "duration": 0.8401362895965576
  }
}