{
  "best_params": {
    "initial_sigma": 14.358027878890057,
    "beta": 12.613457907568698,
    "kappa": 0.0004703787380687995
  },
  "best_metrics": {
    "accuracy": 0.6119495781928123,
    "accuracy_without_draws": 0.6123234052963121,
    "log_loss": 0.649794226469986,
    "brier_score": 0.22836776725281038,
    "duration": 2.6600873470306396
  }
}