{
  "best_params": {
    "initial_sigma": 6.794945930838586,
    "beta": 12.523122851526882,
    "kappa": 0.0006467982612054016
  },
  "best_metrics": {
    "accuracy": 0.6126444628663383,
    "accuracy_without_draws": 0.6130206103602226,
    "log_loss": 0.6491301548985756,
    "brier_score": 0.22804945818542768,
    "duration": 3.1807398796081543
  }
}