{
  "best_params": {
    "k": 70.43321893866808
  },
  "best_metrics": {
    "accuracy": 0.6226797567470885,
    "accuracy_without_draws": 0.6237917619219508,
    "log_loss": 0.6326115208840659,
    "brier_score": 0.21909763901612891,
    "duration": 0.05127549171447754
  }
}