{
  "best_params": {
    "initial_sigma": 4.184114816547302,
    "beta": 5.147860788471235,
    "tau": 0.8303933467320773
  },
  "best_metrics": {
    "accuracy": 0.6247267379466592,
    "accuracy_without_draws": 0.625857297557454,
    "log_loss": 0.627987881838225,
    "brier_score": 0.21739702883500484,
    "duration": 0.8137946128845215
  }
}