{
  "best_params": {
    "initial_sigma": 1.3665209422145799,
    "sigma_reduction_factor": 0.655560061131993,
    "sigma_lower_bound": 0.9052985611995714,
    "b": 0.5900923649178649
  },
  "best_metrics": {
    "accuracy": 0.6228983663897611,
    "accuracy_without_draws": 0.624012353106325,
    "log_loss": 0.6312591194836698,
    "brier_score": 0.21883207831879548,
    "duration": 0.4843735694885254
  }
}