{
  "best_params": {
    "v_0": 0.7643911327431488,
    "beta": 0.9892317290639532,
    "s": 1.3369899396508167,
    "epsilon": 0.04330756371888409
  },
  "best_metrics": {
    "accuracy": 0.6246869907389005,
    "accuracy_without_draws": 0.625817190069386,
    "log_loss": 0.6287453458509387,
    "brier_score": 0.21782630834696523,
    "duration": 0.32419824600219727
  }
}