{
  "best_params": {
    "v_0": 1.6120790098586995,
    "beta": 0.9947986451309826,
    "s": 2.788001254378883,
    "epsilon": 0.06280993825170765
  },
  "best_metrics": {
    "accuracy": 0.625799912556143,
    "accuracy_without_draws": 0.6269401997352906,
    "log_loss": 0.6276382823822257,
    "brier_score": 0.2173648803210056,
    "duration": 0.31740689277648926
  }
}