{
  "best_params": {
    "temperature": 0.028382263201310803,
    "prior": 42.51692868671344
  },
  "best_metrics": {
    "accuracy": 0.6065622640009539,
    "accuracy_without_draws": 0.6075281755103678,
    "log_loss": 0.6693955742601994,
    "brier_score": 0.23558754354780567,
    "duration": 0.02372455596923828
  }
}