{
  "best_params": {
    "initial_sigma": 49.96461019336147,
    "beta": 20.135286537706044,
    "kappa": 0.0007812972331591968
  },
  "best_metrics": {
    "accuracy": 0.6237728049604515,
    "accuracy_without_draws": 0.6248947178438214,
    "log_loss": 0.6322397079201865,
    "brier_score": 0.21898609973740848,
    "duration": 1.0834877490997314
  }
}