{
  "best_params": {
    "initial_sigma": 7.063371220973203,
    "beta": 8.013730422820437,
    "kappa": 0.0008256593809481292
  },
  "best_metrics": {
    "accuracy": 0.6257204181406256,
    "accuracy_without_draws": 0.6268599847591545,
    "log_loss": 0.6307562970488133,
    "brier_score": 0.21835218732201903,
    "duration": 0.9453568458557129
  }
}