{
  "best_params": {
    "temperature": 4.865717812598246,
    "prior": 5.714637802844374
  },
  "best_metrics": {
    "accuracy": 0.6152470288962201,
    "accuracy_without_draws": 0.6162916616532307,
    "log_loss": 0.6435746981111781,
    "brier_score": 0.22423739656411437,
    "duration": 0.024080276489257812
  }
}