{
  "best_params": {
    "initial_rating_dev": 201.8128843355337,
    "c": 24.662102786778952
  },
  "best_metrics": {
    "accuracy": 0.6456934989545242,
    "log_loss": 0.6251902705634423,
    "brier_score": 0.2106679877313386,
    "duration": 2.0107429027557373
  }
}