{
  "best_params": {
    "initial_rd": 201.475467923465,
    "initial_sigma": 0.14294870585918068,
    "tau": 0.09538990548011862
  },
  "best_metrics": {
    "accuracy": 0.645817619370423,
    "log_loss": 0.6251907076842836,
    "brier_score": 0.21066484611964933,
    "duration": 2.977020502090454
  }
}