{
  "best_params": {
    "initial_rd": 203.14918211554584,
    "initial_sigma": 0.14080159888590513,
    "tau": 0.9434949904999146
  },
  "best_metrics": {
    "accuracy": 0.645502544468526,
    "accuracy_without_draws": 0.6497106873753598,
    "log_loss": 0.6251970781510783,
    "brier_score": 0.21067073715895884,
    "duration": 3.350391149520874
  }
}