{
  "best_params": {
    "temperature": 0.0021751450396781044
  },
  "best_metrics": {
    "accuracy": 0.5002816578668474,
    "accuracy_without_draws": 0.5002898038175513,
    "log_loss": 0.6931472185001487,
    "brier_score": 0.24297289388527066,
    "duration": 0.503058671951294
  }
}