{
  "best_params": {
    "initial_sigma": 6.73474010746691,
    "beta": 7.46557613218701,
    "tau": 0.8005512756734299
  },
  "best_metrics": {
    "accuracy": 0.6438412404403411,
    "accuracy_without_draws": 0.6480013360447182,
    "log_loss": 0.6274997846283383,
    "brier_score": 0.2115421582721265,
    "duration": 2.400097608566284
  }
}