{
  "best_params": {
    "initial_sigma": 6.5869827431625065,
    "beta": 9.449264025582057,
    "tau": 0.5844070550789326
  },
  "best_metrics": {
    "accuracy": 0.6393390006939625,
    "accuracy_without_draws": 0.6432073890483747,
    "log_loss": 0.6311249235804062,
    "brier_score": 0.2134403073965781,
    "duration": 3.9096806049346924
  }
}