{
  "best_params": {
    "initial_sigma": 6.388373390075529,
    "beta": 9.159740849369857,
    "tau": 0.5460282012707098
  },
  "best_metrics": {
    "accuracy": 0.6390353920888272,
    "accuracy_without_draws": 0.64289535153255,
    "log_loss": 0.6311203709887442,
    "brier_score": 0.21346524579136017,
    "duration": 3.536672592163086
  }
}