{
  "best_params": {
    "v_0": 2.7810715409129108,
    "beta": 0.9920901297170159,
    "s": 2.5492502014636953,
    "epsilon": 0.05589888885797687
  },
  "best_metrics": {
    "accuracy": 0.641425666192463,
    "accuracy_without_draws": 0.6455158999145324,
    "log_loss": 0.6261322466572378,
    "brier_score": 0.21136337338197514,
    "duration": 1.086111068725586
  }
}