{
  "best_params": {
    "v_0": 3.7963682882700107,
    "beta": 0.9929464039522385,
    "s": 4.001283975327925,
    "epsilon": 0.0743662631783703
  },
  "best_metrics": {
    "accuracy": 0.6427193828351012,
    "accuracy_without_draws": 0.646847032703624,
    "log_loss": 0.6252750530984652,
    "brier_score": 0.21101825019996742,
    "duration": 0.8175687789916992
  }
}