{
  "best_params": {
    "initial_sigma": 55.65337410515492,
    "beta": 31.933833897249396,
    "kappa": 0.0001947158273168897
  },
  "best_metrics": {
    "accuracy": 0.6353676351241682,
    "log_loss": 0.6347472113167059,
    "brier_score": 0.2149856094161179,
    "duration": 2.5261359214782715
  }
}