{
  "best_params": {
    "initial_sigma": 25.986296708480374,
    "beta": 32.14939056417616,
    "kappa": 0.0006217377126422393
  },
  "best_metrics": {
    "accuracy": 0.6385565750403391,
    "accuracy_without_draws": 0.642563830518798,
    "log_loss": 0.6320951314765593,
    "brier_score": 0.21367941944789978,
    "duration": 3.5369789600372314
  }
}