{
  "best_params": {
    "initial_rd": 83.86341224170116,
    "initial_sigma": 0.041896543140250694,
    "tau": 0.7905628469732728
  },
  "best_metrics": {
    "accuracy": 0.5763089383858837,
    "accuracy_without_draws": 0.5809848345306072,
    "log_loss": 0.6723587020400026,
    "brier_score": 0.22535384856970694,
    "duration": 0.3058969974517822
  }
}