{
  "best_params": {
    "initial_rd": 86.68360826872276,
    "initial_sigma": 0.03607288891039107,
    "tau": 1.0608266792845744
  },
  "best_metrics": {
    "accuracy": 0.5772924501012439,
    "log_loss": 0.6723430904961487,
    "brier_score": 0.2253465485941731,
    "duration": 0.4999105930328369
  }
}