{
  "best_params": {
    "initial_sigma": 12.163139829824317,
    "beta": 31.087827743784004,
    "tau": 0.22397217037492517
  },
  "best_metrics": {
    "accuracy": 0.5752886430484218,
    "accuracy_without_draws": 0.5804559954963407,
    "log_loss": 0.6724404354423363,
    "brier_score": 0.22377574433685626,
    "duration": 0.8192646503448486
  }
}