{
  "best_params": {
    "initial_sigma": 11.730515919663508,
    "beta": 26.92504812759923,
    "tau": 0.6677189318174982
  },
  "best_metrics": {
    "accuracy": 0.5766849869829331,
    "accuracy_without_draws": 0.5813839258304169,
    "log_loss": 0.6728187988392565,
    "brier_score": 0.22556745348680246,
    "duration": 0.25165486335754395
  }
}