{
  "best_params": {
    "initial_sigma": 3.740450305751369,
    "beta": 9.984237695239926,
    "tau": 0.2189105260676866
  },
  "best_metrics": {
    "accuracy": 0.5748057421309101,
    "accuracy_without_draws": 0.5799399512103585,
    "log_loss": 0.6728965333386968,
    "brier_score": 0.22395958033761124,
    "duration": 0.9186673164367676
  }
}