{
  "best_params": {
    "initial_sigma": 11.630257963217701,
    "beta": 32.303906210200296,
    "tau": 0.6383050536163056
  },
  "best_metrics": {
    "accuracy": 0.5746740418806796,
    "accuracy_without_draws": 0.5797992118596359,
    "log_loss": 0.6727403564615535,
    "brier_score": 0.22391379643850673,
    "duration": 0.822317361831665
  }
}