{
  "best_params": {
    "v_0": 6.068097840773634,
    "beta": 0.9961038699481206,
    "s": 8.883143855063315,
    "epsilon": 0.030870728655302614
  },
  "best_metrics": {
    "accuracy": 0.5776974255134509,
    "accuracy_without_draws": 0.5824584024068276,
    "log_loss": 0.671366111455773,
    "brier_score": 0.2249523461905305,
    "duration": 0.08333134651184082
  }
}