{
  "best_params": {
    "k": 56.45118834293713
  },
  "best_metrics": {
    "accuracy": 0.6403658687951727,
    "log_loss": 0.6331793814062857,
    "brier_score": 0.2140037869336383,
    "duration": 0.516542911529541
  }
}