{
  "best_params": {
    "sigma": 134.61781060203376
  },
  "best_metrics": {
    "accuracy": 0.6425093329005032,
    "log_loss": 0.6297639546425905,
    "brier_score": 0.2126855150599041,
    "duration": 0.5274505615234375
  }
}