{
  "best_params": {
    "dimension": 1,
    "eta_r": 53.83303343597079,
    "eta_c": 0.16773724072388618
  },
  "best_metrics": {
    "accuracy": 0.6402799392764734,
    "log_loss": 0.6332105960420332,
    "brier_score": 0.21408649255592632,
    "duration": 3.8280134201049805
  }
}