{
  "best_params": {
    "initial_sigma": 1.3665209422145799,
    "sigma_reduction_factor": 0.655560061131993,
    "sigma_lower_bound": 0.9052985611995714,
    "b": 0.5900923649178649
  },
  "best_metrics": {
    "accuracy": 0.6393299407086321,
    "log_loss": 0.6305522598570337,
    "brier_score": 0.21309639646956358,
    "duration": 2.0643310546875
  }
}