{
  "best_params": {
    "v_0": 6.505472214164334,
    "beta": 0.9898267319945665,
    "s": 3.218824013265272,
    "epsilon": 0.06908549966446882
  },
  "best_metrics": {
    "accuracy": 0.6387809465613871,
    "log_loss": 0.6273004464427132,
    "brier_score": 0.21199164195443485,
    "duration": 1.1967918872833252
  }
}