{
  "best_params": {
    "v_0": 7.49150944643998,
    "beta": 0.9940330010526633,
    "s": 4.753629417215739,
    "epsilon": 0.09657128894400303
  },
  "best_metrics": {
    "accuracy": 0.6428053123538005,
    "log_loss": 0.6260307247272998,
    "brier_score": 0.21124939322386574,
    "duration": 1.0112946033477783
  }
}