{
  "best_params": {
    "k": 47.213555945278586
  },
  "best_metrics": {
    "accuracy": 0.7123406830301425,
    "log_loss": 0.5418565621101354,
    "brier_score": 0.18226322632216543,
    "duration": 0.3699932098388672
  }
}