{
  "best_params": {
    "v_0": 7.676522932182467,
    "beta": 0.9996405017039129,
    "s": 6.371766555602055,
    "epsilon": 0.07992433462982136
  },
  "best_metrics": {
    "accuracy": 0.7164536137059869,
    "log_loss": 0.5382018154897674,
    "brier_score": 0.18087635056274276,
    "duration": 0.8921167850494385
  }
}