{
  "best_params": {
    "temperature": 0.02128939373879725,
    "prior": 43.13618181470482
  },
  "best_metrics": {
    "accuracy": 0.6252403291548104,
    "accuracy_without_draws": 0.6252403291548104,
    "log_loss": 0.6588083189965703,
    "brier_score": 0.23097827786935327,
    "duration": 0.04169034957885742
  }
}