{
  "best_params": {
    "k": 57.305649857603605
  },
  "best_metrics": {
    "accuracy": 0.6229331692686303,
    "accuracy_without_draws": 0.6229331692686303,
    "log_loss": 0.6374489909718267,
    "brier_score": 0.22339900464214743,
    "duration": 0.026688337326049805
  }
}