{
  "best_params": {
    "initial_rd": 203.68446842156868,
    "initial_sigma": 0.1223807140967226,
    "tau": 0.7414647751495057
  },
  "best_metrics": {
    "accuracy": 0.6269706990694455,
    "accuracy_without_draws": 0.6269706990694455,
    "log_loss": 0.6298907544239174,
    "brier_score": 0.22028782354259793,
    "duration": 0.22314453125
  }
}