{
  "best_params": {
    "initial_sigma": 5.908911356574081,
    "beta": 6.5980577904770445,
    "tau": 0.6936626455774579
  },
  "best_metrics": {
    "accuracy": 0.6254325924786588,
    "accuracy_without_draws": 0.6254325924786588,
    "log_loss": 0.6311020090486741,
    "brier_score": 0.2207875231977859,
    "duration": 0.1823887825012207
  }
}