{
  "best_params": {
    "v_0": 1.6991644256462943,
    "beta": 0.9990319317411613,
    "s": 3.3067455047170684,
    "epsilon": 0.03771434108536617
  },
  "best_metrics": {
    "accuracy": 0.624586633853726,
    "accuracy_without_draws": 0.624586633853726,
    "log_loss": 0.6319138595714642,
    "brier_score": 0.22114910678457525,
    "duration": 0.054496049880981445
  }
}