{
  "best_params": {
    "v_0": 2.913736665277616,
    "beta": 0.997096727719009,
    "s": 3.052316295445293,
    "epsilon": 0.048732896930099204
  },
  "best_metrics": {
    "accuracy": 0.6218180419903099,
    "accuracy_without_draws": 0.6218180419903099,
    "log_loss": 0.6328479466127138,
    "brier_score": 0.22167487028885685,
    "duration": 0.06948375701904297
  }
}