{
  "best_params": {
    "temperature": 0.025558568330032207,
    "prior": 49.06094998944332
  },
  "best_metrics": {
    "accuracy": 0.6318157348304237,
    "accuracy_without_draws": 0.6318157348304237,
    "log_loss": 0.6561562341958975,
    "brier_score": 0.2309437973462537,
    "duration": 0.03735637664794922
  }
}