{
  "best_params": {
    "initial_sigma": 85.96598394927753,
    "beta": 34.373917427135815,
    "kappa": 0.0006774140891688172
  },
  "best_metrics": {
    "accuracy": 0.6223563792970853,
    "accuracy_without_draws": 0.6223563792970853,
    "log_loss": 0.6332659279141178,
    "brier_score": 0.22189182527816848,
    "duration": 0.20297026634216309
  }
}