{
  "best_params": {
    "initial_sigma": 24.554601524063564,
    "beta": 30.404230292868867,
    "kappa": 0.0006423634790762874
  },
  "best_metrics": {
    "accuracy": 0.6258940244558948,
    "accuracy_without_draws": 0.6258940244558948,
    "log_loss": 0.6335142185447754,
    "brier_score": 0.22173922925052972,
    "duration": 0.23311352729797363
  }
}