{
  "best_params": {
    "temperature": 0.002899826071827697,
    "prior": 529.6005909397546
  },
  "best_metrics": {
    "accuracy": 0.5605659890964988,
    "accuracy_without_draws": 0.5623176446317527,
    "log_loss": 0.6893177237473748,
    "brier_score": 0.24093485490000593,
    "duration": 2.3007068634033203
  }
}