{
  "best_params": {
    "initial_rd": 160.77948374623296,
    "initial_sigma": 0.2066244837958883,
    "tau": 0.9929029318898597
  },
  "best_metrics": {
    "accuracy": 0.6237480546511739,
    "accuracy_without_draws": 0.6273270264163547,
    "log_loss": 0.6423066035167914,
    "brier_score": 0.2184327366825494,
    "duration": 5.624368906021118
  }
}