{
  "best_params": {
    "temperature": 0.002899826071827697
  },
  "best_metrics": {
    "accuracy": 0.5001861806238483,
    "accuracy_without_draws": 0.5001915652353305,
    "log_loss": 0.6931490044878958,
    "brier_score": 0.24297378687883275,
    "duration": 2.5300097465515137
  }
}