{
  "best_params": {
    "initial_sigma": 4.184114816547302,
    "beta": 5.147860788471235,
    "tau": 0.8303933467320773
  },
  "best_metrics": {
    "accuracy": 0.622640518632384,
    "accuracy_without_draws": 0.6261874588625937,
    "log_loss": 0.6441009172020687,
    "brier_score": 0.21902969384592877,
    "duration": 3.1953630447387695
  }
}