{
  "best_params": {
    "initial_sigma": 1.3665209422145799,
    "sigma_reduction_factor": 0.655560061131993,
    "sigma_lower_bound": 0.9052985611995714,
    "b": 0.5900923649178649
  },
  "best_metrics": {
    "accuracy": 0.6211415259172977,
    "accuracy_without_draws": 0.6246451131217274,
    "log_loss": 0.6464130606527072,
    "brier_score": 0.2200338769391415,
    "duration": 1.828902244567871
  }
}