{
  "best_params": {
    "v_0": 1.6244352646401103,
    "beta": 0.969042312360783,
    "s": 3.1548085244664144,
    "epsilon": 0.07222071265636955
  },
  "best_metrics": {
    "accuracy": 0.6191890162979654,
    "accuracy_without_draws": 0.6226361341153125,
    "log_loss": 0.6422168983473834,
    "brier_score": 0.218767748178249,
    "duration": 0.939434289932251
  }
}