{
  "best_params": {
    "v_0": 0.7370602818726255,
    "beta": 0.9518129540881288,
    "s": 1.326406287296338,
    "epsilon": 0.050662834726875564
  },
  "best_metrics": {
    "accuracy": 0.619666402512961,
    "accuracy_without_draws": 0.6231273270264164,
    "log_loss": 0.642380539859035,
    "brier_score": 0.2187572969800149,
    "duration": 1.1782286167144775
  }
}