{
  "best_params": {
    "temperature": 0.00400660037912215,
    "prior": 192.2148809598511
  },
  "best_metrics": {
    "accuracy": 0.5866646934703114,
    "accuracy_without_draws": 0.5891711610818032,
    "log_loss": 0.6855789599228278,
    "brier_score": 0.23916107141601198,
    "duration": 1.6369383335113525
  }
}