{
  "best_params": {
    "initial_sigma": 55.303936043935735,
    "beta": 40.557534637868855,
    "kappa": 0.0001962135971858346
  },
  "best_metrics": {
    "accuracy": 0.6172651498515329,
    "accuracy_without_draws": 0.6206566266835637,
    "log_loss": 0.6477975434981055,
    "brier_score": 0.22100439501029795,
    "duration": 3.1279690265655518
  }
}