{
  "best_params": {
    "initial_sigma": 15.925520572775365,
    "beta": 24.40297006623877,
    "kappa": 0.0002327509834526911
  },
  "best_metrics": {
    "accuracy": 0.6193942923704135,
    "accuracy_without_draws": 0.6228473470670871,
    "log_loss": 0.6466384929163022,
    "brier_score": 0.22035101061455012,
    "duration": 3.44661808013916
  }
}