{
  "best_params": {
    "k": 47.864847967086995
  },
  "best_metrics": {
    "accuracy": 0.7124638642718355,
    "log_loss": 0.5417337573844141,
    "brier_score": 0.18223204470121337,
    "duration": 0.6842787265777588
  }
}