{
  "best_params": {
    "k": 186.80870325720642,
    "kappa": 2.043244373195338,
    "sigma": 767.6713377309793
  },
  "best_metrics": {
    "accuracy": 0.7124164731529311,
    "log_loss": 0.5418215387791306,
    "brier_score": 0.18224544998731013,
    "duration": 0.5453832149505615
  }
}