{
  "best_params": {
    "b": 0.003162533578373136,
    "sigma": 193.83243724783557,
    "use_approx": true
  },
  "best_metrics": {
    "accuracy": 0.7125302118383015,
    "log_loss": 0.5415801681957902,
    "brier_score": 0.18223928080078447,
    "duration": 0.5287811756134033
  }
}