{
  "best_params": {
    "initial_rd": 277.1384176457922,
    "initial_sigma": 0.12879306280732927,
    "tau": 0.43957496132844437
  },
  "best_metrics": {
    "accuracy": 0.7228851713188948,
    "log_loss": 0.5320216675429104,
    "brier_score": 0.17810572255574633,
    "duration": 4.067575454711914
  }
}