{
  "best_params": {
    "initial_rating_dev": 239.05884692819808,
    "c": 24.882189280334895
  },
  "best_metrics": {
    "accuracy": 0.7222880432207004,
    "log_loss": 0.5321299946012366,
    "brier_score": 0.17823284911239493,
    "duration": 2.953089475631714
  }
}