{
  "best_params": {
    "dimension": 20,
    "eta_r": 48.38059498752403,
    "eta_c": 0.14883216065749846
  },
  "best_metrics": {
    "accuracy": 0.7129614710203308,
    "log_loss": 0.5415877423552649,
    "brier_score": 0.18216869864371307,
    "duration": 3.2460758686065674
  }
}