{
  "best_params": {
    "initial_sigma": 7.063371220973203,
    "beta": 8.013730422820437,
    "tau": 0.6877742643297916
  },
  "best_metrics": {
    "accuracy": 0.7171366285958012,
    "log_loss": 0.5364206940075497,
    "brier_score": 0.18010247313709252,
    "duration": 4.255653619766235
  }
}