{
  "best_params": {
    "v_0": 3.7626668337954885,
    "beta": 1.0000044253463756,
    "s": 3.655522952702227,
    "epsilon": 0.0526504265221193
  },
  "best_metrics": {
    "accuracy": 0.7189469693379461,
    "log_loss": 0.5389690859203268,
    "brier_score": 0.18054557938009988,
    "duration": 1.0696725845336914
  }
}