{
  "best_params": {
    "v_0": 4.484105036267547,
    "beta": 1.0016359928759424,
    "s": 3.692151041861234,
    "epsilon": 0.03454182045164516
  },
  "best_metrics": {
    "accuracy": 0.7210037438983934,
    "log_loss": 0.5377301670487825,
    "brier_score": 0.17902810118764922,
    "duration": 1.6012239456176758
  }
}