{
  "best_params": {
    "initial_sigma": 2.1410904225489147,
    "beta": 1.3392725461925339,
    "kappa": 0.0009121645287315866
  },
  "best_metrics": {
    "accuracy": 0.7139993365243353,
    "log_loss": 0.5404192217248328,
    "brier_score": 0.1816520217487492,
    "duration": 4.0903565883636475
  }
}