{
  "best_params": {
    "initial_sigma": 1.9379868362771493,
    "beta": 2.791185043830569,
    "kappa": 0.0004546798452985542
  },
  "best_metrics": {
    "accuracy": 0.7166532391829771,
    "log_loss": 0.5367447425723738,
    "brier_score": 0.1803455130054828,
    "duration": 5.026458978652954
  }
}