{
  "best_params": {
    "k": 62.602444342562265
  },
  "best_metrics": {
    "accuracy": 0.6148098096108748,
    "accuracy_without_draws": 0.6158504792844824,
    "log_loss": 0.6402813429842852,
    "brier_score": 0.22262063785797725,
    "duration": 0.10477876663208008
  }
}