{
  "best_params": {
    "initial_sigma": 4.184114816547302,
    "beta": 5.147860788471235,
    "tau": 0.8303933467320773
  },
  "best_metrics": {
    "accuracy": 0.6172741364919114,
    "accuracy_without_draws": 0.6183371435446998,
    "log_loss": 0.635977926930521,
    "brier_score": 0.22101070616375834,
    "duration": 0.7138218879699707
  }
}