{
  "best_params": {
    "initial_sigma": 1.3665209422145799,
    "sigma_reduction_factor": 0.655560061131993,
    "sigma_lower_bound": 0.9052985611995714,
    "b": 0.5900923649178649
  },
  "best_metrics": {
    "accuracy": 0.6140943598712191,
    "accuracy_without_draws": 0.615128544499258,
    "log_loss": 0.6383352452269286,
    "brier_score": 0.22200079910462173,
    "duration": 0.37591552734375
  }
}