{
  "best_params": {
    "v_0": 0.9075313654381735,
    "beta": 0.9870553304310193,
    "s": 1.70695457211663,
    "epsilon": 0.0452792085717937
  },
  "best_metrics": {
    "accuracy": 0.6159823522397552,
    "accuracy_without_draws": 0.6170336501824891,
    "log_loss": 0.6365884637582246,
    "brier_score": 0.22142355247795495,
    "duration": 0.39444899559020996
  }
}