{
  "best_params": {
    "v_0": 0.2523285358135888,
    "beta": 0.9860040527555429,
    "s": 1.4787879062574494,
    "epsilon": 0.033477692275536125
  },
  "best_metrics": {
    "accuracy": 0.6163003299018244,
    "accuracy_without_draws": 0.6173545100870332,
    "log_loss": 0.6358731655605442,
    "brier_score": 0.22111381157947313,
    "duration": 0.2837040424346924
  }
}