{
  "best_params": {
    "temperature": 0.028382263201310803,
    "prior": 42.51692868671344
  },
  "best_metrics": {
    "accuracy": 0.601891967089312,
    "accuracy_without_draws": 0.6028155456623752,
    "log_loss": 0.670688647942366,
    "brier_score": 0.23621484949678964,
    "duration": 0.025294065475463867
  }
}