{
  "best_params": {
    "initial_sigma": 46.84563499923513,
    "beta": 21.623269490390253,
    "kappa": 0.000569269176159095
  },
  "best_metrics": {
    "accuracy": 0.6163202035057037,
    "accuracy_without_draws": 0.6173745638310673,
    "log_loss": 0.6395765406570786,
    "brier_score": 0.2223245320254906,
    "duration": 0.6307461261749268
  }
}