{
  "best_params": {
    "initial_sigma": 32.69387991779701,
    "beta": 40.59981854916987,
    "kappa": 0.0008387453475240413
  },
  "best_metrics": {
    "accuracy": 0.6163996979212211,
    "accuracy_without_draws": 0.6174547788072033,
    "log_loss": 0.6385343876409818,
    "brier_score": 0.22186519545973502,
    "duration": 1.1090185642242432
  }
}