{
  "best_params": {
    "temperature": 4.865717812598246,
    "prior": 5.714637802844374
  },
  "best_metrics": {
    "accuracy": 0.6077546802337136,
    "accuracy_without_draws": 0.6087314001524085,
    "log_loss": 0.6494283992368138,
    "brier_score": 0.22682039447903132,
    "duration": 0.025228023529052734
  }
}