{
  "best_params": {
    "temperature": 0.00400660037912215,
    "prior": 192.2148809598511
  },
  "best_metrics": {
    "accuracy": 0.6356716523963477,
    "accuracy_without_draws": 0.6356716523963477,
    "log_loss": 0.6664446417651688,
    "brier_score": 0.236755443120161,
    "duration": 0.29056668281555176
  }
}