{
  "best_params": {
    "k": 45.27250585396651
  },
  "best_metrics": {
    "accuracy": 0.6253774825025757,
    "accuracy_without_draws": 0.6253774825025757,
    "log_loss": 0.6347103392628196,
    "brier_score": 0.22210692980387955,
    "duration": 0.11251592636108398
  }
}