{
  "best_params": {
    "initial_rd": 182.77122123520746,
    "initial_sigma": 0.15518350994092425,
    "tau": 0.847926596490149
  },
  "best_metrics": {
    "accuracy": 0.6329360144953281,
    "accuracy_without_draws": 0.6329360144953281,
    "log_loss": 0.6295922311890934,
    "brier_score": 0.21987699987357195,
    "duration": 2.3825533390045166
  }
}