{
  "best_params": {
    "initial_sigma": 1.9379868362771493,
    "beta": 2.791185043830569,
    "tau": 0.3787483111336956
  },
  "best_metrics": {
    "accuracy": 0.6316214871922408,
    "accuracy_without_draws": 0.6316214871922408,
    "log_loss": 0.630480866639247,
    "brier_score": 0.22020857120462436,
    "duration": 1.551436424255371
  }
}