{
  "best_params": {
    "v_0": 1.6120790098586995,
    "beta": 0.9947986451309826,
    "s": 2.788001254378883,
    "epsilon": 0.06280993825170765
  },
  "best_metrics": {
    "accuracy": 0.627597967811845,
    "accuracy_without_draws": 0.627597967811845,
    "log_loss": 0.6326917669097023,
    "brier_score": 0.2214234902880231,
    "duration": 0.5094146728515625
  }
}