{
  "best_params": {
    "v_0": 1.49210231128286,
    "beta": 0.9948915132016702,
    "s": 3.028297353003043,
    "epsilon": 0.04439170649183649
  },
  "best_metrics": {
    "accuracy": 0.6286460368778201,
    "accuracy_without_draws": 0.6286460368778201,
    "log_loss": 0.6320971993752673,
    "brier_score": 0.22115016961128103,
    "duration": 0.6012997627258301
  }
}