{
  "best_params": {
    "temperature": 0.00400660037912215,
    "prior": 192.2148809598511
  },
  "best_metrics": {
    "accuracy": 0.636506554872633,
    "accuracy_without_draws": 0.636506554872633,
    "log_loss": 0.671292545608829,
    "brier_score": 0.2392697841701077,
    "duration": 0.26985692977905273
  }
}