{
  "best_params": {
    "initial_sigma": 40.03776326283179,
    "beta": 24.261709021661822,
    "kappa": 0.00015559338358970998
  },
  "best_metrics": {
    "accuracy": 0.6241428926706221,
    "accuracy_without_draws": 0.6241428926706221,
    "log_loss": 0.6341176047113709,
    "brier_score": 0.22215582497393607,
    "duration": 1.9417002201080322
  }
}