{
  "best_params": {
    "initial_sigma": 18.69617026244579,
    "beta": 25.363080233971367,
    "kappa": 0.0004283273110331084
  },
  "best_metrics": {
    "accuracy": 0.6277667246953494,
    "accuracy_without_draws": 0.6277667246953494,
    "log_loss": 0.6318235810295353,
    "brier_score": 0.2209955714490885,
    "duration": 2.304697275161743
  }
}