{
  "best_params": {
    "temperature": 6.101484989329872,
    "prior": 5.921761620601499
  },
  "best_metrics": {
    "accuracy": 0.6225974348953708,
    "accuracy_without_draws": 0.6225974348953708,
    "log_loss": 0.6390493975822001,
    "brier_score": 0.2240337286498286,
    "duration": 0.2965989112854004
  }
}