{
  "best_params": {
    "k": 63.07698235518001
  },
  "best_metrics": {
    "accuracy": 0.7167165325569653,
    "accuracy_without_draws": 0.7167165325569653,
    "log_loss": 0.5324542367411326,
    "brier_score": 0.17877882104033277,
    "duration": 1.4343838691711426
  }
}