{
  "best_params": {
    "v_0": 3.5962623078302123,
    "beta": 0.9990971648239519,
    "s": 4.402340749299732,
    "epsilon": 0.07894512532175463
  },
  "best_metrics": {
    "accuracy": 0.7209318565151531,
    "accuracy_without_draws": 0.7209318565151531,
    "log_loss": 0.5280531985516218,
    "brier_score": 0.17744407691964528,
    "duration": 1.5830841064453125
  }
}