{
  "best_params": {
    "v_0": 2.467577192713693,
    "beta": 0.9979174466735794,
    "s": 2.872137129190005,
    "epsilon": 0.07770818786689145
  },
  "best_metrics": {
    "accuracy": 0.7195137672829626,
    "accuracy_without_draws": 0.7195137672829626,
    "log_loss": 0.5309812218772353,
    "brier_score": 0.17801397572192498,
    "duration": 1.9055941104888916
  }
}