{
  "best_params": {
    "temperature": 0.005007251532784665,
    "prior": 207.94315370325182
  },
  "best_metrics": {
    "accuracy": 0.7108266278482644,
    "accuracy_without_draws": 0.7108266278482644,
    "log_loss": 0.6339392198163014,
    "brier_score": 0.21956491104728415,
    "duration": 12.450029611587524
  }
}