{
  "best_params": {
    "initial_sigma": 33.499552077928286,
    "beta": 35.1439584580678,
    "kappa": 0.0004952184466378097
  },
  "best_metrics": {
    "accuracy": 0.7157429390973647,
    "accuracy_without_draws": 0.7157429390973647,
    "log_loss": 0.5339422859939134,
    "brier_score": 0.17966058988950162,
    "duration": 6.523241281509399
  }
}