{
  "best_params": {
    "k": 59.34543138237191
  },
  "best_metrics": {
    "accuracy": 0.629239406290856,
    "accuracy_without_draws": 0.629239406290856,
    "log_loss": 0.6306374316873773,
    "brier_score": 0.22034922602054557,
    "duration": 0.04744219779968262
  }
}