{
  "best_params": {
    "initial_rd": 203.4890141405441,
    "initial_sigma": 0.07153603045203843,
    "tau": 0.4959027419707818
  },
  "best_metrics": {
    "accuracy": 0.6333538414212105,
    "accuracy_without_draws": 0.6333538414212105,
    "log_loss": 0.6224393803143403,
    "brier_score": 0.21709372961864176,
    "duration": 0.4348735809326172
  }
}