{
  "best_params": {
    "initial_rating_dev": 238.33578690380995,
    "c": 11.1946160666585
  },
  "best_metrics": {
    "accuracy": 0.636660770591402,
    "accuracy_without_draws": 0.636660770591402,
    "log_loss": 0.6224357239293113,
    "brier_score": 0.21699549408682928,
    "duration": 0.2903909683227539
  }
}