{
  "best_params": {
    "update_method": "online",
    "variance_increase_method": "match",
    "initial_sigma": 15.1735509384664,
    "beta": 14.452844346179694,
    "tau": 0.7497538286543098
  },
  "best_metrics": {
    "accuracy": 0.6283620225927918,
    "accuracy_without_draws": 0.6283620225927918,
    "log_loss": 0.6272198567036138,
    "brier_score": 0.21921284911166647,
    "duration": 1.3981866836547852
  }
}