{
  "best_params": {
    "update_method": "online",
    "variance_increase_method": "time",
    "initial_sigma": 15.1735509384664,
    "beta": 14.452844346179694,
    "tau": 0.7497538286543098
  },
  "best_metrics": {
    "accuracy": 0.6330016137708445,
    "accuracy_without_draws": 0.6330016137708445,
    "log_loss": 0.6241990987840569,
    "brier_score": 0.21771951387854568,
    "duration": 1.3269708156585693
  }
}