{
  "best_params": {
    "v_0": 9.136907713383126,
    "beta": 0.9982967070578849,
    "s": 4.451910443137759,
    "epsilon": 0.04476801631708606
  },
  "best_metrics": {
    "accuracy": 0.6281242790125355,
    "accuracy_without_draws": 0.6281242790125355,
    "log_loss": 0.6258336849647156,
    "brier_score": 0.218591180215328,
    "duration": 0.08234190940856934
  }
}