{
  "best_params": {
    "temperature": 0.028382263201310803,
    "prior": 42.51692868671344
  },
  "best_metrics": {
    "accuracy": 0.6386603091594247,
    "accuracy_without_draws": 0.6386603091594247,
    "log_loss": 0.6534878749570501,
    "brier_score": 0.22897983743056302,
    "duration": 0.06013345718383789
  }
}