{
  "best_params": {
    "initial_sigma": 17.104532276583083,
    "beta": 20.250839603392954,
    "kappa": 0.0007620883203290766
  },
  "best_metrics": {
    "accuracy": 0.6319695454895025,
    "log_loss": 0.6260400844513596,
    "brier_score": 0.21851880713142835,
    "duration": 0.4105875492095947
  }
}