{
  "best_params": {
    "temperature": 0.002899826071827697,
    "prior": 529.6005909397546
  },
  "best_metrics": {
    "accuracy": 0.5627046793396794,
    "accuracy_without_draws": 0.5645181888734981,
    "log_loss": 0.6891980579399494,
    "brier_score": 0.24087551373451777,
    "duration": 1.7244839668273926
  }
}