{
  "best_params": {
    "k": 56.12236783822383
  },
  "best_metrics": {
    "accuracy": 0.640322904035823,
    "log_loss": 0.6331800816792161,
    "brier_score": 0.21401314568577406,
    "duration": 0.3552284240722656
  }
}