{
  "best_params": {
    "initial_rd": 195.62659205272507,
    "initial_sigma": 0.13711481513586887,
    "tau": 1.1497155310066656
  },
  "best_metrics": {
    "accuracy": 0.6452829468096279,
    "accuracy_without_draws": 0.649484738636252,
    "log_loss": 0.6252201967996819,
    "brier_score": 0.21071721219381936,
    "duration": 4.848298788070679
  }
}