{
  "best_params": {
    "initial_rating_dev": 198.71138479997805,
    "c": 23.766229136958177
  },
  "best_metrics": {
    "accuracy": 0.6452256604638285,
    "accuracy_without_draws": 0.6494257954869196,
    "log_loss": 0.6252053300670197,
    "brier_score": 0.2107055709917589,
    "duration": 3.311218738555908
  }
}