{
  "best_params": {
    "dimension": 5,
    "eta_r": 56.22318448972072,
    "eta_c": 0.06355552257554238
  },
  "best_metrics": {
    "accuracy": 0.6404327028652721,
    "log_loss": 0.6331716911853642,
    "brier_score": 0.21400552734757522,
    "duration": 2.504270553588867
  }
}