{
  "best_params": {
    "initial_sigma": 7.063371220973203,
    "beta": 8.013730422820437,
    "tau": 0.6877742643297916
  },
  "best_metrics": {
    "accuracy": 0.6412633548793645,
    "accuracy_without_draws": 0.6453488943247571,
    "log_loss": 0.6279035666051503,
    "brier_score": 0.21190827004426352,
    "duration": 3.628479242324829
  }
}