{
  "best_params": {
    "update_method": "online",
    "variance_increase_method": "match",
    "initial_sigma": 7.063371220973203,
    "beta": 8.013730422820437,
    "tau": 0.6877742643297916
  },
  "best_metrics": {
    "accuracy": 0.6374349410131853,
    "accuracy_without_draws": 0.6412504680562737,
    "log_loss": 0.6310334110468576,
    "brier_score": 0.21362848958415678,
    "duration": 10.312685012817383
  }
}