{
  "best_params": {
    "update_method": "batched",
    "variance_increase_method": "match",
    "initial_sigma": 7.873481819931918,
    "beta": 11.459731732177392,
    "tau": 0.545951417333503
  },
  "best_metrics": {
    "accuracy": 0.6357087092297016,
    "accuracy_without_draws": 0.6394763118948701,
    "log_loss": 0.633155905260789,
    "brier_score": 0.2145163825355913,
    "duration": 3.1231658458709717
  }
}