{
  "best_params": {
    "v_0": 4.510475193613456,
    "beta": 0.9914449396903812,
    "s": 3.931602214534659,
    "epsilon": 0.06831210244727269
  },
  "best_metrics": {
    "accuracy": 0.6416213945406113,
    "log_loss": 0.6255474003455948,
    "brier_score": 0.21119152107573907,
    "duration": 0.7855775356292725
  }
}