{
  "best_params": {
    "v_0": 3.5367777665164275,
    "beta": 0.9930445786413945,
    "s": 3.357244591043056,
    "epsilon": 0.06329460958740288
  },
  "best_metrics": {
    "accuracy": 0.6408337072858684,
    "log_loss": 0.6268402854316033,
    "brier_score": 0.21177278963466578,
    "duration": 0.9546184539794922
  }
}