{
  "best_params": {
    "temperature": 0.00400660037912215,
    "prior": 192.2148809598511
  },
  "best_metrics": {
    "accuracy": 0.5965322665342716,
    "accuracy_without_draws": 0.599324118554321,
    "log_loss": 0.685049258841172,
    "brier_score": 0.2388986086687687,
    "duration": 0.5849037170410156
  }
}