{
  "best_params": {
    "initial_sigma": 65.96812787673154,
    "beta": 37.886034090889865,
    "kappa": 0.00016762618516846388
  },
  "best_metrics": {
    "accuracy": 0.6353962782970679,
    "log_loss": 0.6347472028092683,
    "brier_score": 0.21498629769536906,
    "duration": 2.7919890880584717
  }
}