{
  "best_params": {
    "initial_sigma": 25.459164907452735,
    "beta": 31.448494158253595,
    "kappa": 0.0006697721539875067
  },
  "best_metrics": {
    "accuracy": 0.6385756704889389,
    "log_loss": 0.6320951784740098,
    "brier_score": 0.21367733616825715,
    "duration": 3.240579843521118
  }
}