{
  "best_params": {
    "temperature": 4.865717812598246,
    "prior": 5.714637802844374
  },
  "best_metrics": {
    "accuracy": 0.6201676580387064,
    "accuracy_without_draws": 0.6236430795830754,
    "log_loss": 0.6465323350972949,
    "brier_score": 0.22046104751227488,
    "duration": 1.6299567222595215
  }
}