{
  "best_params": {
    "temperature": 0.00400660037912215,
    "prior": 192.2148809598511
  },
  "best_metrics": {
    "accuracy": 0.6131343786882482,
    "accuracy_without_draws": 0.6136710147382687,
    "log_loss": 0.6742482017906486,
    "brier_score": 0.23948916860252337,
    "duration": 0.05307197570800781
  }
}