{
  "best_params": {
    "k": 85.20830311655133
  },
  "best_metrics": {
    "accuracy": 0.6643904906423874,
    "accuracy_without_draws": 0.6651702524140267,
    "log_loss": 0.599725592040733,
    "brier_score": 0.2049949968146088,
    "duration": 0.04733157157897949
  }
}