{
  "best_params": {
    "initial_sigma": 18.139447008601987,
    "beta": 12.90810798106491,
    "tau": 0.4964488477059843
  },
  "best_metrics": {
    "accuracy": 0.6716405327937953,
    "accuracy_without_draws": 0.672454684058953,
    "log_loss": 0.5927433324918131,
    "brier_score": 0.2027157134188148,
    "duration": 0.21522879600524902
  }
}