{
  "best_params": {
    "initial_sigma": 1.9930398917660912,
    "sigma_reduction_factor": 0.7751146483040694,
    "sigma_lower_bound": 0.8154871046841371,
    "b": 0.6217315838783082
  },
  "best_metrics": {
    "accuracy": 0.667425392008093,
    "accuracy_without_draws": 0.6682195493816704,
    "log_loss": 0.5957439013851911,
    "brier_score": 0.20408117999572217,
    "duration": 0.1669597625732422
  }
}