{
  "best_params": {
    "v_0": 5.973456638422408,
    "beta": 0.9995279753587974,
    "s": 5.056301460992634,
    "epsilon": 0.018577336958578213
  },
  "best_metrics": {
    "accuracy": 0.6679312089023773,
    "accuracy_without_draws": 0.6687277655429442,
    "log_loss": 0.5954642319670836,
    "brier_score": 0.20398358597364713,
    "duration": 0.1264970302581787
  }
}