{
  "best_params": {
    "v_0": 9.136907713383126,
    "beta": 0.9982967070578849,
    "s": 4.451910443137759,
    "epsilon": 0.04476801631708606
  },
  "best_metrics": {
    "accuracy": 0.6609340751981116,
    "accuracy_without_draws": 0.6616974419786549,
    "log_loss": 0.5987729712935141,
    "brier_score": 0.20551676442112554,
    "duration": 0.18354439735412598
  }
}