{
  "best_params": {
    "temperature": 0.028382263201310803,
    "prior": 42.51692868671344
  },
  "best_metrics": {
    "accuracy": 0.6267492834260664,
    "accuracy_without_draws": 0.627350499745892,
    "log_loss": 0.6540442129859617,
    "brier_score": 0.22801868003226447,
    "duration": 0.05561709403991699
  }
}