{
  "best_params": {
    "initial_sigma": 81.38821923406128,
    "beta": 21.918053835769665,
    "kappa": 0.00047464657595745773
  },
  "best_metrics": {
    "accuracy": 0.6613555892766818,
    "accuracy_without_draws": 0.6621209554463832,
    "log_loss": 0.6016253891222456,
    "brier_score": 0.20652874393657894,
    "duration": 0.3495004177093506
  }
}