{
  "best_params": {
    "initial_sigma": 36.05589337319738,
    "beta": 30.74532668725315,
    "kappa": 0.0009967462207171524
  },
  "best_metrics": {
    "accuracy": 0.6681841173495194,
    "accuracy_without_draws": 0.6689818736235812,
    "log_loss": 0.5969845216133309,
    "brier_score": 0.20447218990009558,
    "duration": 0.2684776782989502
  }
}