{
  "best_params": {
    "temperature": 6.101484989329872,
    "prior": 5.921761620601499
  },
  "best_metrics": {
    "accuracy": 0.6433990895295902,
    "accuracy_without_draws": 0.6440792817211587,
    "log_loss": 0.6224333326317187,
    "brier_score": 0.21572977235357818,
    "duration": 0.03670310974121094
  }
}