{
  "best_params": {
    "k": 45.27250585396651
  },
  "best_metrics": {
    "accuracy": 0.6270828152200945,
    "accuracy_without_draws": 0.6270828152200945,
    "log_loss": 0.6337564795278806,
    "brier_score": 0.22167446260294377,
    "duration": 0.1210489273071289
  }
}