{
  "best_params": {
    "temperature": 0.03920493711576993
  },
  "best_metrics": {
    "accuracy": 0.5020961381319501,
    "accuracy_without_draws": 0.5020961381319501,
    "log_loss": 0.6931134357412536,
    "brier_score": 0.24998312783285537,
    "duration": 0.3842349052429199
  }
}