{
  "best_params": {
    "initial_sigma": 7.063371220973203,
    "beta": 8.013730422820437,
    "tau": 0.6877742643297916
  },
  "best_metrics": {
    "accuracy": 0.6324563896685259,
    "accuracy_without_draws": 0.6324563896685259,
    "log_loss": 0.6303374407802111,
    "brier_score": 0.2200963800734202,
    "duration": 1.7015354633331299
  }
}