{
  "best_params": {
    "v_0": 5.337521406200287,
    "beta": 0.9991631003398695,
    "s": 6.25977417071629,
    "epsilon": 0.06423395087369241
  },
  "best_metrics": {
    "accuracy": 0.6305823000675027,
    "accuracy_without_draws": 0.6305823000675027,
    "log_loss": 0.6307263752132876,
    "brier_score": 0.22052659962760676,
    "duration": 0.5958497524261475
  }
}