{
  "best_params": {
    "v_0": 3.1717934494925197,
    "beta": 0.9984832804030622,
    "s": 4.126849267397848,
    "epsilon": 0.06873114453275292
  },
  "best_metrics": {
    "accuracy": 0.6292322449994671,
    "accuracy_without_draws": 0.6292322449994671,
    "log_loss": 0.6314287783938184,
    "brier_score": 0.22076421464821588,
    "duration": 0.584033727645874
  }
}