{
  "best_params": {
    "temperature": 0.00400660037912215,
    "prior": 192.2148809598511
  },
  "best_metrics": {
    "accuracy": 0.6371460546417025,
    "accuracy_without_draws": 0.6371460546417025,
    "log_loss": 0.6710739118075697,
    "brier_score": 0.2391625223320497,
    "duration": 0.36655402183532715
  }
}