{
  "best_params": {
    "initial_sigma": 41.99992117844501,
    "beta": 25.245062409623106,
    "kappa": 0.0005317519003825993
  },
  "best_metrics": {
    "accuracy": 0.6258126976231925,
    "accuracy_without_draws": 0.6258126976231925,
    "log_loss": 0.6332164545399507,
    "brier_score": 0.22174128139820448,
    "duration": 1.9138023853302002
  }
}