{
  "best_params": {
    "initial_sigma": 18.69617026244579,
    "beta": 25.363080233971367,
    "kappa": 0.0004283273110331084
  },
  "best_metrics": {
    "accuracy": 0.6292588908231783,
    "accuracy_without_draws": 0.6292588908231783,
    "log_loss": 0.6309042511934332,
    "brier_score": 0.22057554821562506,
    "duration": 1.9421634674072266
  }
}