{
  "best_params": {
    "temperature": 6.101484989329872,
    "prior": 5.921761620601499
  },
  "best_metrics": {
    "accuracy": 0.6231303513695954,
    "accuracy_without_draws": 0.6231303513695954,
    "log_loss": 0.6383448947499778,
    "brier_score": 0.2237159612010347,
    "duration": 0.32645201683044434
  }
}