{
  "best_params": {
    "temperature": 0.005007251532784665,
    "prior": 207.94315370325182
  },
  "best_metrics": {
    "accuracy": 0.5999300209937019,
    "accuracy_without_draws": 0.5999300209937019,
    "log_loss": 0.6811397369368704,
    "brier_score": 0.2440435256708618,
    "duration": 0.15158963203430176
  }
}