{
  "best_params": {
    "k": 49.1430678790348
  },
  "best_metrics": {
    "accuracy": 0.5817004898530441,
    "accuracy_without_draws": 0.5817004898530441,
    "log_loss": 0.6578356334597883,
    "brier_score": 0.23312982098598828,
    "duration": 0.05370950698852539
  }
}