{
  "best_params": {
    "temperature": 0.0021751450396781044
  },
  "best_metrics": {
    "accuracy": 0.4981805458362491,
    "accuracy_without_draws": 0.4981805458362491,
    "log_loss": 0.6931477477878901,
    "brier_score": 0.25000028361403565,
    "duration": 0.11431074142456055
  }
}