{
  "best_params": {
    "initial_sigma": 26.5739106543064,
    "beta": 36.33423259330324,
    "tau": 0.7244898337324716
  },
  "best_metrics": {
    "accuracy": 0.5855493351994402,
    "accuracy_without_draws": 0.5855493351994402,
    "log_loss": 0.6569592824531176,
    "brier_score": 0.2326899992150837,
    "duration": 0.39729857444763184
  }
}