{
  "best_params": {
    "initial_sigma": 1.6258269860259011,
    "sigma_reduction_factor": 0.3292931574481319,
    "sigma_lower_bound": 0.47516872638045693,
    "b": 0.43957476309629434
  },
  "best_metrics": {
    "accuracy": 0.5848845346396081,
    "accuracy_without_draws": 0.5848845346396081,
    "log_loss": 0.656249203989655,
    "brier_score": 0.23248789762080604,
    "duration": 0.19954395294189453
  }
}