{
  "best_params": {
    "v_0": 8.81599873988959,
    "beta": 0.999100225962247,
    "s": 7.329237228598173,
    "epsilon": 0.023795702733031256
  },
  "best_metrics": {
    "accuracy": 0.5861091672498251,
    "accuracy_without_draws": 0.5861091672498251,
    "log_loss": 0.657860187722713,
    "brier_score": 0.23315686807192995,
    "duration": 0.14337444305419922
  }
}