{
  "best_params": {
    "v_0": 6.527726818554582,
    "beta": 0.9995163114047,
    "s": 5.713865273439791,
    "epsilon": 0.016150692724084655
  },
  "best_metrics": {
    "accuracy": 0.5827501749475158,
    "accuracy_without_draws": 0.5827501749475158,
    "log_loss": 0.6578752457251298,
    "brier_score": 0.2331572778279696,
    "duration": 0.19072890281677246
  }
}