{
  "best_params": {
    "temperature": 0.02128939373879725,
    "prior": 43.13618181470482
  },
  "best_metrics": {
    "accuracy": 0.6004198740377886,
    "accuracy_without_draws": 0.6004198740377886,
    "log_loss": 0.6755907947555766,
    "brier_score": 0.240374392364682,
    "duration": 0.1076974868774414
  }
}