{
  "best_params": {
    "initial_sigma": 8.586869540847662,
    "beta": 5.451145660613291,
    "kappa": 0.00030051205684554873
  },
  "best_metrics": {
    "accuracy": 0.5836948915325403,
    "accuracy_without_draws": 0.5836948915325403,
    "log_loss": 0.6563998028456097,
    "brier_score": 0.23254575982791387,
    "duration": 0.4426734447479248
  }
}