{
  "best_params": {
    "initial_sigma": 16.37380416654326,
    "beta": 24.942190616944405,
    "kappa": 0.0003493049852350905
  },
  "best_metrics": {
    "accuracy": 0.5844646606018195,
    "accuracy_without_draws": 0.5844646606018195,
    "log_loss": 0.6562126301412711,
    "brier_score": 0.2324174455721736,
    "duration": 0.4914708137512207
  }
}