{
  "best_params": {
    "temperature": 0.002899826071827697,
    "prior": 529.6005909397546
  },
  "best_metrics": {
    "accuracy": 0.5971894613624465,
    "accuracy_without_draws": 0.5990563492586886,
    "log_loss": 0.6995912611980627,
    "brier_score": 0.24323889757542413,
    "duration": 4.130713224411011
  }
}