{
  "best_params": {
    "k": 36.62090456784872
  },
  "best_metrics": {
    "accuracy": 0.6306329888296089,
    "accuracy_without_draws": 0.6331422850256896,
    "log_loss": 0.6359766765084938,
    "brier_score": 0.21776614439369385,
    "duration": 0.5968165397644043
  }
}