{
  "best_params": {
    "initial_rd": 178.01358535472662,
    "initial_sigma": 0.17520334637366455,
    "tau": 0.579279350989548
  },
  "best_metrics": {
    "accuracy": 0.6387534337629336,
    "accuracy_without_draws": 0.6414187135414481,
    "log_loss": 0.6296948120516542,
    "brier_score": 0.2150236801979807,
    "duration": 6.450011491775513
  }
}