{
  "best_params": {
    "initial_sigma": 1.9379868362771493,
    "beta": 2.791185043830569,
    "tau": 0.3787483111336956
  },
  "best_metrics": {
    "accuracy": 0.6349770298171209,
    "accuracy_without_draws": 0.6375697696029353,
    "log_loss": 0.6318316335409787,
    "brier_score": 0.21600693074778216,
    "duration": 5.0257344245910645
  }
}