{
  "best_params": {
    "initial_sigma": 4.799879758090398,
    "sigma_reduction_factor": 0.10704541300021869,
    "sigma_lower_bound": 0.31182090505645965,
    "b": 0.13329979908389117
  },
  "best_metrics": {
    "accuracy": 0.6341417504396981,
    "accuracy_without_draws": 0.63671844555423,
    "log_loss": 0.6333663727607878,
    "brier_score": 0.2165903742015748,
    "duration": 3.245633125305176
  }
}