{
  "best_params": {
    "v_0": 1.49210231128286,
    "beta": 0.9948915132016702,
    "s": 3.028297353003043,
    "epsilon": 0.04439170649183649
  },
  "best_metrics": {
    "accuracy": 0.635038793433057,
    "accuracy_without_draws": 0.6376327196206212,
    "log_loss": 0.6313237877026934,
    "brier_score": 0.21595296552328938,
    "duration": 1.521714687347412
  }
}