{
  "best_params": {
    "v_0": 1.6120790098586995,
    "beta": 0.9947986451309826,
    "s": 2.788001254378883,
    "epsilon": 0.06280993825170765
  },
  "best_metrics": {
    "accuracy": 0.6322859008370441,
    "accuracy_without_draws": 0.6348269474037614,
    "log_loss": 0.6326817257572361,
    "brier_score": 0.21663354798761708,
    "duration": 2.0242178440093994
  }
}