{
  "best_params": {
    "temperature": 0.002899826071827697,
    "prior": 529.6005909397546
  },
  "best_metrics": {
    "accuracy": 0.6057481338564613,
    "accuracy_without_draws": 0.6077794231380284,
    "log_loss": 0.684010682840756,
    "brier_score": 0.23969966577345334,
    "duration": 4.318396806716919
  }
}