{
  "best_params": {
    "initial_sigma": 16.558619695382173,
    "beta": 10.21545649352156,
    "kappa": 1.0374304033328906e-05
  },
  "best_metrics": {
    "accuracy": 0.6327417751451445,
    "accuracy_without_draws": 0.6352915784866816,
    "log_loss": 0.6325809773818379,
    "brier_score": 0.21658424263344123,
    "duration": 6.396423578262329
  }
}