{
  "best_params": {
    "initial_sigma": 24.98445417280135,
    "beta": 37.40944043044736,
    "kappa": 0.0004109063959936062
  },
  "best_metrics": {
    "accuracy": 0.6338946959759534,
    "accuracy_without_draws": 0.6364666454834861,
    "log_loss": 0.6326608910621876,
    "brier_score": 0.21638626389060595,
    "duration": 7.804410219192505
  }
}