{
  "best_params": {
    "temperature": 4.865717812598246,
    "prior": 5.714637802844374
  },
  "best_metrics": {
    "accuracy": 0.6088127856567237,
    "accuracy_without_draws": 0.6109029430632078,
    "log_loss": 0.652770627187785,
    "brier_score": 0.2258206299850655,
    "duration": 1.142747402191162
  }
}