{
  "best_params": {
    "initial_sigma": 6.634983842823713,
    "beta": 11.536174705646836,
    "tau": 0.6359438110577388
  },
  "best_metrics": {
    "accuracy": 0.631426084485025,
    "log_loss": 0.6299701709546482,
    "brier_score": 0.2201696242967697,
    "duration": 1.3839447498321533
  }
}