{
  "best_params": {
    "initial_rating_dev": 212.029556759224,
    "c": 7.696987967405478
  },
  "best_metrics": {
    "accuracy": 0.6351648439180201,
    "accuracy_without_draws": 0.635592543169233,
    "log_loss": 0.6287974648428948,
    "brier_score": 0.21906994694563095,
    "duration": 3.323209285736084
  }
}