{
  "best_params": {
    "initial_rd": 213.62177221832403,
    "initial_sigma": 0.04421634943530037,
    "tau": 1.2079272904296199
  },
  "best_metrics": {
    "accuracy": 0.6352046709095688,
    "accuracy_without_draws": 0.635632496184487,
    "log_loss": 0.6287982537783912,
    "brier_score": 0.219065586108637,
    "duration": 4.920621633529663
  }
}