{
  "best_params": {
    "temperature": 0.02128939373879725
  },
  "best_metrics": {
    "accuracy": 0.4998367093346503,
    "accuracy_without_draws": 0.4998361926374584,
    "log_loss": 0.6931420961668847,
    "brier_score": 0.24920888341867242,
    "duration": 0.3742513656616211
  }
}