{
  "best_params": {
    "initial_sigma": 17.638528379205965,
    "beta": 18.02890213657208,
    "tau": 0.6331935059557428
  },
  "best_metrics": {
    "accuracy": 0.6331495981456553,
    "accuracy_without_draws": 0.6335709205973775,
    "log_loss": 0.6301418776046323,
    "brier_score": 0.21965048959618866,
    "duration": 4.111157655715942
  }
}