{
  "best_params": {
    "initial_sigma": 1.7147517225560045,
    "sigma_reduction_factor": 0.36138053912867807,
    "sigma_lower_bound": 0.5460404978932173,
    "b": 0.491148598818123
  },
  "best_metrics": {
    "accuracy": 0.6293341723552887,
    "accuracy_without_draws": 0.6297434217360384,
    "log_loss": 0.6328760912577885,
    "brier_score": 0.2208853509867059,
    "duration": 1.749870777130127
  }
}