{
  "best_params": {
    "v_0": 6.527726818554582,
    "beta": 0.9995163114047,
    "s": 5.713865273439791,
    "epsilon": 0.016150692724084655
  },
  "best_metrics": {
    "accuracy": 0.631950805700039,
    "accuracy_without_draws": 0.6323683348382303,
    "log_loss": 0.6309012353915648,
    "brier_score": 0.22008838556255006,
    "duration": 1.925337314605713
  }
}