{
  "best_params": {
    "v_0": 5.014904078735,
    "beta": 0.9995161800272212,
    "s": 4.205031216861924,
    "epsilon": 0.014482642841897245
  },
  "best_metrics": {
    "accuracy": 0.629170881689939,
    "accuracy_without_draws": 0.6295796143734967,
    "log_loss": 0.6322226220800887,
    "brier_score": 0.22071425288199567,
    "duration": 2.3066790103912354
  }
}