{
  "best_params": {
    "initial_sigma": 54.74022611200059,
    "beta": 25.241372970317954,
    "kappa": 0.0006308434235122663
  },
  "best_metrics": {
    "accuracy": 0.6298439578471121,
    "accuracy_without_draws": 0.6302548203312904,
    "log_loss": 0.6320652190575152,
    "brier_score": 0.22055019618390262,
    "duration": 4.101972341537476
  }
}