{
  "best_params": {
    "initial_sigma": 28.962184155506648,
    "beta": 36.10191818107698,
    "kappa": 0.0009243143066065263
  },
  "best_metrics": {
    "accuracy": 0.6306803246696351,
    "accuracy_without_draws": 0.6310938336516256,
    "log_loss": 0.6322889301555941,
    "brier_score": 0.2205337978227723,
    "duration": 4.6740031242370605
  }
}