{
  "best_params": {
    "temperature": 4.094363656233979,
    "prior": 5.9477401992838885
  },
  "best_metrics": {
    "accuracy": 0.6148610436264865,
    "accuracy_without_draws": 0.6152244959927126,
    "log_loss": 0.6451150881881679,
    "brier_score": 0.22638420752000324,
    "duration": 0.7598974704742432
  }
}