{
  "best_params": {
    "temperature": 0.004943997004098786,
    "prior": 216.86454892974066
  },
  "best_metrics": {
    "accuracy": 0.6356716523963477,
    "accuracy_without_draws": 0.6356716523963477,
    "log_loss": 0.6656279405076856,
    "brier_score": 0.23596539797430335,
    "duration": 0.23899459838867188
  }
}