{
  "best_params": {
    "k": 45.293737685592525
  },
  "best_metrics": {
    "accuracy": 0.6253774825025757,
    "accuracy_without_draws": 0.6253774825025757,
    "log_loss": 0.6347103326746276,
    "brier_score": 0.2221063552566926,
    "duration": 0.11447954177856445
  }
}