{
  "best_params": {
    "initial_rd": 169.11408141819896,
    "initial_sigma": 0.15649197987340813,
    "tau": 0.9739381040744445
  },
  "best_metrics": {
    "accuracy": 0.632811667318009,
    "accuracy_without_draws": 0.632811667318009,
    "log_loss": 0.6295085161501807,
    "brier_score": 0.21988362879258627,
    "duration": 0.9636883735656738
  }
}