{
  "best_params": {
    "temperature": 0.005007251532784665
  },
  "best_metrics": {
    "accuracy": 0.4994670835257754,
    "accuracy_without_draws": 0.4994670835257754,
    "log_loss": 0.6931459147719311,
    "brier_score": 0.2499993671075862,
    "duration": 0.3121621608734131
  }
}