{
  "best_params": {
    "initial_sigma": 1.7632595286655341,
    "beta": 2.522556799829072,
    "tau": 0.3390374045677047
  },
  "best_metrics": {
    "accuracy": 0.6315681955448182,
    "accuracy_without_draws": 0.6315681955448182,
    "log_loss": 0.6304771453733519,
    "brier_score": 0.22021461673700668,
    "duration": 0.775954008102417
  }
}