{
  "best_params": {
    "v_0": 1.3651959005355374,
    "beta": 0.9974752956077897,
    "s": 3.147624721706951,
    "epsilon": 0.041045149939057654
  },
  "best_metrics": {
    "accuracy": 0.6296408142963726,
    "accuracy_without_draws": 0.6296408142963726,
    "log_loss": 0.6314243095870088,
    "brier_score": 0.22081265184571366,
    "duration": 0.23778796195983887
  }
}