{
  "best_params": {
    "v_0": 1.827817313049395,
    "beta": 0.9990872301731868,
    "s": 2.97411675008669,
    "epsilon": 0.07214398189411504
  },
  "best_metrics": {
    "accuracy": 0.6296408142963726,
    "accuracy_without_draws": 0.6296408142963726,
    "log_loss": 0.632004190339443,
    "brier_score": 0.22086210690187286,
    "duration": 0.2901926040649414
  }
}