{
  "best_params": {
    "temperature": 0.005007251532784665,
    "prior": 207.94315370325182
  },
  "best_metrics": {
    "accuracy": 0.636506554872633,
    "accuracy_without_draws": 0.636506554872633,
    "log_loss": 0.6686123246881988,
    "brier_score": 0.23793824439279337,
    "duration": 0.26780009269714355
  }
}