{
  "best_params": {
    "initial_sigma": 40.866744823482925,
    "beta": 24.802432675050447,
    "kappa": 0.00014443460188572917
  },
  "best_metrics": {
    "accuracy": 0.6241961843180446,
    "accuracy_without_draws": 0.6241961843180446,
    "log_loss": 0.634117605349049,
    "brier_score": 0.22215618538081375,
    "duration": 0.8772602081298828
  }
}