{
  "best_params": {
    "initial_sigma": 17.35345381411216,
    "beta": 23.69586431457952,
    "kappa": 0.0004752661017339479
  },
  "best_metrics": {
    "accuracy": 0.627606849753082,
    "accuracy_without_draws": 0.627606849753082,
    "log_loss": 0.6318226536786408,
    "brier_score": 0.22100105340622078,
    "duration": 0.9933819770812988
  }
}