{
  "best_params": {
    "k": 34.65299418290322
  },
  "best_metrics": {
    "accuracy": 0.6211744308759234,
    "log_loss": 0.6459919508774868,
    "brier_score": 0.20740748616031934,
    "duration": 0.2984344959259033
  }
}