{
  "best_params": {
    "initial_rating_dev": 155.99772992070282,
    "c": 16.376702649514932
  },
  "best_metrics": {
    "accuracy": 0.6258254183627318,
    "log_loss": 0.6405767834196132,
    "brier_score": 0.20509401067037802,
    "duration": 1.8963854312896729
  }
}