{
  "best_params": {
    "dimension": 10,
    "eta_r": 35.375393217959875,
    "eta_c": 0.11593437869895576
  },
  "best_metrics": {
    "accuracy": 0.6207221468415498,
    "log_loss": 0.6462379225155571,
    "brier_score": 0.2074861867057363,
    "duration": 3.88407564163208
  }
}