{
  "best_params": {
    "v_0": 3.7626668337954885,
    "beta": 1.0000044253463756,
    "s": 3.655522952702227,
    "epsilon": 0.0526504265221193
  },
  "best_metrics": {
    "accuracy": 0.6252525252525253,
    "log_loss": 0.6424984224818797,
    "brier_score": 0.20572012791210448,
    "duration": 0.9444842338562012
  }
}