{
  "best_params": {
    "v_0": 9.782874481263056,
    "beta": 0.996014453832502,
    "s": 6.464514014977,
    "epsilon": 0.08447305782187306
  },
  "best_metrics": {
    "accuracy": 0.6233378561736771,
    "log_loss": 0.6427054799627541,
    "brier_score": 0.20619399738404331,
    "duration": 0.7157535552978516
  }
}