{
  "best_params": {
    "k": 65.68403130333115
  },
  "best_metrics": {
    "accuracy": 0.6275060473125333,
    "accuracy_without_draws": 0.6317992075095883,
    "log_loss": 0.6372441840102426,
    "brier_score": 0.21518310179857147,
    "duration": 0.11051011085510254
  }
}