{
  "best_params": {
    "initial_rd": 204.04090904343363,
    "initial_sigma": 0.054999544075194515,
    "tau": 0.6613931265489728
  },
  "best_metrics": {
    "accuracy": 0.6355827969332951,
    "accuracy_without_draws": 0.6401479032907422,
    "log_loss": 0.6290943307955501,
    "brier_score": 0.21179396476521326,
    "duration": 1.094376564025879
  }
}