{
  "best_params": {
    "initial_sigma": 15.79719396233813,
    "beta": 15.617150626412508,
    "tau": 0.6325879908133091
  },
  "best_metrics": {
    "accuracy": 0.633604608257144,
    "accuracy_without_draws": 0.6381031085118556,
    "log_loss": 0.6312438930909191,
    "brier_score": 0.21264179555283663,
    "duration": 0.9782953262329102
  }
}