{
  "best_params": {
    "initial_sigma": 1.8266873312394365,
    "sigma_reduction_factor": 0.35262645702340684,
    "sigma_lower_bound": 0.44038309985542734,
    "b": 0.4340964001211022
  },
  "best_metrics": {
    "accuracy": 0.6294227378951253,
    "accuracy_without_draws": 0.6337804335388723,
    "log_loss": 0.6341302223270714,
    "brier_score": 0.2140891409908235,
    "duration": 0.40281200408935547
  }
}