{
  "best_params": {
    "v_0": 5.973456638422408,
    "beta": 0.9995279753587974,
    "s": 5.056301460992634,
    "epsilon": 0.018577336958578213
  },
  "best_metrics": {
    "accuracy": 0.6324053954327415,
    "accuracy_without_draws": 0.636863517894603,
    "log_loss": 0.6316024003842162,
    "brier_score": 0.21288260223338,
    "duration": 0.5431132316589355
  }
}