{
  "best_params": {
    "v_0": 5.973456638422408,
    "beta": 0.9995279753587974,
    "s": 5.056301460992634,
    "epsilon": 0.018577336958578213
  },
  "best_metrics": {
    "accuracy": 0.6287360091837153,
    "accuracy_without_draws": 0.6330705825016422,
    "log_loss": 0.6342177733573233,
    "brier_score": 0.21416664650747153,
    "duration": 0.6906495094299316
  }
}