{
  "best_params": {
    "temperature": 0.00400660037912215,
    "prior": 192.2148809598511
  },
  "best_metrics": {
    "accuracy": 0.6074371694477472,
    "accuracy_without_draws": 0.6110546055559087,
    "log_loss": 0.6846375277819183,
    "brier_score": 0.23762244365256577,
    "duration": 0.5336744785308838
  }
}