{
  "best_params": {
    "initial_sigma": 81.9080823574995,
    "beta": 37.14208821656639,
    "kappa": 0.0003446889625217907
  },
  "best_metrics": {
    "accuracy": 0.6296482309048419,
    "accuracy_without_draws": 0.6340135189540822,
    "log_loss": 0.635088421759975,
    "brier_score": 0.21435713393528513,
    "duration": 0.9610233306884766
  }
}