{
  "best_params": {
    "initial_sigma": 8.047233622361663,
    "beta": 9.1234990704364,
    "kappa": 0.0001293624855787578
  },
  "best_metrics": {
    "accuracy": 0.6309191915050634,
    "accuracy_without_draws": 0.6353272731125379,
    "log_loss": 0.6333497295559364,
    "brier_score": 0.2135750731083022,
    "duration": 1.2070112228393555
  }
}