{
  "best_params": {
    "temperature": 0.002899826071827697,
    "prior": 529.6005909397546
  },
  "best_metrics": {
    "accuracy": 0.6009776298065328,
    "accuracy_without_draws": 0.6029172836767607,
    "log_loss": 0.6988902762007214,
    "brier_score": 0.24289247952721432,
    "duration": 0.5392663478851318
  }
}