{
  "best_params": {
    "k": 45.998572791099875
  },
  "best_metrics": {
    "accuracy": 0.6429680652694364,
    "accuracy_without_draws": 0.6457143028435423,
    "log_loss": 0.6249072975972662,
    "brier_score": 0.21291869722792411,
    "duration": 0.6920821666717529
  }
}