{
  "best_params": {
    "initial_rd": 232.56504002879646,
    "initial_sigma": 0.04808881617495958,
    "tau": 1.0408381234942115
  },
  "best_metrics": {
    "accuracy": 0.652694364217102,
    "accuracy_without_draws": 0.6556274318191356,
    "log_loss": 0.6164146406641658,
    "brier_score": 0.20917885304703146,
    "duration": 9.672358989715576
  }
}