{
  "best_params": {
    "initial_sigma": 19.21285821936006,
    "beta": 18.65078133066055,
    "tau": 0.6382341728295972
  },
  "best_metrics": {
    "accuracy": 0.6494973618112622,
    "accuracy_without_draws": 0.6523690189989149,
    "log_loss": 0.6191077450846331,
    "brier_score": 0.2103611597016608,
    "duration": 7.546605110168457
  }
}