{
  "best_params": {
    "v_0": 7.775441461272931,
    "beta": 0.9996186175579751,
    "s": 6.870585220427713,
    "epsilon": 0.02071699648504712
  },
  "best_metrics": {
    "accuracy": 0.6460091880731517,
    "accuracy_without_draws": 0.6488138418096032,
    "log_loss": 0.6203854009849467,
    "brier_score": 0.21129735911484976,
    "duration": 4.058725833892822
  }
}