{
  "best_params": {
    "v_0": 5.973456638422408,
    "beta": 0.9995279753587974,
    "s": 5.056301460992634,
    "epsilon": 0.018577336958578213
  },
  "best_metrics": {
    "accuracy": 0.6431033569995823,
    "accuracy_without_draws": 0.6458521933584733,
    "log_loss": 0.6225856913042066,
    "brier_score": 0.2123192732275375,
    "duration": 5.331250429153442
  }
}