{
  "best_params": {
    "temperature": 0.002899826071827697,
    "prior": 529.6005909397546
  },
  "best_metrics": {
    "accuracy": 0.6120862573013417,
    "accuracy_without_draws": 0.6142392940005635,
    "log_loss": 0.6832851534024094,
    "brier_score": 0.23934732815792997,
    "duration": 0.7634952068328857
  }
}