{
  "best_params": {
    "initial_sigma": 56.987675594668154,
    "beta": 28.954928438472205,
    "kappa": 0.0003060250164967178
  },
  "best_metrics": {
    "accuracy": 0.645038616965583,
    "accuracy_without_draws": 0.6478246272459667,
    "log_loss": 0.6222834504116517,
    "brier_score": 0.21209643436025172,
    "duration": 7.837097406387329
  }
}