{
  "best_params": {
    "initial_sigma": 31.737138965119037,
    "beta": 38.52073444583631,
    "kappa": 0.0006039322692124596
  },
  "best_metrics": {
    "accuracy": 0.6462974182808539,
    "accuracy_without_draws": 0.6491076085588043,
    "log_loss": 0.6208639393573308,
    "brier_score": 0.21133880913503636,
    "duration": 10.350175380706787
  }
}