{
  "best_params": {
    "temperature": 0.005007251532784665,
    "prior": 207.94315370325182
  },
  "best_metrics": {
    "accuracy": 0.6550599599578939,
    "accuracy_without_draws": 0.6550599599578939,
    "log_loss": 0.6565337475134138,
    "brier_score": 0.23196958314348232,
    "duration": 8.172984600067139
  }
}