{
  "best_params": {
    "sigma": 129.36017992327197
  },
  "best_metrics": {
    "accuracy": 0.6633016161324279,
    "accuracy_without_draws": 0.6633016161324279,
    "log_loss": 0.5965203997435774,
    "brier_score": 0.20541740397733388,
    "duration": 0.5265941619873047
  }
}