{
  "best_params": {
    "initial_sigma": 21.15157472161357,
    "beta": 31.252529971290418,
    "tau": 0.01408246132403505
  },
  "best_metrics": {
    "accuracy": 0.6633189935316146,
    "accuracy_without_draws": 0.6633189935316146,
    "log_loss": 0.596010233655122,
    "brier_score": 0.20526342356351454,
    "duration": 20.723906755447388
  }
}