{
  "best_params": {
    "initial_sigma": 5.807058439092126,
    "beta": 7.997929575867568,
    "tau": 0.39549290724219704
  },
  "best_metrics": {
    "accuracy": 0.6625143140107085,
    "accuracy_without_draws": 0.6625143140107085,
    "log_loss": 0.5987876418916989,
    "brier_score": 0.20591221531544435,
    "duration": 19.257399797439575
  }
}