{
  "best_params": {
    "initial_sigma": 7.321155712003842,
    "beta": 6.633824280574574,
    "tau": 0.5643569802119165
  },
  "best_metrics": {
    "accuracy": 0.6687320687733493,
    "accuracy_without_draws": 0.6687320687733493,
    "log_loss": 0.5921126201057468,
    "brier_score": 0.20351130587534777,
    "duration": 3.326158046722412
  }
}