{
  "best_params": {
    "initial_sigma": 11.931405781009875,
    "beta": 17.842088537115753,
    "tau": 0.5693091602096692
  },
  "best_metrics": {
    "accuracy": 0.662905047816533,
    "accuracy_without_draws": 0.662905047816533,
    "log_loss": 0.5964517291037402,
    "brier_score": 0.20536876635196766,
    "duration": 21.045997858047485
  }
}