{
  "best_params": {
    "initial_sigma": 1.805304514502242,
    "sigma_reduction_factor": 0.3108712640274073,
    "sigma_lower_bound": 0.5224542950006749,
    "b": 0.5128218643580439
  },
  "best_metrics": {
    "accuracy": 0.6673698115544181,
    "accuracy_without_draws": 0.6673698115544181,
    "log_loss": 0.5924453032675044,
    "brier_score": 0.20378684560952998,
    "duration": 1.799225091934204
  }
}