{
  "best_params": {
    "v_0": 3.9209147378530975,
    "beta": 0.9974945224103562,
    "s": 3.0847974513051715,
    "epsilon": 0.04752545816432901
  },
  "best_metrics": {
    "accuracy": 0.6650477822039671,
    "accuracy_without_draws": 0.6650477822039671,
    "log_loss": 0.5946984867847825,
    "brier_score": 0.2049026808541701,
    "duration": 1.2521681785583496
  }
}