{
  "best_params": {
    "temperature": 0.005007251532784665,
    "prior": 207.94315370325182
  },
  "best_metrics": {
    "accuracy": 0.6622035542529258,
    "accuracy_without_draws": 0.6622035542529258,
    "log_loss": 0.6626188842820663,
    "brier_score": 0.2350477420514651,
    "duration": 7.791912794113159
  }
}