{
  "best_params": {
    "initial_sigma": 80.42615883094705,
    "beta": 30.738718111862994,
    "kappa": 0.000675484734477963
  },
  "best_metrics": {
    "accuracy": 0.6665813535883094,
    "log_loss": 0.5923599938883218,
    "brier_score": 0.20385401457088548,
    "duration": 6.011950731277466
  }
}