{
  "best_params": {
    "initial_sigma": 30.52830989493257,
    "beta": 34.234976636083694,
    "kappa": 0.00034474788894845755
  },
  "best_metrics": {
    "accuracy": 0.6680096596420979,
    "accuracy_without_draws": 0.6680096596420979,
    "log_loss": 0.59265424621997,
    "brier_score": 0.203565075178191,
    "duration": 4.283331394195557
  }
}