{
  "best_params": {
    "k": 40.211100370729994
  },
  "best_metrics": {
    "accuracy": 0.6066407525708323,
    "accuracy_without_draws": 0.6069781936442743,
    "log_loss": 0.6494722647743573,
    "brier_score": 0.22820417051969888,
    "duration": 0.352628231048584
  }
}