{
  "best_params": {
    "dimension": 10,
    "eta_r": 40.19642240880754,
    "eta_c": 0.01214238173048594
  },
  "best_metrics": {
    "accuracy": 0.6068797145201246,
    "accuracy_without_draws": 0.6072179117357988,
    "log_loss": 0.6494599785031598,
    "brier_score": 0.22819920139986596,
    "duration": 3.5260345935821533
  }
}