{
  "best_params": {
    "initial_sigma": 2.0900233085515296,
    "beta": 2.745654532681546,
    "tau": 0.36658232434629856
  },
  "best_metrics": {
    "accuracy": 0.6118819846586429,
    "accuracy_without_draws": 0.6122360104517088,
    "log_loss": 0.6451445147701396,
    "brier_score": 0.22640630881557472,
    "duration": 3.2196686267852783
  }
}