{
  "best_params": {
    "initial_sigma": 1.4703261024744527,
    "sigma_reduction_factor": 0.4283326254536627,
    "sigma_lower_bound": 0.5143107181945721,
    "b": 0.4929640037997326
  },
  "best_metrics": {
    "accuracy": 0.6098587734879682,
    "accuracy_without_draws": 0.6102063972768025,
    "log_loss": 0.6466279873404548,
    "brier_score": 0.22709138877908927,
    "duration": 1.6809208393096924
  }
}