{
  "best_params": {
    "v_0": 0.8115241733556764,
    "beta": 0.9757654910003812,
    "s": 1.6937743356088433,
    "epsilon": 0.05334218214150498
  },
  "best_metrics": {
    "accuracy": 0.6103088184924688,
    "accuracy_without_draws": 0.6106578663491734,
    "log_loss": 0.6453083600676431,
    "brier_score": 0.22663695363729716,
    "duration": 1.0472710132598877
  }
}