{
  "best_params": {
    "v_0": 1.3227738235426518,
    "beta": 0.9863027981912318,
    "s": 3.054789106472834,
    "epsilon": 0.05312658068308278
  },
  "best_metrics": {
    "accuracy": 0.6112089085014696,
    "accuracy_without_draws": 0.6115608044939151,
    "log_loss": 0.6448164324369007,
    "brier_score": 0.22641586667385338,
    "duration": 0.5213541984558105
  }
}