{
  "best_params": {
    "temperature": 0.005007251532784665,
    "prior": 207.94315370325182
  },
  "best_metrics": {
    "accuracy": 0.5939757692583417,
    "accuracy_without_draws": 0.5942731347934829,
    "log_loss": 0.679916076783067,
    "brier_score": 0.2425821566403995,
    "duration": 6.04817533493042
  }
}