{
  "best_params": {
    "initial_sigma": 22.885121839478284,
    "beta": 14.465747110444125,
    "kappa": 0.0006711076985592272
  },
  "best_metrics": {
    "accuracy": 0.6104402475645795,
    "accuracy_without_draws": 0.6107897112995118,
    "log_loss": 0.6458275566937624,
    "brier_score": 0.22673177431193597,
    "duration": 3.277106761932373
  }
}