{
  "best_params": {
    "initial_sigma": 16.983282166016146,
    "beta": 27.257695991342633,
    "kappa": 0.0007405293731742578
  },
  "best_metrics": {
    "accuracy": 0.6102331472085262,
    "accuracy_without_draws": 0.6105819556201907,
    "log_loss": 0.6466013995558099,
    "brier_score": 0.22696568240181117,
    "duration": 4.1612548828125
  }
}