{
  "best_params": {
    "v_0": 8.097107949417001,
    "beta": 0.9988465909374568,
    "s": 4.4965790850960214,
    "epsilon": 0.08380439527015636
  },
  "best_metrics": {
    "accuracy": 0.7129741689043531,
    "log_loss": 0.5419158430311765,
    "brier_score": 0.18238849466782972,
    "duration": 1.1663708686828613
  }
}