{
  "best_params": {
    "temperature": 0.00400660037912215,
    "prior": 192.2148809598511
  },
  "best_metrics": {
    "accuracy": 0.6555016615410019,
    "accuracy_without_draws": 0.6555016615410019,
    "log_loss": 0.6603919840370663,
    "brier_score": 0.2339748413163629,
    "duration": 5.560187101364136
  }
}