{
  "best_params": {
    "sigma": 128.97501962538584
  },
  "best_metrics": {
    "accuracy": 0.6634976986109105,
    "accuracy_without_draws": 0.6634976986109105,
    "log_loss": 0.5960988520103457,
    "brier_score": 0.20526140442023852,
    "duration": 1.1624436378479004
  }
}