{
  "best_params": {
    "initial_rd": 268.231387275624,
    "initial_sigma": 0.04271612146034956,
    "tau": 0.29652767315266165
  },
  "best_metrics": {
    "accuracy": 0.6731428925261616,
    "accuracy_without_draws": 0.6731428925261616,
    "log_loss": 0.5890760975901983,
    "brier_score": 0.20227019207269262,
    "duration": 9.858246326446533
  }
}