{
  "best_params": {
    "temperature": 0.00400660037912215
  },
  "best_metrics": {
    "accuracy": 0.5002456191046255,
    "accuracy_without_draws": 0.5002456191046255,
    "log_loss": 0.6931462685416361,
    "brier_score": 0.2499995439907755,
    "duration": 3.065993309020996
  }
}