{
  "best_params": {
    "initial_sigma": 27.79716469979733,
    "beta": 24.62830472845215,
    "tau": 0.763590742524717
  },
  "best_metrics": {
    "accuracy": 0.6689714957997069,
    "accuracy_without_draws": 0.6689714957997069,
    "log_loss": 0.5916430106194037,
    "brier_score": 0.2033273710824127,
    "duration": 9.156465291976929
  }
}