{
  "best_params": {
    "v_0": 5.973456638422408,
    "beta": 0.9995279753587974,
    "s": 5.056301460992634,
    "epsilon": 0.018577336958578213
  },
  "best_metrics": {
    "accuracy": 0.6665070486490949,
    "accuracy_without_draws": 0.6665070486490949,
    "log_loss": 0.5935075119427531,
    "brier_score": 0.20436078664021276,
    "duration": 2.6768524646759033
  }
}