{
  "best_params": {
    "v_0": 5.973456638422408,
    "beta": 0.9995279753587974,
    "s": 5.056301460992634,
    "epsilon": 0.018577336958578213
  },
  "best_metrics": {
    "accuracy": 0.6625441185576586,
    "accuracy_without_draws": 0.6625441185576586,
    "log_loss": 0.5965738868010895,
    "brier_score": 0.2058305395116663,
    "duration": 2.878906726837158
  }
}