{
  "best_params": {
    "initial_sigma": 50.99134846694156,
    "beta": 19.424248368361024,
    "kappa": 0.0008086836859814327
  },
  "best_metrics": {
    "accuracy": 0.6668723812668992,
    "accuracy_without_draws": 0.6668723812668992,
    "log_loss": 0.5919479511718941,
    "brier_score": 0.20368119047475836,
    "duration": 8.409879684448242
  }
}