{
  "best_params": {
    "initial_sigma": 36.62789416782899,
    "beta": 40.970805664137856,
    "kappa": 0.00041626562467378153
  },
  "best_metrics": {
    "accuracy": 0.6681974860162232,
    "accuracy_without_draws": 0.6681974860162232,
    "log_loss": 0.5922159138002752,
    "brier_score": 0.20338462859048723,
    "duration": 8.560565948486328
  }
}