{
  "best_params": {
    "temperature": 0.005007251532784665,
    "prior": 207.94315370325182
  },
  "best_metrics": {
    "accuracy": 0.5776684986982933,
    "accuracy_without_draws": 0.582427703076073,
    "log_loss": 0.684290907679564,
    "brier_score": 0.23115161266804088,
    "duration": 0.0498049259185791
  }
}