{
  "best_params": {
    "k": 25.025511278276483
  },
  "best_metrics": {
    "accuracy": 0.5747468903673706,
    "accuracy_without_draws": 0.5793270706698594,
    "log_loss": 0.6734651409577502,
    "brier_score": 0.2258593202552446,
    "duration": 0.03482961654663086
  }
}