{
  "best_params": {
    "initial_rd": 85.46603235356042,
    "initial_sigma": 0.05035209880135369,
    "tau": 0.5862640156734698
  },
  "best_metrics": {
    "accuracy": 0.5768296210587215,
    "accuracy_without_draws": 0.5815374224841898,
    "log_loss": 0.6728827688754248,
    "brier_score": 0.22559651990722845,
    "duration": 0.2954087257385254
  }
}