{
  "best_params": {
    "temperature": 0.032437885689725963
  },
  "best_metrics": {
    "accuracy": 0.5052936071738502,
    "accuracy_without_draws": 0.5056179775280899,
    "log_loss": 0.6931253045724678,
    "brier_score": 0.23555458098206658,
    "duration": 0.0477292537689209
  }
}