{
  "best_params": {
    "initial_sigma": 3.347746136609641,
    "beta": 7.763101842725589,
    "tau": 0.2621809843143857
  },
  "best_metrics": {
    "accuracy": 0.5757304020827307,
    "accuracy_without_draws": 0.5803708479155154,
    "log_loss": 0.6733839206124659,
    "brier_score": 0.22583148307796352,
    "duration": 0.2508280277252197
  }
}