{
  "best_params": {
    "v_0": 6.124967513875099,
    "beta": 0.9922576593566923,
    "s": 8.66291678430855,
    "epsilon": 0.05775905415400055
  },
  "best_metrics": {
    "accuracy": 0.5770031819496674,
    "accuracy_without_draws": 0.5817216184687174,
    "log_loss": 0.6718833986427342,
    "brier_score": 0.22518396558349604,
    "duration": 0.07824230194091797
  }
}