{
  "best_params": {
    "v_0": 2.43856271131083,
    "beta": 0.9921215480859333,
    "s": 3.9166458958932022,
    "epsilon": 0.03104520627185653
  },
  "best_metrics": {
    "accuracy": 0.5767139137980908,
    "accuracy_without_draws": 0.5814146251611715,
    "log_loss": 0.6719200940523253,
    "brier_score": 0.22518735205247187,
    "duration": 0.10315513610839844
  }
}