{
  "best_params": {
    "temperature": 0.005007251532784665,
    "prior": 207.94315370325182
  },
  "best_metrics": {
    "accuracy": 0.5818050332658374,
    "accuracy_without_draws": 0.5868177073739792,
    "log_loss": 0.6854604777652741,
    "brier_score": 0.2317400798146344,
    "duration": 0.05461764335632324
  }
}