{
  "best_params": {
    "initial_sigma": 16.871608920740965,
    "beta": 23.234029711680297,
    "kappa": 0.000670775769517739
  },
  "best_metrics": {
    "accuracy": 0.5741683540642175,
    "accuracy_without_draws": 0.5787130840547676,
    "log_loss": 0.6732147443861125,
    "brier_score": 0.2257558777250779,
    "duration": 0.2687191963195801
  }
}