{
  "best_params": {
    "initial_sigma": 9.741846484365434,
    "beta": 25.1032008470917,
    "kappa": 0.00040240276566456663
  },
  "best_metrics": {
    "accuracy": 0.5735898177610645,
    "accuracy_without_draws": 0.5780990974396758,
    "log_loss": 0.6733099630531773,
    "brier_score": 0.22578218446290685,
    "duration": 0.3142993450164795
  }
}