{
  "best_params": {
    "initial_rd": 204.04090904343363,
    "initial_sigma": 0.054999544075194515,
    "tau": 0.6613931265489728
  },
  "best_metrics": {
    "accuracy": 0.6306123545691485,
    "accuracy_without_draws": 0.6306123545691485,
    "log_loss": 0.6331594317338454,
    "brier_score": 0.221042574601365,
    "duration": 0.6830804347991943
  }
}