{
  "best_params": {
    "temperature": 0.00400660037912215
  },
  "best_metrics": {
    "accuracy": 0.5025122927694333,
    "accuracy_without_draws": 0.5025122927694333,
    "log_loss": 0.6931460857482585,
    "brier_score": 0.249999452593664,
    "duration": 0.3076653480529785
  }
}