{
  "best_params": {
    "update_method": "batched",
    "variance_increase_method": "match",
    "initial_sigma": 19.737556574217304,
    "beta": 31.75526415595197,
    "tau": 0.2445906212671225
  },
  "best_metrics": {
    "accuracy": 0.6266264296179667,
    "accuracy_without_draws": 0.6266264296179667,
    "log_loss": 0.6338720863696987,
    "brier_score": 0.2215088525496297,
    "duration": 0.9960901737213135
  }
}