{
  "best_params": {
    "v_0": 7.775441461272931,
    "beta": 0.9996186175579751,
    "s": 6.870585220427713,
    "epsilon": 0.02071699648504712
  },
  "best_metrics": {
    "accuracy": 0.6253862482198995,
    "log_loss": 0.6356918804021092,
    "brier_score": 0.22246312870516832,
    "duration": 0.29592323303222656
  }
}