{
  "best_params": {
    "v_0": 5.973456638422408,
    "beta": 0.9995279753587974,
    "s": 5.056301460992634,
    "epsilon": 0.018577336958578213
  },
  "best_metrics": {
    "accuracy": 0.6232098234677701,
    "accuracy_without_draws": 0.6232098234677701,
    "log_loss": 0.6374722289625995,
    "brier_score": 0.22336689542479674,
    "duration": 0.41263818740844727
  }
}