{
  "best_params": {
    "temperature": 0.00400660037912215,
    "prior": 192.2148809598511
  },
  "best_metrics": {
    "accuracy": 0.6323991724212054,
    "accuracy_without_draws": 0.6323991724212054,
    "log_loss": 0.6762975139697246,
    "brier_score": 0.2416724937950777,
    "duration": 0.3525207042694092
  }
}