{
  "best_params": {
    "initial_sigma": 27.205980043920132,
    "beta": 13.099634562436226,
    "kappa": 0.0002974014637443307
  },
  "best_metrics": {
    "accuracy": 0.6265013300373485,
    "accuracy_without_draws": 0.6265013300373485,
    "log_loss": 0.634985878900537,
    "brier_score": 0.22201144397320863,
    "duration": 0.9667232036590576
  }
}