{
  "best_params": {
    "v_0": 6.078220257392141,
    "beta": 0.9990441500536671,
    "s": 6.835352571646655,
    "epsilon": 0.054571930749194975
  },
  "best_metrics": {
    "accuracy": 0.6322609869613103,
    "log_loss": 0.6300524150349848,
    "brier_score": 0.22019670960788343,
    "duration": 0.4461977481842041
  }
}