{
  "best_params": {
    "k": 42.467758023162204
  },
  "best_metrics": {
    "accuracy": 0.6245573054027579,
    "log_loss": 0.6438050742143387,
    "brier_score": 0.225032338182089,
    "duration": 0.05871272087097168
  }
}