{
  "best_params": {
    "initial_sigma": 62.60564724564021,
    "beta": 38.51050179859716,
    "kappa": 0.0007470136940736697
  },
  "best_metrics": {
    "accuracy": 0.6234646974606285,
    "log_loss": 0.6433816462750956,
    "brier_score": 0.22499121538098793,
    "duration": 0.2196028232574463
  }
}