{
  "best_params": {
    "k": 34.245279683180286
  },
  "best_metrics": {
    "accuracy": 0.6210085933966532,
    "log_loss": 0.6459902841762266,
    "brier_score": 0.20741590556922002,
    "duration": 0.22123169898986816
  }
}