{
  "best_params": {
    "k": 34.245279683180286
  },
  "best_metrics": {
    "accuracy": 0.6210085933966532,
    "accuracy_without_draws": 0.6313795135365174,
    "log_loss": 0.6459902841762266,
    "brier_score": 0.20741590556922002,
    "duration": 0.1459026336669922
  }
}