{
  "best_params": {
    "initial_rd": 167.38985618477778,
    "initial_sigma": 0.10412120405629707,
    "tau": 0.9595360861822632
  },
  "best_metrics": {
    "accuracy": 0.6267752148349163,
    "accuracy_without_draws": 0.6376403574819132,
    "log_loss": 0.6405003780615763,
    "brier_score": 0.20499847028491827,
    "duration": 1.1548857688903809
  }
}