{
  "best_params": {
    "temperature": 0.0021751450396781044
  },
  "best_metrics": {
    "accuracy": 0.49965324890698026,
    "accuracy_without_draws": 0.499623530952303,
    "log_loss": 0.6931492062614657,
    "brier_score": 0.2302663528173531,
    "duration": 0.08372235298156738
  }
}