{
  "best_params": {
    "initial_sigma": 7.597020493632854,
    "beta": 13.414883142993684,
    "tau": 0.4726926405997153
  },
  "best_metrics": {
    "accuracy": 0.6245745610071985,
    "accuracy_without_draws": 0.635633239325769,
    "log_loss": 0.641956344798976,
    "brier_score": 0.20498061737837228,
    "duration": 1.7650878429412842
  }
}