{
  "best_params": {
    "initial_sigma": 5.554134860132897,
    "beta": 9.892979145958526,
    "tau": 0.5222463345631705
  },
  "best_metrics": {
    "accuracy": 0.625146832926719,
    "accuracy_without_draws": 0.6362563127172558,
    "log_loss": 0.642843450981599,
    "brier_score": 0.20519748235323262,
    "duration": 1.7351276874542236
  }
}