{
  "best_params": {
    "initial_sigma": 15.536058854138574,
    "beta": 26.930381973620563,
    "tau": 0.9458603170401851
  },
  "best_metrics": {
    "accuracy": 0.624695039306045,
    "accuracy_without_draws": 0.6357644126713452,
    "log_loss": 0.641957342229872,
    "brier_score": 0.2049689340334557,
    "duration": 1.772364854812622
  }
}