{
  "best_params": {
    "v_0": 6.051821266427732,
    "beta": 0.9990989977797688,
    "s": 6.677650945689744,
    "epsilon": 0.07377961382875822
  },
  "best_metrics": {
    "accuracy": 0.6249057741595055,
    "accuracy_without_draws": 0.6356106982682423,
    "log_loss": 0.641587467749048,
    "brier_score": 0.20558049058547959,
    "duration": 0.3121020793914795
  }
}