{
  "best_params": {
    "v_0": 4.550099896156429,
    "beta": 0.9988140226012099,
    "s": 4.1639810354228945,
    "epsilon": 0.059242477144895535
  },
  "best_metrics": {
    "accuracy": 0.6238655208804462,
    "accuracy_without_draws": 0.6344812911251514,
    "log_loss": 0.6419120949371746,
    "brier_score": 0.2057245447626192,
    "duration": 0.3977375030517578
  }
}