{
  "best_params": {
    "initial_sigma": 29.380110804054684,
    "beta": 21.162342879650623,
    "kappa": 0.0010163573940165016
  },
  "best_metrics": {
    "accuracy": 0.6206090758329564,
    "accuracy_without_draws": 0.6309457557206927,
    "log_loss": 0.6451672401611457,
    "brier_score": 0.20726976129658434,
    "duration": 1.0498197078704834
  }
}