{
  "best_params": {
    "temperature": 3.7540640228684317,
    "prior": 5.983768883109784
  },
  "best_metrics": {
    "accuracy": 0.5989446705864616,
    "accuracy_without_draws": 0.6074246243493633,
    "log_loss": 0.6592015889151629,
    "brier_score": 0.21385464118147796,
    "duration": 0.07918167114257812
  }
}