{
  "best_params": {
    "k": 27.137151240312768
  },
  "best_metrics": {
    "accuracy": 0.5759618166039919,
    "accuracy_without_draws": 0.5806164425615522,
    "log_loss": 0.6717665568320809,
    "brier_score": 0.2250509790360533,
    "duration": 0.07513141632080078
  }
}