{
  "best_params": {
    "sigma": 76.97442853211817
  },
  "best_metrics": {
    "accuracy": 0.5768296210587215,
    "accuracy_without_draws": 0.5815374224841898,
    "log_loss": 0.6713605320059246,
    "brier_score": 0.22486585880782675,
    "duration": 0.07137608528137207
  }
}