{
  "best_params": {
    "initial_sigma": 15.298788888326804,
    "beta": 34.21338380826733,
    "tau": 0.3578359895901859
  },
  "best_metrics": {
    "accuracy": 0.5791148394561759,
    "accuracy_without_draws": 0.5839626696138024,
    "log_loss": 0.6716190640848023,
    "brier_score": 0.22498316379162592,
    "duration": 0.5573408603668213
  }
}