{
  "best_params": {
    "initial_sigma": 0.4060739164978644,
    "sigma_reduction_factor": 0.8685901608656237,
    "sigma_lower_bound": 5.8060810232625135,
    "b": 0.07059904390784374
  },
  "best_metrics": {
    "accuracy": 0.5733294764246456,
    "accuracy_without_draws": 0.5778228034628845,
    "log_loss": 0.6723856524007731,
    "brier_score": 0.22535808733149496,
    "duration": 0.24586081504821777
  }
}