{
  "best_params": {
    "v_0": 4.105415715488088,
    "beta": 0.9983480143155427,
    "s": 10.92301907455504,
    "epsilon": 0.03641994093460528
  },
  "best_metrics": {
    "accuracy": 0.5753543534856812,
    "accuracy_without_draws": 0.5799717566157058,
    "log_loss": 0.6717584955293835,
    "brier_score": 0.22512785784732328,
    "duration": 0.19051885604858398
  }
}