{
  "best_params": {
    "v_0": 9.591685631040999,
    "beta": 0.9990977580683102,
    "s": 8.988603276815898,
    "epsilon": 0.028171261699941337
  },
  "best_metrics": {
    "accuracy": 0.5771478160254556,
    "accuracy_without_draws": 0.5818751151224903,
    "log_loss": 0.6705732278942639,
    "brier_score": 0.22454629983823227,
    "duration": 0.2626962661743164
  }
}