{
  "best_params": {
    "temperature": 0.005007251532784665,
    "prior": 207.94315370325182
  },
  "best_metrics": {
    "accuracy": 0.5837720566965577,
    "accuracy_without_draws": 0.5889052618652914,
    "log_loss": 0.6853040158642048,
    "brier_score": 0.2316622903046634,
    "duration": 0.06848311424255371
  }
}