{
  "best_params": {
    "initial_sigma": 35.06802651062385,
    "beta": 45.2820919125202,
    "kappa": 0.0003720376510935043
  },
  "best_metrics": {
    "accuracy": 0.5773213769164015,
    "accuracy_without_draws": 0.5820593111070179,
    "log_loss": 0.6715419864327378,
    "brier_score": 0.22496168089917495,
    "duration": 0.5184919834136963
  }
}