{
  "best_params": {
    "initial_sigma": 12.085225665511826,
    "beta": 29.368410192816512,
    "kappa": 0.0003660162011967357
  },
  "best_metrics": {
    "accuracy": 0.5763957188313567,
    "accuracy_without_draws": 0.581076932522871,
    "log_loss": 0.6715613878345569,
    "brier_score": 0.22495186607953832,
    "duration": 0.6449170112609863
  }
}