{
  "best_params": {
    "k": 25.58209240529127
  },
  "best_metrics": {
    "accuracy": 0.5744865490309516,
    "log_loss": 0.6728929913431204,
    "brier_score": 0.22560270520292533,
    "duration": 0.05934333801269531
  }
}