{
  "best_params": {
    "sigma": 74.2331948289021
  },
  "best_metrics": {
    "accuracy": 0.5746601099218976,
    "log_loss": 0.6725243448805026,
    "brier_score": 0.225433648077378,
    "duration": 0.0649864673614502
  }
}