{
  "best_params": {
    "v_0": 5.345454453155093,
    "beta": 0.9970891028002759,
    "s": 6.473314812018512,
    "epsilon": 0.03851274104875001
  },
  "best_metrics": {
    "accuracy": 0.5768296210587215,
    "log_loss": 0.6714168078019348,
    "brier_score": 0.224952473286133,
    "duration": 0.18642497062683105
  }
}