{
  "best_params": {
    "initial_sigma": 17.075738010752623,
    "beta": 23.21287991848196,
    "kappa": 0.00042119648981778647
  },
  "best_metrics": {
    "accuracy": 0.5751518657795777,
    "log_loss": 0.6726892287994922,
    "brier_score": 0.22551589424642046,
    "duration": 0.4338667392730713
  }
}