{
  "best_params": {
    "initial_sigma": 16.290028056965603,
    "beta": 41.42865688322239,
    "kappa": 0.0005013584022845255
  },
  "best_metrics": {
    "accuracy": 0.5739947931732716,
    "log_loss": 0.6727473972800486,
    "brier_score": 0.22552735777104857,
    "duration": 0.5272834300994873
  }
}