{
  "best_params": {
    "k": 57.37959219854956
  },
  "best_metrics": {
    "accuracy": 0.6230100745981697,
    "accuracy_without_draws": 0.6230100745981697,
    "log_loss": 0.6374490140286544,
    "brier_score": 0.22339709847967026,
    "duration": 0.04517555236816406
  }
}