{
  "best_params": {
    "initial_rd": 204.03421430263862,
    "initial_sigma": 0.12628324026802834,
    "tau": 0.9309972372101532
  },
  "best_metrics": {
    "accuracy": 0.6269706990694455,
    "accuracy_without_draws": 0.6269706990694455,
    "log_loss": 0.6298923648099902,
    "brier_score": 0.22027649206486077,
    "duration": 0.4829261302947998
  }
}