{
  "best_params": {
    "temperature": 0.002899826071827697
  },
  "best_metrics": {
    "accuracy": 0.5018841805737138,
    "accuracy_without_draws": 0.5018841805737138,
    "log_loss": 0.6931514930565311,
    "brier_score": 0.2500021562472928,
    "duration": 0.03025341033935547
  }
}