{
  "best_params": {
    "initial_sigma": 7.063371220973203,
    "beta": 8.013730422820437,
    "tau": 0.6877742643297916
  },
  "best_metrics": {
    "accuracy": 0.6240482965469507,
    "accuracy_without_draws": 0.6240482965469507,
    "log_loss": 0.6312924304944552,
    "brier_score": 0.2209815203072628,
    "duration": 0.3793177604675293
  }
}