{
  "best_params": {
    "initial_sigma": 1.8266873312394365,
    "sigma_reduction_factor": 0.35262645702340684,
    "sigma_lower_bound": 0.44038309985542734,
    "b": 0.4340964001211022
  },
  "best_metrics": {
    "accuracy": 0.6237406752287934,
    "accuracy_without_draws": 0.6237406752287934,
    "log_loss": 0.6335381252071114,
    "brier_score": 0.2219469114308983,
    "duration": 0.16653728485107422
  }
}