{
  "best_params": {
    "v_0": 1.49210231128286,
    "beta": 0.9948915132016702,
    "s": 3.028297353003043,
    "epsilon": 0.04439170649183649
  },
  "best_metrics": {
    "accuracy": 0.6249711605014228,
    "accuracy_without_draws": 0.6249711605014228,
    "log_loss": 0.631918603341098,
    "brier_score": 0.22126927611613326,
    "duration": 0.15921640396118164
  }
}