{
  "best_params": {
    "v_0": 2.5230316242743704,
    "beta": 0.9977169563081466,
    "s": 3.1400833562477883,
    "epsilon": 0.041716084041074
  },
  "best_metrics": {
    "accuracy": 0.6222025686380066,
    "accuracy_without_draws": 0.6222025686380066,
    "log_loss": 0.6332547389707489,
    "brier_score": 0.22190827775670763,
    "duration": 0.11435127258300781
  }
}