{
  "best_params": {
    "temperature": 0.028382263201310803,
    "prior": 42.51692868671344
  },
  "best_metrics": {
    "accuracy": 0.6318157348304237,
    "accuracy_without_draws": 0.6318157348304237,
    "log_loss": 0.6564604959184769,
    "brier_score": 0.2304808570535016,
    "duration": 0.040421247482299805
  }
}