{
  "best_params": {
    "initial_sigma": 82.8372283364787,
    "beta": 33.18171127456684,
    "kappa": 0.0006470402076518977
  },
  "best_metrics": {
    "accuracy": 0.6222025686380066,
    "accuracy_without_draws": 0.6222025686380066,
    "log_loss": 0.6332659402564588,
    "brier_score": 0.22189249350555593,
    "duration": 0.4127817153930664
  }
}