{
  "best_params": {
    "initial_sigma": 25.459164907452735,
    "beta": 31.448494158253595,
    "kappa": 0.0006697721539875067
  },
  "best_metrics": {
    "accuracy": 0.6259709297854341,
    "accuracy_without_draws": 0.6259709297854341,
    "log_loss": 0.6335143885865763,
    "brier_score": 0.22173567005555775,
    "duration": 0.6016154289245605
  }
}