{
  "best_params": {
    "k": 59.27129979366801
  },
  "best_metrics": {
    "accuracy": 0.6622324506181758,
    "log_loss": 0.5979478485782616,
    "brier_score": 0.20578018766498662,
    "duration": 0.8106069564819336
  }
}