{
  "best_params": {
    "sigma": 128.97501962538584
  },
  "best_metrics": {
    "accuracy": 0.663252079506285,
    "log_loss": 0.5965207767464195,
    "brier_score": 0.2054225493046739,
    "duration": 1.3796296119689941
  }
}