{
  "best_params": {
    "initial_rd": 277.94191169558724,
    "initial_sigma": 0.09468655965508868,
    "tau": 0.6183045766728905
  },
  "best_metrics": {
    "accuracy": 0.6731243162913579,
    "log_loss": 0.5896285007118132,
    "brier_score": 0.20252456265606422,
    "duration": 9.674798965454102
  }
}