{
  "best_params": {
    "dimension": 5,
    "eta_r": 59.95671295475239,
    "eta_c": 0.15361771686718667
  },
  "best_metrics": {
    "accuracy": 0.662304691531301,
    "log_loss": 0.5980484177533563,
    "brier_score": 0.20578884177296475,
    "duration": 10.57753300666809
  }
}