{
  "best_params": {
    "initial_sigma": 1.8266873312394365,
    "sigma_reduction_factor": 0.35262645702340684,
    "sigma_lower_bound": 0.44038309985542734,
    "b": 0.4340964001211022
  },
  "best_metrics": {
    "accuracy": 0.6648186753080559,
    "log_loss": 0.5937281030587414,
    "brier_score": 0.20461364731659212,
    "duration": 4.173012733459473
  }
}