{
  "best_params": {
    "v_0": 6.2399362637971905,
    "beta": 0.9978318206890862,
    "s": 3.4779367244066948,
    "epsilon": 0.041767051370434044
  },
  "best_metrics": {
    "accuracy": 0.6656628619785754,
    "log_loss": 0.594840268741632,
    "brier_score": 0.20502162551349268,
    "duration": 2.983194351196289
  }
}