{
  "best_params": {
    "v_0": 7.49150944643998,
    "beta": 0.9940330010526633,
    "s": 4.753629417215739,
    "epsilon": 0.09657128894400303
  },
  "best_metrics": {
    "accuracy": 0.6656009411958967,
    "log_loss": 0.5940839188225727,
    "brier_score": 0.20491073530694137,
    "duration": 2.297565221786499
  }
}