{
  "best_params": {
    "k": 38.60170788800441
  },
  "best_metrics": {
    "accuracy": 0.6087316611452911,
    "accuracy_without_draws": 0.6087573964497042,
    "log_loss": 0.6444650309483458,
    "brier_score": 0.22693804945217352,
    "duration": 0.01390528678894043
  }
}