{
  "best_params": {
    "initial_sigma": 1.9379868362771493,
    "beta": 2.791185043830569,
    "tau": 0.3787483111336956
  },
  "best_metrics": {
    "accuracy": 0.6077851396119262,
    "accuracy_without_draws": 0.6078106508875739,
    "log_loss": 0.6476162043627595,
    "brier_score": 0.22827108979456165,
    "duration": 0.11554384231567383
  }
}