{
  "best_params": {
    "initial_sigma": 0.30532168530348375,
    "sigma_reduction_factor": 0.2746542148260101,
    "sigma_lower_bound": 1.1728296629876327,
    "b": 0.4319157424158428
  },
  "best_metrics": {
    "accuracy": 0.6084950307619499,
    "accuracy_without_draws": 0.6085207100591716,
    "log_loss": 0.6451120880529929,
    "brier_score": 0.22723902431760412,
    "duration": 0.05042624473571777
  }
}