{
  "best_params": {
    "v_0": 0.2523285358135888,
    "beta": 0.9860040527555429,
    "s": 1.4787879062574494,
    "epsilon": 0.033477692275536125
  },
  "best_metrics": {
    "accuracy": 0.6094415522953147,
    "accuracy_without_draws": 0.6094674556213018,
    "log_loss": 0.6471532411575149,
    "brier_score": 0.22822927499535228,
    "duration": 0.039237022399902344
  }
}