{
  "best_params": {
    "v_0": 0.9274556624883321,
    "beta": 0.9976057444737653,
    "s": 4.319519642501123,
    "epsilon": 0.06947830284376522
  },
  "best_metrics": {
    "accuracy": 0.6056554661618552,
    "accuracy_without_draws": 0.6056804733727811,
    "log_loss": 0.6462455222611563,
    "brier_score": 0.22776388572558504,
    "duration": 0.03135037422180176
  }
}