{
  "best_params": {
    "temperature": 0.028382263201310803,
    "prior": 42.51692868671344
  },
  "best_metrics": {
    "accuracy": 0.6025792711784194,
    "accuracy_without_draws": 0.602603550295858,
    "log_loss": 0.6803055251884973,
    "brier_score": 0.23993799823059517,
    "duration": 0.004072427749633789
  }
}