{
  "best_params": {
    "initial_sigma": 32.41617236864367,
    "beta": 30.333074846262285,
    "kappa": 0.0008762264810165502
  },
  "best_metrics": {
    "accuracy": 0.6122811168954093,
    "accuracy_without_draws": 0.6123076923076923,
    "log_loss": 0.6453577787091993,
    "brier_score": 0.22731842915169614,
    "duration": 0.12190914154052734
  }
}