{
  "best_params": {
    "initial_sigma": 21.64747213157476,
    "beta": 40.71839515799412,
    "kappa": 0.00031400833562477884
  },
  "best_metrics": {
    "accuracy": 0.6132276384287743,
    "accuracy_without_draws": 0.6132544378698225,
    "log_loss": 0.6444762592773726,
    "brier_score": 0.22695516273850663,
    "duration": 0.149064302444458
  }
}