{
  "best_params": {
    "k": 59.21553231734354
  },
  "best_metrics": {
    "accuracy": 0.6290086903022379,
    "accuracy_without_draws": 0.6290086903022379,
    "log_loss": 0.6306373198023243,
    "brier_score": 0.22035252977325356,
    "duration": 0.12037086486816406
  }
}