{
  "best_params": {
    "initial_rd": 220.14293551398978,
    "initial_sigma": 0.06253712498766847,
    "tau": 0.5381096345362145
  },
  "best_metrics": {
    "accuracy": 0.6348919480119972,
    "accuracy_without_draws": 0.6348919480119972,
    "log_loss": 0.6223116375786911,
    "brier_score": 0.2170270609110893,
    "duration": 0.22125005722045898
  }
}