{
  "best_params": {
    "dimension": 1,
    "eta_r": 59.12976044051517,
    "eta_c": 0.39036375720042593
  },
  "best_metrics": {
    "accuracy": 0.6287779743136199,
    "accuracy_without_draws": 0.6287779743136199,
    "log_loss": 0.6305378692195364,
    "brier_score": 0.22032234427324965,
    "duration": 0.17464756965637207
  }
}