{
  "best_params": {
    "initial_sigma": 18.50063506825086,
    "beta": 26.9350876104845,
    "tau": 0.013542132804487537
  },
  "best_metrics": {
    "accuracy": 0.6277904787520172,
    "accuracy_without_draws": 0.6277904787520172,
    "log_loss": 0.6296365171255262,
    "brier_score": 0.22021542992199045,
    "duration": 0.5153169631958008
  }
}