{
  "best_params": {
    "initial_sigma": 11.931405781009875,
    "beta": 17.842088537115753,
    "tau": 0.5693091602096692
  },
  "best_metrics": {
    "accuracy": 0.6283284023668639,
    "accuracy_without_draws": 0.6283284023668639,
    "log_loss": 0.6304057473900179,
    "brier_score": 0.22016138480493333,
    "duration": 0.49602437019348145
  }
}