{
  "best_params": {
    "v_0": 6.772861252883212,
    "beta": 0.9990999815693757,
    "s": 5.393839348173537,
    "epsilon": 0.021338073217164844
  },
  "best_metrics": {
    "accuracy": 0.629354764285165,
    "log_loss": 0.6247100748608602,
    "brier_score": 0.21816719471350235,
    "duration": 0.09527373313903809
  }
}