{
  "best_params": {
    "initial_sigma": 23.224446528467972,
    "beta": 8.763140750968818,
    "kappa": 0.0007723315859179503
  },
  "best_metrics": {
    "accuracy": 0.6304314388987157,
    "accuracy_without_draws": 0.6304314388987157,
    "log_loss": 0.6259202169270619,
    "brier_score": 0.2186729128977562,
    "duration": 0.20297670364379883
  }
}