{
  "best_params": {
    "temperature": 5.007502270229051,
    "prior": 5.996478847728249
  },
  "best_metrics": {
    "accuracy": 0.6273167730523725,
    "accuracy_without_draws": 0.6273167730523725,
    "log_loss": 0.6298475414578175,
    "brier_score": 0.2201135363238886,
    "duration": 0.12596702575683594
  }
}