{
  "best_params": {
    "temperature": 0.0021751450396781044,
    "prior": 537.3141495775875
  },
  "best_metrics": {
    "accuracy": 0.6001305859308366,
    "accuracy_without_draws": 0.6020539691484961,
    "log_loss": 0.6888892982576924,
    "brier_score": 0.24109211922701396,
    "duration": 0.6461431980133057
  }
}