{
  "best_params": {
    "k": 42.22903843195632
  },
  "best_metrics": {
    "accuracy": 0.6397798862373016,
    "accuracy_without_draws": 0.6424648828829909,
    "log_loss": 0.6283890555748908,
    "brier_score": 0.21441196585973638,
    "duration": 0.684809684753418
  }
}