{
  "best_params": {
    "initial_rd": 203.41008615218624,
    "initial_sigma": 0.10681257694005875,
    "tau": 1.2500063488123079
  },
  "best_metrics": {
    "accuracy": 0.6478326853055534,
    "log_loss": 0.6206593175815257,
    "brier_score": 0.21104974381997824,
    "duration": 4.952644348144531
  }
}