{
  "best_params": {
    "initial_rating_dev": 205.4823080368624,
    "c": 18.3441211170626
  },
  "best_metrics": {
    "accuracy": 0.6477973918107327,
    "accuracy_without_draws": 0.6506363947026061,
    "log_loss": 0.6206612780937442,
    "brier_score": 0.2110458062996253,
    "duration": 3.7857258319854736
  }
}