{
  "best_params": {
    "initial_rd": 203.73068903338262,
    "initial_sigma": 0.10630662690972895,
    "tau": 0.5091406160533387
  },
  "best_metrics": {
    "accuracy": 0.6477738628141856,
    "accuracy_without_draws": 0.6506124137434877,
    "log_loss": 0.6206608644161361,
    "brier_score": 0.2110509999692063,
    "duration": 5.388918161392212
  }
}