{
  "best_params": {
    "dimension": 1,
    "eta_r": 42.218647193057286,
    "eta_c": 0.07265548574903846
  },
  "best_metrics": {
    "accuracy": 0.6396181243860403,
    "log_loss": 0.6283812313317547,
    "brier_score": 0.21440857235610383,
    "duration": 3.7624096870422363
  }
}