{
  "best_params": {
    "temperature": 0.005007251532784665
  },
  "best_metrics": {
    "accuracy": 0.501485267907037,
    "accuracy_without_draws": 0.5015137980443528,
    "log_loss": 0.6931446229246722,
    "brier_score": 0.24528703962489834,
    "duration": 0.672731876373291
  }
}