{
  "best_params": {
    "initial_sigma": 7.3307978409274845,
    "beta": 10.003154488531884,
    "tau": 0.5191563507912436
  },
  "best_metrics": {
    "accuracy": 0.6445244522778992,
    "accuracy_without_draws": 0.6472344705320817,
    "log_loss": 0.6259978874118806,
    "brier_score": 0.2129839254446657,
    "duration": 4.967400312423706
  }
}