{
  "best_params": {
    "initial_sigma": 7.775248025260338,
    "beta": 8.349112878816584,
    "tau": 0.6604121381872683
  },
  "best_metrics": {
    "accuracy": 0.6454033164120633,
    "log_loss": 0.62301448737904,
    "brier_score": 0.21204569348824792,
    "duration": 4.054040431976318
  }
}