{
  "best_params": {
    "initial_sigma": 15.462952458296712,
    "beta": 23.44911957749984,
    "tau": 0.7494930269108478
  },
  "best_metrics": {
    "accuracy": 0.6427507697113025,
    "accuracy_without_draws": 0.6454275291497148,
    "log_loss": 0.624371565989705,
    "brier_score": 0.21279125018749942,
    "duration": 5.432362794876099
  }
}