{
  "best_params": {
    "v_0": 8.70384232637188,
    "beta": 0.9991002849670958,
    "s": 6.797119481526222,
    "epsilon": 0.09180171022180966
  },
  "best_metrics": {
    "accuracy": 0.644556272536367,
    "accuracy_without_draws": 0.6473330175840383,
    "log_loss": 0.6231753679806236,
    "brier_score": 0.21224063859734524,
    "duration": 1.458012342453003
  }
}