{
  "best_params": {
    "initial_sigma": 30.136542840871037,
    "beta": 39.34704263318477,
    "kappa": 0.0007601960846807922
  },
  "best_metrics": {
    "accuracy": 0.643085710252172,
    "log_loss": 0.6244669313255382,
    "brier_score": 0.2128325612025035,
    "duration": 5.051929712295532
  }
}