{
  "best_params": {
    "temperature": 4.3544309821906095,
    "prior": 5.971370871695716
  },
  "best_metrics": {
    "accuracy": 0.6160832455897837,
    "accuracy_without_draws": 0.6183130594308119,
    "log_loss": 0.6468075220828855,
    "brier_score": 0.22316152457781488,
    "duration": 1.2032692432403564
  }
}