{
  "best_params": {
    "k": 30.220402629223848
  },
  "best_metrics": {
    "accuracy": 0.614947987336047,
    "accuracy_without_draws": 0.6247994893115527,
    "log_loss": 0.6496521795207293,
    "brier_score": 0.20911304383689533,
    "duration": 0.1404423713684082
  }
}