{
  "best_params": {
    "initial_rd": 146.77907641569325,
    "initial_sigma": 0.1277568415650392,
    "tau": 0.5510736863850173
  },
  "best_metrics": {
    "accuracy": 0.6207598371777476,
    "accuracy_without_draws": 0.6311094379153436,
    "log_loss": 0.6448860071879973,
    "brier_score": 0.20701173779604232,
    "duration": 1.1225934028625488
  }
}