{
  "best_params": {
    "initial_sigma": 2.2190097705599103,
    "beta": 3.212459255911735,
    "tau": 0.3187468152220873
  },
  "best_metrics": {
    "accuracy": 0.6201567917985829,
    "accuracy_without_draws": 0.6304547091367401,
    "log_loss": 0.646352442748272,
    "brier_score": 0.20761478709962433,
    "duration": 0.9348671436309814
  }
}