{
  "best_params": {
    "initial_sigma": 4.257990029671712,
    "sigma_reduction_factor": 0.11024515878489408,
    "sigma_lower_bound": 0.2740548758157192,
    "b": 0.12817694840233904
  },
  "best_metrics": {
    "accuracy": 0.6160711593547414,
    "accuracy_without_draws": 0.6260189216617016,
    "log_loss": 0.6481338450428241,
    "brier_score": 0.20851502231588567,
    "duration": 0.5036501884460449
  }
}