{
  "best_params": {
    "v_0": 1.4223542399732718,
    "beta": 0.9953441683918806,
    "s": 3.654941435435358,
    "epsilon": 0.04192382023209263
  },
  "best_metrics": {
    "accuracy": 0.6185436454093171,
    "accuracy_without_draws": 0.6287033096539758,
    "log_loss": 0.6456268722635946,
    "brier_score": 0.2075386954210852,
    "duration": 0.28542041778564453
  }
}