{
  "best_params": {
    "v_0": 1.5475304242070593,
    "beta": 0.996093726937828,
    "s": 2.9508171545670145,
    "epsilon": 0.052266870391088426
  },
  "best_metrics": {
    "accuracy": 0.6179858284335896,
    "accuracy_without_draws": 0.6280976855337677,
    "log_loss": 0.6460527231431253,
    "brier_score": 0.20770884558459557,
    "duration": 0.3551654815673828
  }
}