{
  "best_params": {
    "initial_sigma": 5.59754005261945,
    "beta": 9.723749019915513,
    "kappa": 0.0008868152167747222
  },
  "best_metrics": {
    "accuracy": 0.6164782149856777,
    "accuracy_without_draws": 0.6264608635872589,
    "log_loss": 0.6483603553119472,
    "brier_score": 0.2086094543192201,
    "duration": 1.2004632949829102
  }
}