{
  "best_params": {
    "k": 47.3545505915672
  },
  "best_metrics": {
    "accuracy": 0.7124541431867176,
    "accuracy_without_draws": 0.7136012776151185,
    "log_loss": 0.5418564063136444,
    "brier_score": 0.18226157023550335,
    "duration": 0.21790480613708496
  }
}