{
  "best_params": {
    "initial_rating_dev": 259.38624173005087,
    "c": 23.25281909675755
  },
  "best_metrics": {
    "accuracy": 0.7226608297719451,
    "accuracy_without_draws": 0.7238630746416214,
    "log_loss": 0.532165826344511,
    "brier_score": 0.17819256887470886,
    "duration": 1.3205478191375732
  }
}