{
  "best_params": {
    "temperature": 0.0021751450396781044
  },
  "best_metrics": {
    "accuracy": 0.500349835482773,
    "accuracy_without_draws": 0.5003517244001673,
    "log_loss": 0.6931481463607388,
    "brier_score": 0.2486578710474841,
    "duration": 0.16343903541564941
  }
}