{
  "best_params": {
    "initial_sigma": 5.938133057899067,
    "beta": 7.487056704579797,
    "tau": 0.7761460852406971
  },
  "best_metrics": {
    "accuracy": 0.7180042358458455,
    "accuracy_without_draws": 0.7191813376934484,
    "log_loss": 0.5358883065921826,
    "brier_score": 0.17976897894911129,
    "duration": 1.6647961139678955
  }
}