{
  "best_params": {
    "initial_sigma": 7.45222072308752,
    "beta": 15.82828841670684,
    "tau": 0.5932671796939827
  },
  "best_metrics": {
    "accuracy": 0.6824746463252133,
    "accuracy_without_draws": 0.6844690736617945,
    "log_loss": 0.5816442804984596,
    "brier_score": 0.19699704068996401,
    "duration": 3.257237195968628
  }
}