{
  "best_params": {
    "initial_sigma": 14.073913037936613,
    "beta": 25.492953738357095,
    "tau": 0.803842641607287
  },
  "best_metrics": {
    "accuracy": 0.682969352174711,
    "accuracy_without_draws": 0.6849691865905204,
    "log_loss": 0.5812996165907534,
    "brier_score": 0.19690657750291454,
    "duration": 3.5727732181549072
  }
}