{
  "best_params": {
    "v_0": 6.444681612901387,
    "beta": 0.9995163431237442,
    "s": 5.2990268637193605,
    "epsilon": 0.062307939797877854
  },
  "best_metrics": {
    "accuracy": 0.7161888733406452,
    "accuracy_without_draws": 0.7173561732385262,
    "log_loss": 0.5386719769220228,
    "brier_score": 0.1810326473857225,
    "duration": 0.5905067920684814
  }
}