{
  "best_params": {
    "initial_sigma": 36.243270624029506,
    "beta": 11.623801496892899,
    "kappa": 0.0003100021057055161
  },
  "best_metrics": {
    "accuracy": 0.713205816724027,
    "accuracy_without_draws": 0.7143570097722347,
    "log_loss": 0.5462951900305233,
    "brier_score": 0.18343428930178157,
    "duration": 1.7270588874816895
  }
}