{
  "best_params": {
    "temperature": 5.9818326896718474,
    "prior": 3.9894109208650104
  },
  "best_metrics": {
    "accuracy": 0.6981439809386937,
    "accuracy_without_draws": 0.6992138484353018,
    "log_loss": 0.5679296882047906,
    "brier_score": 0.19198561760913022,
    "duration": 0.1504378318786621
  }
}